INSERT INTO cnae (num_cnae, id_risco, descricao) VALUES('01113', 3, 'Cultivo de cereais')#
INSERT INTO cnae (num_cnae, id_risco, descricao) VALUES('01121', 3, 'Cultivo de algodão herbáceo e de outras fibras de lavoura temporária')#
INSERT INTO cnae (num_cnae, id_risco, descricao) VALUES('01130', 3, 'Cultivo de cana-de-açúcar')#
INSERT INTO cnae (num_cnae, id_risco, descricao) VALUES('01148', 3, 'Cultivo de fumo')#
INSERT INTO cnae (num_cnae, id_risco, descricao) VALUES('01156', 3, 'Cultivo de soja')#
INSERT INTO cnae (num_cnae, id_risco, descricao) VALUES('01164', 3, 'Cultivo de oleaginosas de lavoura temporária, exceto soja')#
INSERT INTO cnae (num_cnae, id_risco, descricao) VALUES('01199', 3, 'Cultivo de plantas de lavoura temporária não especificadas anteriormente')#
INSERT INTO cnae (num_cnae, id_risco, descricao) VALUES('01211', 3, 'Horticultura')#
INSERT INTO cnae (num_cnae, id_risco, descricao) VALUES('01229', 3, 'Cultivo de flores e plantas ornamentais')#
INSERT INTO cnae (num_cnae, id_risco, descricao) VALUES('01318', 3, 'Cultivo de laranja')#
INSERT INTO cnae (num_cnae, id_risco, descricao) VALUES('01326', 3, 'Cultivo de uva')#
INSERT INTO cnae (num_cnae, id_risco, descricao) VALUES('01334', 3, 'Cultivo de frutas de lavoura permanente, exceto laranja e uva')#
INSERT INTO cnae (num_cnae, id_risco, descricao) VALUES('01342', 3, 'Cultivo de café')#
INSERT INTO cnae (num_cnae, id_risco, descricao) VALUES('01351', 3, 'Cultivo de cacau')#
INSERT INTO cnae (num_cnae, id_risco, descricao) VALUES('01393', 3, 'Cultivo de plantas de lavoura permanente não especificadas anteriormente')#
INSERT INTO cnae (num_cnae, id_risco, descricao) VALUES('01415', 3, 'Produção de sementes certificadas')#
INSERT INTO cnae (num_cnae, id_risco, descricao) VALUES('01423', 3, 'Produção de mudas e outras formas de propagação vegetal, certificadas')#
INSERT INTO cnae (num_cnae, id_risco, descricao) VALUES('01512', 3, 'Criação de bovinos')#
INSERT INTO cnae (num_cnae, id_risco, descricao) VALUES('01521', 3, 'Criação de outros animais de grande porte')#
INSERT INTO cnae (num_cnae, id_risco, descricao) VALUES('01539', 3, 'Criação de caprinos e ovinos')#
INSERT INTO cnae (num_cnae, id_risco, descricao) VALUES('01547', 3, 'Criação de suínos')#
INSERT INTO cnae (num_cnae, id_risco, descricao) VALUES('01555', 3, 'Criação de aves')#
INSERT INTO cnae (num_cnae, id_risco, descricao) VALUES('01598', 3, 'Criação de animais não especificados anteriormente')#
INSERT INTO cnae (num_cnae, id_risco, descricao) VALUES('01610', 3, 'Atividades de apoio à agricultura')#
INSERT INTO cnae (num_cnae, id_risco, descricao) VALUES('01628', 3, 'Atividades de apoio à pecuária')#
INSERT INTO cnae (num_cnae, id_risco, descricao) VALUES('01636', 3, 'Atividades de pós-colheita')#
INSERT INTO cnae (num_cnae, id_risco, descricao) VALUES('01709', 3, 'Caça e serviços relacionados')#
INSERT INTO cnae (num_cnae, id_risco, descricao) VALUES('02101', 3, 'Produção florestal - florestas plantadas')#
INSERT INTO cnae (num_cnae, id_risco, descricao) VALUES('02209', 4, 'Produção florestal - florestas nativas')#
INSERT INTO cnae (num_cnae, id_risco, descricao) VALUES('02306', 3, 'Atividades de apoio à produção florestal')#
INSERT INTO cnae (num_cnae, id_risco, descricao) VALUES('03116', 3, 'Pesca em água salgada')#
INSERT INTO cnae (num_cnae, id_risco, descricao) VALUES('03124', 3, 'Pesca em água doce')#
INSERT INTO cnae (num_cnae, id_risco, descricao) VALUES('03213', 3, 'Aquicultura em água salgada e salobra')#
INSERT INTO cnae (num_cnae, id_risco, descricao) VALUES('03221', 3, 'Aquicultura em água doce')#
INSERT INTO cnae (num_cnae, id_risco, descricao) VALUES('05003', 4, 'Extração de carvão mineral')#
INSERT INTO cnae (num_cnae, id_risco, descricao) VALUES('06000', 4, 'Extração de petróleo e gás natural')#
INSERT INTO cnae (num_cnae, id_risco, descricao) VALUES('07103', 4, 'Extração de minério de ferro')#
INSERT INTO cnae (num_cnae, id_risco, descricao) VALUES('07219', 4, 'Extração de minério de alumínio')#
INSERT INTO cnae (num_cnae, id_risco, descricao) VALUES('07227', 4, 'Extração de minério de estanho')#
INSERT INTO cnae (num_cnae, id_risco, descricao) VALUES('07235', 4, 'Extração de minério de manganês')#
INSERT INTO cnae (num_cnae, id_risco, descricao) VALUES('07243', 4, 'Extração de minério de metais preciosos')#
INSERT INTO cnae (num_cnae, id_risco, descricao) VALUES('07251', 4, 'Extração de minerais radioativos')#
INSERT INTO cnae (num_cnae, id_risco, descricao) VALUES('07294', 4, 'Extração de minerais metálicos não ferrosos não especificados anteriormente')#
INSERT INTO cnae (num_cnae, id_risco, descricao) VALUES('08100', 4, 'Extração de pedra, areia e argila')#
INSERT INTO cnae (num_cnae, id_risco, descricao) VALUES('08916', 4, 'Extração de minerais para fabricação de adubos, fertilizantes e outros produtos químicos')#
INSERT INTO cnae (num_cnae, id_risco, descricao) VALUES('08924', 4, 'Extração e refino de sal marinho e sal-gema')#
INSERT INTO cnae (num_cnae, id_risco, descricao) VALUES('08932', 4, 'Extração de gemas (pedras preciosas e semipreciosas)')#
INSERT INTO cnae (num_cnae, id_risco, descricao) VALUES('08991', 4, 'Extração de minerais não metálicos não especificados anteriormente')#
INSERT INTO cnae (num_cnae, id_risco, descricao) VALUES('09106', 4, 'Atividades de apoio à extração de petróleo e gás natural')#
INSERT INTO cnae (num_cnae, id_risco, descricao) VALUES('09904', 4, 'Atividades de apoio à extração de minerais, exceto petróleo e gás natural')#
INSERT INTO cnae (num_cnae, id_risco, descricao) VALUES('10112', 3, 'Abate de reses, exceto suínos')#
INSERT INTO cnae (num_cnae, id_risco, descricao) VALUES('10121', 3, 'Abate de suínos, aves e outros pequenos animais')#
INSERT INTO cnae (num_cnae, id_risco, descricao) VALUES('10139', 3, 'Fabricação de produtos de carne')#
INSERT INTO cnae (num_cnae, id_risco, descricao) VALUES('10201', 3, 'Preservação do pescado e fabricação de produtos do pescado')#
INSERT INTO cnae (num_cnae, id_risco, descricao) VALUES('10317', 3, 'Fabricação de conservas de frutas')#
INSERT INTO cnae (num_cnae, id_risco, descricao) VALUES('10325', 3, 'Fabricação de conservas de legumes e outros vegetais')#
INSERT INTO cnae (num_cnae, id_risco, descricao) VALUES('10333', 3, 'Fabricação de sucos de frutas, hortaliças e legumes')#
INSERT INTO cnae (num_cnae, id_risco, descricao) VALUES('10414', 3, 'Fabricação de óleos vegetais em bruto, exceto óleo de milho')#
INSERT INTO cnae (num_cnae, id_risco, descricao) VALUES('10422', 3, 'Fabricação de óleos vegetais refinados, exceto óleo de milho')#
INSERT INTO cnae (num_cnae, id_risco, descricao) VALUES('10431', 3, 'Fabricação de margarina e outras gorduras vegetais e de óleos não comestíveis de animais')#
INSERT INTO cnae (num_cnae, id_risco, descricao) VALUES('10511', 3, 'Preparação do leite')#
INSERT INTO cnae (num_cnae, id_risco, descricao) VALUES('10520', 3, 'Fabricação de laticínios')#
INSERT INTO cnae (num_cnae, id_risco, descricao) VALUES('10538', 3, 'Fabricação de sorvetes e outros gelados comestíveis')#
INSERT INTO cnae (num_cnae, id_risco, descricao) VALUES('10619', 3, 'Beneficiamento de arroz e fabricação de produtos do arroz')#
INSERT INTO cnae (num_cnae, id_risco, descricao) VALUES('10627', 3, 'Moagem de trigo e fabricação de derivados')#
INSERT INTO cnae (num_cnae, id_risco, descricao) VALUES('10635', 3, 'Fabricação de farinha de mandioca e derivados')#
INSERT INTO cnae (num_cnae, id_risco, descricao) VALUES('10643', 3, 'Fabricação de farinha de milho e derivados, exceto óleos de milho')#
INSERT INTO cnae (num_cnae, id_risco, descricao) VALUES('10651', 3, 'Fabricação de amidos e féculas de vegetais e de óleos de milho')#
INSERT INTO cnae (num_cnae, id_risco, descricao) VALUES('10660', 3, 'Fabricação de alimentos para animais')#
INSERT INTO cnae (num_cnae, id_risco, descricao) VALUES('10694', 3, 'Moagem e fabricação de produtos de origem vegetal não especificados')#
INSERT INTO cnae (num_cnae, id_risco, descricao) VALUES('10716', 3, 'Fabricação de açúcar em bruto')#
INSERT INTO cnae (num_cnae, id_risco, descricao) VALUES('10724', 3, 'Fabricação de açúcar refinado')#
INSERT INTO cnae (num_cnae, id_risco, descricao) VALUES('10813', 3, 'Torrefação e moagem de café')#
INSERT INTO cnae (num_cnae, id_risco, descricao) VALUES('10821', 3, 'Fabricação de produtos à base de café')#
INSERT INTO cnae (num_cnae, id_risco, descricao) VALUES('10911', 3, 'Fabricação de produtos de panificação')#
INSERT INTO cnae (num_cnae, id_risco, descricao) VALUES('10929', 3, 'Fabricação de biscoitos e bolachas')#
INSERT INTO cnae (num_cnae, id_risco, descricao) VALUES('10937', 3, 'Fabricação de produtos derivados do cacau, de chocolates e confeitos')#
INSERT INTO cnae (num_cnae, id_risco, descricao) VALUES('10945', 3, 'Fabricação de massas alimentícias')#
INSERT INTO cnae (num_cnae, id_risco, descricao) VALUES('10953', 3, 'Fabricação de especiarias, molhos, temperos e condimentos')#
INSERT INTO cnae (num_cnae, id_risco, descricao) VALUES('10961', 3, 'Fabricação de alimentos e pratos prontos')#
INSERT INTO cnae (num_cnae, id_risco, descricao) VALUES('10996', 3, 'Fabricação de produtos alimentícios não especificados anteriormente')#
INSERT INTO cnae (num_cnae, id_risco, descricao) VALUES('11119', 3, 'Fabricação de aguardentes e outras bebidas destiladas')#
INSERT INTO cnae (num_cnae, id_risco, descricao) VALUES('11127', 3, 'Fabricação de vinho')#
INSERT INTO cnae (num_cnae, id_risco, descricao) VALUES('11135', 3, 'Fabricação de malte, cervejas e chopes')#
INSERT INTO cnae (num_cnae, id_risco, descricao) VALUES('11216', 3, 'Fabricação de águas envasadas')#
INSERT INTO cnae (num_cnae, id_risco, descricao) VALUES('11224', 3, 'Fabricação de refrigerantes e de outras bebidas não alcoólicas')#
INSERT INTO cnae (num_cnae, id_risco, descricao) VALUES('12107', 3, 'Processamento industrial do fumo')#
INSERT INTO cnae (num_cnae, id_risco, descricao) VALUES('12204', 3, 'Fabricação de produtos do fumo')#
INSERT INTO cnae (num_cnae, id_risco, descricao) VALUES('13111', 3, 'Preparação e fiação de fibras de algodão')#
INSERT INTO cnae (num_cnae, id_risco, descricao) VALUES('13120', 3, 'Preparação e fiação de fibras têxteis naturais, exceto algodão')#
INSERT INTO cnae (num_cnae, id_risco, descricao) VALUES('13138', 3, 'Fiação de fibras artificiais e sintéticas')#
INSERT INTO cnae (num_cnae, id_risco, descricao) VALUES('13146', 3, 'Fabricação de linhas para costurar e bordar')#
INSERT INTO cnae (num_cnae, id_risco, descricao) VALUES('13219', 3, 'Tecelagem de fios de algodão')#
INSERT INTO cnae (num_cnae, id_risco, descricao) VALUES('13227', 3, 'Tecelagem de fios de fibras têxteis naturais, exceto algodão')#
INSERT INTO cnae (num_cnae, id_risco, descricao) VALUES('13235', 3, 'Tecelagem de fios de fibras artificiais e sintéticas')#
INSERT INTO cnae (num_cnae, id_risco, descricao) VALUES('13308', 3, 'Fabricação de tecidos de malha')#
INSERT INTO cnae (num_cnae, id_risco, descricao) VALUES('13405', 3, 'Acabamentos em fios, tecidos e artefatos têxteis')#
INSERT INTO cnae (num_cnae, id_risco, descricao) VALUES('13511', 3, 'Fabricação de artefatos têxteis para uso doméstico')#
INSERT INTO cnae (num_cnae, id_risco, descricao) VALUES('13529', 3, 'Fabricação de artefatos de tapeçaria')#
INSERT INTO cnae (num_cnae, id_risco, descricao) VALUES('13537', 3, 'Fabricação de artefatos de cordoaria')#
INSERT INTO cnae (num_cnae, id_risco, descricao) VALUES('13545', 3, 'Fabricação de tecidos especiais, inclusive artefatos')#
INSERT INTO cnae (num_cnae, id_risco, descricao) VALUES('13596', 3, 'Fabricação de outros produtos têxteis não especificados anteriormente')#
INSERT INTO cnae (num_cnae, id_risco, descricao) VALUES('14118', 2, 'Confecção de roupas íntimas')#
INSERT INTO cnae (num_cnae, id_risco, descricao) VALUES('14126', 2, 'Confecção de peças do vestuário, exceto roupas íntimas')#
INSERT INTO cnae (num_cnae, id_risco, descricao) VALUES('14134', 2, 'Confecção de roupas profissionais')#
INSERT INTO cnae (num_cnae, id_risco, descricao) VALUES('14142', 2, 'Fabricação de acessórios do vestuário, exceto para segurança e proteção')#
INSERT INTO cnae (num_cnae, id_risco, descricao) VALUES('14215', 2, 'Fabricação de meias')#
INSERT INTO cnae (num_cnae, id_risco, descricao) VALUES('14223', 2, 'Fabricação de artigos do vestuário, produzidos em malharias e tricotagens, exceto meias')#
INSERT INTO cnae (num_cnae, id_risco, descricao) VALUES('15106', 3, 'Curtimento e outras preparações de couro')#
INSERT INTO cnae (num_cnae, id_risco, descricao) VALUES('15211', 2, 'Fabricação de artigos para viagem, bolsas e semelhantes de qualquer material')#
INSERT INTO cnae (num_cnae, id_risco, descricao) VALUES('15297', 2, 'Fabricação de artefatos de couro não especificados anteriormente')#
INSERT INTO cnae (num_cnae, id_risco, descricao) VALUES('15319', 3, 'Fabricação de calçados de couro')#
INSERT INTO cnae (num_cnae, id_risco, descricao) VALUES('15327', 3, 'Fabricação de tênis de qualquer material')#
INSERT INTO cnae (num_cnae, id_risco, descricao) VALUES('15335', 3, 'Fabricação de calçados de material sintético')#
INSERT INTO cnae (num_cnae, id_risco, descricao) VALUES('15394', 3, 'Fabricação de calçados de materiais não especificados anteriormente')#
INSERT INTO cnae (num_cnae, id_risco, descricao) VALUES('15408', 3, 'Fabricação de partes para calçados, de qualquer material')#
INSERT INTO cnae (num_cnae, id_risco, descricao) VALUES('16102', 3, 'Desdobramento de madeira')#
INSERT INTO cnae (num_cnae, id_risco, descricao) VALUES('16218', 3, 'Fabricação de madeira laminada e de chapas de madeira compensada, prensada e aglomerada')#
INSERT INTO cnae (num_cnae, id_risco, descricao) VALUES('16226', 3, 'Fabricação de estruturas de madeira e de artigos de carpintaria para construção')#
INSERT INTO cnae (num_cnae, id_risco, descricao) VALUES('16234', 3, 'Fabricação de artefatos de tanoaria e de embalagens de madeira')#
INSERT INTO cnae (num_cnae, id_risco, descricao) VALUES('16293', 3, 'Fabricação de artefatos de madeira, palha, cortiça, vime e material trançado não especificados anteriormente, exceto móveis')#
INSERT INTO cnae (num_cnae, id_risco, descricao) VALUES('17109', 3, 'Fabricação de celulose e outras pastas para a fabricação de papel')#
INSERT INTO cnae (num_cnae, id_risco, descricao) VALUES('17214', 3, 'Fabricação de papel')#
INSERT INTO cnae (num_cnae, id_risco, descricao) VALUES('17222', 3, 'Fabricação de cartolina e papel-cartão')#
INSERT INTO cnae (num_cnae, id_risco, descricao) VALUES('17311', 2, 'Fabricação de embalagens de papel')#
INSERT INTO cnae (num_cnae, id_risco, descricao) VALUES('17320', 2, 'Fabricação de embalagens de cartolina e papel-cartão')#
INSERT INTO cnae (num_cnae, id_risco, descricao) VALUES('17338', 2, 'Fabricação de chapas e de embalagens de papelão ondulado')#
INSERT INTO cnae (num_cnae, id_risco, descricao) VALUES('17419', 2, 'Fabricação de produtos de papel, cartolina, papel-cartão e papelão ondulado para uso comercial e de escritório')#
INSERT INTO cnae (num_cnae, id_risco, descricao) VALUES('17427', 2, 'Fabricação de produtos de papel para usos doméstico e higiênico-sanitário')#
INSERT INTO cnae (num_cnae, id_risco, descricao) VALUES('17494', 2, 'Fabricação de produtos de pastas celulósicas, papel, cartolina, papel-cartão e papelão ondulado não especificados anteriormente')#
INSERT INTO cnae (num_cnae, id_risco, descricao) VALUES('18113', 3, 'Impressão de jornais, livros, revistas e outras publicações periódicas')#
INSERT INTO cnae (num_cnae, id_risco, descricao) VALUES('18121', 3, 'Impressão de material de segurança')#
INSERT INTO cnae (num_cnae, id_risco, descricao) VALUES('18130', 3, 'Impressão de materiais para outros usos')#
INSERT INTO cnae (num_cnae, id_risco, descricao) VALUES('18211', 3, 'Serviços de pré-impressão')#
INSERT INTO cnae (num_cnae, id_risco, descricao) VALUES('18229', 3, 'Serviços de acabamentos gráficos')#
INSERT INTO cnae (num_cnae, id_risco, descricao) VALUES('18300', 3, 'Reprodução de materiais gravados em qualquer suporte')#
INSERT INTO cnae (num_cnae, id_risco, descricao) VALUES('19101', 3, 'Coquerias')#
INSERT INTO cnae (num_cnae, id_risco, descricao) VALUES('19217', 3, 'Fabricação de produtos do refino de petróleo')#
INSERT INTO cnae (num_cnae, id_risco, descricao) VALUES('19225', 3, 'Fabricação de produtos derivados do petróleo, exceto produtos do refino')#
INSERT INTO cnae (num_cnae, id_risco, descricao) VALUES('19314', 3, 'Fabricação de álcool')#
INSERT INTO cnae (num_cnae, id_risco, descricao) VALUES('19322', 3, 'Fabricação de biocombustíveis, exceto álcool')#
INSERT INTO cnae (num_cnae, id_risco, descricao) VALUES('20118', 3, 'Fabricação de cloro e álcalis')#
INSERT INTO cnae (num_cnae, id_risco, descricao) VALUES('20126', 3, 'Fabricação de intermediários para fertilizantes')#
INSERT INTO cnae (num_cnae, id_risco, descricao) VALUES('20134', 3, 'Fabricação de adubos e fertilizantes')#
INSERT INTO cnae (num_cnae, id_risco, descricao) VALUES('20142', 3, 'Fabricação de gases industriais')#
INSERT INTO cnae (num_cnae, id_risco, descricao) VALUES('20193', 3, 'Fabricação de produtos químicos inorgânicos não especificados anteriormente')#
INSERT INTO cnae (num_cnae, id_risco, descricao) VALUES('20215', 3, 'Fabricação de produtos petroquímicos básicos')#
INSERT INTO cnae (num_cnae, id_risco, descricao) VALUES('20223', 3, 'Fabricação de intermediários para plastificantes, resinas e fibras')#
INSERT INTO cnae (num_cnae, id_risco, descricao) VALUES('20291', 3, 'Fabricação de produtos químicos orgânicos não especificados anteriormente')#
INSERT INTO cnae (num_cnae, id_risco, descricao) VALUES('20312', 3, 'Fabricação de resinas termoplásticas')#
INSERT INTO cnae (num_cnae, id_risco, descricao) VALUES('20321', 3, 'Fabricação de resinas termofixas')#
INSERT INTO cnae (num_cnae, id_risco, descricao) VALUES('20339', 3, 'Fabricação de elastômeros')#
INSERT INTO cnae (num_cnae, id_risco, descricao) VALUES('20401', 3, 'Fabricação de fibras artificiais e sintéticas')#
INSERT INTO cnae (num_cnae, id_risco, descricao) VALUES('20517', 3, 'Fabricação de defensivos agrícolas')#
INSERT INTO cnae (num_cnae, id_risco, descricao) VALUES('20525', 3, 'Fabricação de desinfetantes domissanitários')#
INSERT INTO cnae (num_cnae, id_risco, descricao) VALUES('20614', 3, 'Fabricação de sabões e detergentes sintéticos')#
INSERT INTO cnae (num_cnae, id_risco, descricao) VALUES('20622', 3, 'Fabricação de produtos de limpeza e polimento')#
INSERT INTO cnae (num_cnae, id_risco, descricao) VALUES('20631', 2, 'Fabricação de cosméticos, produtos de perfumaria e de higiene pessoal')#
INSERT INTO cnae (num_cnae, id_risco, descricao) VALUES('20711', 3, 'Fabricação de tintas, vernizes, esmaltes e lacas')#
INSERT INTO cnae (num_cnae, id_risco, descricao) VALUES('20720', 3, 'Fabricação de tintas de impressão')#
INSERT INTO cnae (num_cnae, id_risco, descricao) VALUES('20738', 3, 'Fabricação de impermeabilizantes, solventes e produtos afins')#
INSERT INTO cnae (num_cnae, id_risco, descricao) VALUES('20916', 3, 'Fabricação de adesivos e selantes')#
INSERT INTO cnae (num_cnae, id_risco, descricao) VALUES('20924', 4, 'Fabricação de explosivos')#
INSERT INTO cnae (num_cnae, id_risco, descricao) VALUES('20932', 3, 'Fabricação de aditivos de uso industrial')#
INSERT INTO cnae (num_cnae, id_risco, descricao) VALUES('20941', 3, 'Fabricação de catalisadores')#
INSERT INTO cnae (num_cnae, id_risco, descricao) VALUES('20991', 3, 'Fabricação de produtos químicos não especificados anteriormente')#
INSERT INTO cnae (num_cnae, id_risco, descricao) VALUES('21106', 3, 'Fabricação de produtos farmoquímicos')#
INSERT INTO cnae (num_cnae, id_risco, descricao) VALUES('21211', 3, 'Fabricação de medicamentos para uso humano')#
INSERT INTO cnae (num_cnae, id_risco, descricao) VALUES('21220', 3, 'Fabricação de medicamentos para uso veterinário')#
INSERT INTO cnae (num_cnae, id_risco, descricao) VALUES('21238', 3, 'Fabricação de preparações farmacêuticas')#
INSERT INTO cnae (num_cnae, id_risco, descricao) VALUES('22111', 3, 'Fabricação de pneumáticos e de câmaras de ar')#
INSERT INTO cnae (num_cnae, id_risco, descricao) VALUES('22129', 3, 'Reforma de pneumáticos usados')#
INSERT INTO cnae (num_cnae, id_risco, descricao) VALUES('22196', 3, 'Fabricação de artefatos de borracha não especificados anteriormente')#
INSERT INTO cnae (num_cnae, id_risco, descricao) VALUES('22218', 3, 'Fabricação de laminados planos e tubulares de material plástico')#
INSERT INTO cnae (num_cnae, id_risco, descricao) VALUES('22226', 3, 'Fabricação de embalagens de material plástico')#
INSERT INTO cnae (num_cnae, id_risco, descricao) VALUES('22234', 3, 'Fabricação de tubos e acessórios de material plástico para uso na construção')#
INSERT INTO cnae (num_cnae, id_risco, descricao) VALUES('22293', 3, 'Fabricação de artefatos de material plástico não especificados anteriormente')#
INSERT INTO cnae (num_cnae, id_risco, descricao) VALUES('23117', 3, 'Fabricação de vidro plano e de segurança')#
INSERT INTO cnae (num_cnae, id_risco, descricao) VALUES('23125', 3, 'Fabricação de embalagens de vidro')#
INSERT INTO cnae (num_cnae, id_risco, descricao) VALUES('23192', 3, 'Fabricação de artigos de vidro')#
INSERT INTO cnae (num_cnae, id_risco, descricao) VALUES('23206', 4, 'Fabricação de cimento')#
INSERT INTO cnae (num_cnae, id_risco, descricao) VALUES('23303', 4, 'Fabricação de artefatos de concreto, cimento, fibrocimento, gesso e materiais semelhantes')#
INSERT INTO cnae (num_cnae, id_risco, descricao) VALUES('23419', 4, 'Fabricação de produtos cerâmicos refratários')#
INSERT INTO cnae (num_cnae, id_risco, descricao) VALUES('23427', 3, 'Fabricação de produtos cerâmicos não-refratários para uso estrutural na construção')#
INSERT INTO cnae (num_cnae, id_risco, descricao) VALUES('23494', 4, 'Fabricação de produtos cerâmicos não refratários não especificados anteriormente')#
INSERT INTO cnae (num_cnae, id_risco, descricao) VALUES('23915', 3, 'Aparelhamento e outros trabalhos em pedras')#
INSERT INTO cnae (num_cnae, id_risco, descricao) VALUES('23923', 4, 'Fabricação de cal e gesso')#
INSERT INTO cnae (num_cnae, id_risco, descricao) VALUES('23991', 3, 'Fabricação de produtos de minerais não metálicos não especificados anteriormente')#
INSERT INTO cnae (num_cnae, id_risco, descricao) VALUES('24113', 4, 'Produção de ferro-gusa')#
INSERT INTO cnae (num_cnae, id_risco, descricao) VALUES('24121', 4, 'Produção de ferroligas')#
INSERT INTO cnae (num_cnae, id_risco, descricao) VALUES('24211', 4, 'Produção de semi-acabados de aço')#
INSERT INTO cnae (num_cnae, id_risco, descricao) VALUES('24229', 4, 'Produção de laminados planos de aço')#
INSERT INTO cnae (num_cnae, id_risco, descricao) VALUES('24237', 4, 'Produção de laminados longos de aço')#
INSERT INTO cnae (num_cnae, id_risco, descricao) VALUES('24245', 4, 'Produção de relaminados, trefilados e perfilados de aço')#
INSERT INTO cnae (num_cnae, id_risco, descricao) VALUES('24318', 4, 'Produção de tubos de aço com costura')#
INSERT INTO cnae (num_cnae, id_risco, descricao) VALUES('24393', 4, 'Produção de outros tubos de ferro e aço')#
INSERT INTO cnae (num_cnae, id_risco, descricao) VALUES('24415', 4, 'Metalurgia do alumínio e suas ligas')#
INSERT INTO cnae (num_cnae, id_risco, descricao) VALUES('24423', 4, 'Metalurgia dos metais preciosos')#
INSERT INTO cnae (num_cnae, id_risco, descricao) VALUES('24431', 4, 'Metalurgia do cobre')#
INSERT INTO cnae (num_cnae, id_risco, descricao) VALUES('24491', 4, 'Metalurgia dos metais não-ferrosos e suas ligas não especificados anteriormente')#
INSERT INTO cnae (num_cnae, id_risco, descricao) VALUES('24512', 4, 'Fundição de ferro e aço')#
INSERT INTO cnae (num_cnae, id_risco, descricao) VALUES('24521', 4, 'Fundição de metais não-ferrosos e suas ligas')#
INSERT INTO cnae (num_cnae, id_risco, descricao) VALUES('25110', 4, 'Fabricação de estruturas metálicas')#
INSERT INTO cnae (num_cnae, id_risco, descricao) VALUES('25128', 3, 'Fabricação de esquadrias de metal')#
INSERT INTO cnae (num_cnae, id_risco, descricao) VALUES('25136', 3, 'Fabricação de obras de caldeiraria pesada')#
INSERT INTO cnae (num_cnae, id_risco, descricao) VALUES('25217', 3, 'Fabricação de tanques, reservatórios metálicos e caldeiras para aquecimento central')#
INSERT INTO cnae (num_cnae, id_risco, descricao) VALUES('25225', 3, 'Fabricação de caldeiras geradoras de vapor, exceto para aquecimento central e para veículos')#
INSERT INTO cnae (num_cnae, id_risco, descricao) VALUES('25314', 4, 'Produção de forjados de aço e de metais não-ferrosos e suas ligas')#
INSERT INTO cnae (num_cnae, id_risco, descricao) VALUES('25322', 4, 'Produção de artefatos estampados de metal; metalurgia do pó')#
INSERT INTO cnae (num_cnae, id_risco, descricao) VALUES('25390', 4, 'Serviços de usinagem, solda, tratamento e revestimento em metais')#
INSERT INTO cnae (num_cnae, id_risco, descricao) VALUES('25411', 3, 'Fabricação de artigos de cutelaria')#
INSERT INTO cnae (num_cnae, id_risco, descricao) VALUES('25420', 3, 'Fabricação de artigos de serralheria, exceto esquadrias')#
INSERT INTO cnae (num_cnae, id_risco, descricao) VALUES('25438', 3, 'Fabricação de ferramentas')#
INSERT INTO cnae (num_cnae, id_risco, descricao) VALUES('25501', 4, 'Fabricação de equipamento bélico pesado, armas de fogo e munições')#
INSERT INTO cnae (num_cnae, id_risco, descricao) VALUES('25918', 3, 'Fabricação de embalagens metálicas')#
INSERT INTO cnae (num_cnae, id_risco, descricao) VALUES('25926', 4, 'Fabricação de produtos de trefilados de metal')#
INSERT INTO cnae (num_cnae, id_risco, descricao) VALUES('25934', 3, 'Fabricação de artigos de metal para uso doméstico e pessoal')#
INSERT INTO cnae (num_cnae, id_risco, descricao) VALUES('25993', 3, 'Fabricação de produtos de metal não especificados anteriormente')#
INSERT INTO cnae (num_cnae, id_risco, descricao) VALUES('26108', 3, 'Fabricação de componentes eletrônicos')#
INSERT INTO cnae (num_cnae, id_risco, descricao) VALUES('26213', 3, 'Fabricação de equipamentos de informática')#
INSERT INTO cnae (num_cnae, id_risco, descricao) VALUES('26221', 3, 'Fabricação de periféricos para equipamentos de informática')#
INSERT INTO cnae (num_cnae, id_risco, descricao) VALUES('26311', 3, 'Fabricação de equipamentos transmissores de comunicação')#
INSERT INTO cnae (num_cnae, id_risco, descricao) VALUES('26329', 3, 'Fabricação de aparelhos telefônicos e de outros equipamentos de comunicação')#
INSERT INTO cnae (num_cnae, id_risco, descricao) VALUES('26400', 3, 'Fabricação de aparelhos de recepção, reprodução, gravação e amplificação de áudio e vídeo')#
INSERT INTO cnae (num_cnae, id_risco, descricao) VALUES('26515', 3, 'Fabricação de aparelhos e equipamentos de medida, teste e controle')#
INSERT INTO cnae (num_cnae, id_risco, descricao) VALUES('26523', 3, 'Fabricação de cronômetros e relógios')#
INSERT INTO cnae (num_cnae, id_risco, descricao) VALUES('26604', 3, 'Fabricação de aparelhos eletromédicos e eletroterapêuticos e equipamentos de irradiação')#
INSERT INTO cnae (num_cnae, id_risco, descricao) VALUES('26701', 3, 'Fabricação de equipamentos e instrumentos ópticos, fotográficos e cinematográficos')#
INSERT INTO cnae (num_cnae, id_risco, descricao) VALUES('26809', 3, 'Fabricação de mídias virgens, magnéticas e ópticas')#
INSERT INTO cnae (num_cnae, id_risco, descricao) VALUES('27104', 3, 'Fabricação de geradores, transformadores e motores elétricos')#
INSERT INTO cnae (num_cnae, id_risco, descricao) VALUES('27210', 3, 'Fabricação de pilhas, baterias e acumuladores elétricos, exceto para veículos automotores')#
INSERT INTO cnae (num_cnae, id_risco, descricao) VALUES('27228', 3, 'Fabricação de baterias e acumuladores para veículos automotores')#
INSERT INTO cnae (num_cnae, id_risco, descricao) VALUES('27317', 3, 'Fabricação de aparelhos e equipamentos para distribuição e controle de energia elétrica')#
INSERT INTO cnae (num_cnae, id_risco, descricao) VALUES('27325', 3, 'Fabricação de material elétrico para instalações em circuito de consumo')#
INSERT INTO cnae (num_cnae, id_risco, descricao) VALUES('27333', 3, 'Fabricação de fios, cabos e condutores elétricos isolados')#
INSERT INTO cnae (num_cnae, id_risco, descricao) VALUES('27406', 3, 'Fabricação de lâmpadas e outros equipamentos de iluminação')#
INSERT INTO cnae (num_cnae, id_risco, descricao) VALUES('27511', 3, 'Fabricação de fogões, refrigeradores e máquinas de lavar e secar para uso doméstico')#
INSERT INTO cnae (num_cnae, id_risco, descricao) VALUES('27597', 3, 'Fabricação de aparelhos eletrodomésticos não especificados anteriormente')#
INSERT INTO cnae (num_cnae, id_risco, descricao) VALUES('27902', 3, 'Fabricação de equipamentos e aparelhos elétricos não especificados anteriormente')#
INSERT INTO cnae (num_cnae, id_risco, descricao) VALUES('28119', 3, 'Fabricação de motores e turbinas, exceto para aviões e veículos rodoviários')#
INSERT INTO cnae (num_cnae, id_risco, descricao) VALUES('28127', 3, 'Fabricação de equipamentos hidráulicos e pneumáticos, exceto válvulas')#
INSERT INTO cnae (num_cnae, id_risco, descricao) VALUES('28135', 3, 'Fabricação de válvulas, registros e dispositivos semelhantes')#
INSERT INTO cnae (num_cnae, id_risco, descricao) VALUES('28143', 3, 'Fabricação de compressores')#
INSERT INTO cnae (num_cnae, id_risco, descricao) VALUES('28151', 3, 'Fabricação de equipamentos de transmissão para fins industriais')#
INSERT INTO cnae (num_cnae, id_risco, descricao) VALUES('28216', 3, 'Fabricação de aparelhos e equipamentos para instalações térmicas')#
INSERT INTO cnae (num_cnae, id_risco, descricao) VALUES('28224', 3, 'Fabricação de máquinas, equipamentos e aparelhos para transporte e elevação de cargas e pessoas')#
INSERT INTO cnae (num_cnae, id_risco, descricao) VALUES('28232', 3, 'Fabricação de máquinas e aparelhos de refrigeração e ventilação para uso industrial e comercial')#
INSERT INTO cnae (num_cnae, id_risco, descricao) VALUES('28241', 3, 'Fabricação de aparelhos e equipamentos de ar condicionado')#
INSERT INTO cnae (num_cnae, id_risco, descricao) VALUES('28259', 3, 'Fabricação de máquinas e equipamentos para saneamento básico e ambiental')#
INSERT INTO cnae (num_cnae, id_risco, descricao) VALUES('28291', 3, 'Fabricação de máquinas e equipamentos de uso geral não especificados anteriormente')#
INSERT INTO cnae (num_cnae, id_risco, descricao) VALUES('28313', 3, 'Fabricação de tratores agrícolas')#
INSERT INTO cnae (num_cnae, id_risco, descricao) VALUES('28321', 3, 'Fabricação de equipamentos para irrigação agrícola')#
INSERT INTO cnae (num_cnae, id_risco, descricao) VALUES('28330', 3, 'Fabricação de máquinas e equipamentos para a agricultura e pecuária, exceto para irrigação')#
INSERT INTO cnae (num_cnae, id_risco, descricao) VALUES('28402', 3, 'Fabricação de máquinas-ferramenta')#
INSERT INTO cnae (num_cnae, id_risco, descricao) VALUES('28518', 3, 'Fabricação de máquinas e equipamentos para a prospecção e extração de petróleo')#
INSERT INTO cnae (num_cnae, id_risco, descricao) VALUES('28526', 3, 'Fabricação de outras máquinas e equipamentos para uso na extração mineral, exceto na extração de petróleo')#
INSERT INTO cnae (num_cnae, id_risco, descricao) VALUES('28534', 3, 'Fabricação de tratores, exceto agrícolas')#
INSERT INTO cnae (num_cnae, id_risco, descricao) VALUES('28542', 3, 'Fabricação de máquinas e equipamentos para terraplenagem, pavimentação e construção, exceto tratores')#
INSERT INTO cnae (num_cnae, id_risco, descricao) VALUES('28615', 3, 'Fabricação de máquinas para a indústria metalúrgica, exceto máquinas-ferramenta')#
INSERT INTO cnae (num_cnae, id_risco, descricao) VALUES('28623', 3, 'Fabricação de máquinas e equipamentos para as indústrias de alimentos, bebidas e fumo')#
INSERT INTO cnae (num_cnae, id_risco, descricao) VALUES('28631', 3, 'Fabricação de máquinas e equipamentos para a indústria têxtil')#
INSERT INTO cnae (num_cnae, id_risco, descricao) VALUES('28640', 3, 'Fabricação de máquinas e equipamentos para as indústrias do vestuário, do couro e de calçados')#
INSERT INTO cnae (num_cnae, id_risco, descricao) VALUES('28658', 3, 'Fabricação de máquinas e equipamentos para as indústrias de celulose, papel e papelão e artefatos')#
INSERT INTO cnae (num_cnae, id_risco, descricao) VALUES('28666', 3, 'Fabricação de máquinas e equipamentos para a indústria do plástico')#
INSERT INTO cnae (num_cnae, id_risco, descricao) VALUES('28691', 3, 'Fabricação de máquinas e equipamentos para uso industrial específico não especificados anteriormente')#
INSERT INTO cnae (num_cnae, id_risco, descricao) VALUES('29107', 3, 'Fabricação de automóveis, camionetas e utilitários')#
INSERT INTO cnae (num_cnae, id_risco, descricao) VALUES('29204', 3, 'Fabricação de caminhões e ônibus')#
INSERT INTO cnae (num_cnae, id_risco, descricao) VALUES('29301', 3, 'Fabricação de cabines, carrocerias e reboques para veículos automotores')#
INSERT INTO cnae (num_cnae, id_risco, descricao) VALUES('29417', 3, 'Fabricação de peças e acessórios para o sistema motor de veículos automotores')#
INSERT INTO cnae (num_cnae, id_risco, descricao) VALUES('29425', 3, 'Fabricação de peças e acessórios para os sistemas de marcha e transmissão de veículos automotores')#
INSERT INTO cnae (num_cnae, id_risco, descricao) VALUES('29433', 3, 'Fabricação de peças e acessórios para o sistema de freios de veículos automotores')#
INSERT INTO cnae (num_cnae, id_risco, descricao) VALUES('29441', 3, 'Fabricação de peças e acessórios para o sistema de direção e suspensão de veículos automotores')#
INSERT INTO cnae (num_cnae, id_risco, descricao) VALUES('29450', 3, 'Fabricação de material elétrico e eletrônico para veículos automotores, exceto baterias')#
INSERT INTO cnae (num_cnae, id_risco, descricao) VALUES('29492', 3, 'Fabricação de peças e acessórios para veículos automotores não especificados anteriormente')#
INSERT INTO cnae (num_cnae, id_risco, descricao) VALUES('29506', 3, 'Recondicionamento e recuperação de motores para veículos automotores')#
INSERT INTO cnae (num_cnae, id_risco, descricao) VALUES('30113', 3, 'Construção de embarcações e estruturas flutuantes')#
INSERT INTO cnae (num_cnae, id_risco, descricao) VALUES('30121', 3, 'Construção de embarcações para esporte e lazer')#
INSERT INTO cnae (num_cnae, id_risco, descricao) VALUES('30318', 3, 'Fabricação de locomotivas, vagões e outros materiais rodantes')#
INSERT INTO cnae (num_cnae, id_risco, descricao) VALUES('30326', 3, 'Fabricação de peças e acessórios para veículos ferroviários')#
INSERT INTO cnae (num_cnae, id_risco, descricao) VALUES('30415', 3, 'Fabricação de aeronaves')#
INSERT INTO cnae (num_cnae, id_risco, descricao) VALUES('30423', 3, 'Fabricação de turbinas, motores e outros componentes e peças para aeronaves')#
INSERT INTO cnae (num_cnae, id_risco, descricao) VALUES('30504', 3, 'Fabricação de veículos militares de combate')#
INSERT INTO cnae (num_cnae, id_risco, descricao) VALUES('30911', 3, 'Fabricação de motocicletas')#
INSERT INTO cnae (num_cnae, id_risco, descricao) VALUES('30920', 3, 'Fabricação de bicicletas e triciclos não motorizados')#
INSERT INTO cnae (num_cnae, id_risco, descricao) VALUES('30997', 3, 'Fabricação de equipamentos de transporte não especificados anteriormente')#
INSERT INTO cnae (num_cnae, id_risco, descricao) VALUES('31012', 3, 'Fabricação de móveis com predominância de madeira')#
INSERT INTO cnae (num_cnae, id_risco, descricao) VALUES('31021', 3, 'Fabricação de móveis com predominância de metal')#
INSERT INTO cnae (num_cnae, id_risco, descricao) VALUES('31039', 3, 'Fabricação de móveis de outros materiais, exceto madeira e metal')#
INSERT INTO cnae (num_cnae, id_risco, descricao) VALUES('31047', 2, 'Fabricação de colchões')#
INSERT INTO cnae (num_cnae, id_risco, descricao) VALUES('32116', 3, 'Lapidação de gemas e fabricação de artefatos de ourivesaria e joalheria')#
INSERT INTO cnae (num_cnae, id_risco, descricao) VALUES('32124', 3, 'Fabricação de bijuterias e artefatos semelhantes')#
INSERT INTO cnae (num_cnae, id_risco, descricao) VALUES('32205', 3, 'Fabricação de instrumentos musicais')#
INSERT INTO cnae (num_cnae, id_risco, descricao) VALUES('32302', 3, 'Fabricação de artefatos para pesca e esporte')#
INSERT INTO cnae (num_cnae, id_risco, descricao) VALUES('32400', 3, 'Fabricação de brinquedos e jogos recreativos')#
INSERT INTO cnae (num_cnae, id_risco, descricao) VALUES('32507', 3, 'Fabricação de instrumentos e materiais para uso médico e odontológico e de artigos ópticos')#
INSERT INTO cnae (num_cnae, id_risco, descricao) VALUES('32914', 3, 'Fabricação de escovas, pincéis e vassouras')#
INSERT INTO cnae (num_cnae, id_risco, descricao) VALUES('32922', 3, 'Fabricação de equipamentos e acessórios para segurança e proteção pessoal e profissional')#
INSERT INTO cnae (num_cnae, id_risco, descricao) VALUES('32990', 3, 'Fabricação de produtos diversos não especificados anteriormente')#
INSERT INTO cnae (num_cnae, id_risco, descricao) VALUES('33112', 3, 'Manutenção e reparação de tanques, reservatórios metálicos e caldeiras, exceto para veículos')#
INSERT INTO cnae (num_cnae, id_risco, descricao) VALUES('33121', 3, 'Manutenção e reparação de equipamentos eletrônicos e ópticos')#
INSERT INTO cnae (num_cnae, id_risco, descricao) VALUES('33139', 3, 'Manutenção e reparação de máquinas e equipamentos elétricos')#
INSERT INTO cnae (num_cnae, id_risco, descricao) VALUES('33147', 3, 'Manutenção e reparação de máquinas e equipamentos da indústria mecânica')#
INSERT INTO cnae (num_cnae, id_risco, descricao) VALUES('33155', 3, 'Manutenção e reparação de veículos ferroviários')#
INSERT INTO cnae (num_cnae, id_risco, descricao) VALUES('33163', 3, 'Manutenção e reparação de aeronaves')#
INSERT INTO cnae (num_cnae, id_risco, descricao) VALUES('33171', 3, 'Manutenção e reparação de embarcações')#
INSERT INTO cnae (num_cnae, id_risco, descricao) VALUES('33198', 3, 'Manutenção e reparação de equipamentos e produtos não especificados anteriormente')#
INSERT INTO cnae (num_cnae, id_risco, descricao) VALUES('33210', 3, 'Instalação de máquinas e equipamentos industriais')#
INSERT INTO cnae (num_cnae, id_risco, descricao) VALUES('33295', 3, 'Instalação de equipamentos não especificados anteriormente')#
INSERT INTO cnae (num_cnae, id_risco, descricao) VALUES('35115', 3, 'Geração de energia elétrica')#
INSERT INTO cnae (num_cnae, id_risco, descricao) VALUES('35123', 3, 'Transmissão de energia elétrica')#
INSERT INTO cnae (num_cnae, id_risco, descricao) VALUES('35131', 3, 'Comércio atacadista de energia elétrica')#
INSERT INTO cnae (num_cnae, id_risco, descricao) VALUES('35140', 3, 'Distribuição de energia elétrica')#
INSERT INTO cnae (num_cnae, id_risco, descricao) VALUES('35204', 3, 'Produção de gás; processamento de gás natural; distribuição de combustíveis gasosos por redes urbanas')#
INSERT INTO cnae (num_cnae, id_risco, descricao) VALUES('35301', 3, 'Produção e distribuição de vapor, água quente e ar condicionado')#
INSERT INTO cnae (num_cnae, id_risco, descricao) VALUES('36006', 3, 'Captação, tratamento e distribuição de água')#
INSERT INTO cnae (num_cnae, id_risco, descricao) VALUES('37011', 3, 'Gestão de redes de esgoto')#
INSERT INTO cnae (num_cnae, id_risco, descricao) VALUES('37029', 3, 'Atividades relacionadas a esgoto, exceto a gestão de redes')#
INSERT INTO cnae (num_cnae, id_risco, descricao) VALUES('38114', 3, 'Coleta de resíduos não perigosos')#
INSERT INTO cnae (num_cnae, id_risco, descricao) VALUES('38122', 3, 'Coleta de resíduos perigosos')#
INSERT INTO cnae (num_cnae, id_risco, descricao) VALUES('38211', 3, 'Tratamento e disposição de resíduos não perigosos')#
INSERT INTO cnae (num_cnae, id_risco, descricao) VALUES('38220', 3, 'Tratamento e disposição de resíduos perigosos')#
INSERT INTO cnae (num_cnae, id_risco, descricao) VALUES('38319', 3, 'Recuperação de materiais metálicos')#
INSERT INTO cnae (num_cnae, id_risco, descricao) VALUES('38327', 3, 'Recuperação de materiais plásticos')#
INSERT INTO cnae (num_cnae, id_risco, descricao) VALUES('38394', 3, 'Recuperação de materiais não especificados anteriormente')#
INSERT INTO cnae (num_cnae, id_risco, descricao) VALUES('39005', 3, 'Descontaminação e outros serviços de gestão de resíduos')#
INSERT INTO cnae (num_cnae, id_risco, descricao) VALUES('41107', 1, 'Incorporação de empreendimentos imobiliários')#
INSERT INTO cnae (num_cnae, id_risco, descricao) VALUES('41204', 3, 'Construção de edifícios')#
INSERT INTO cnae (num_cnae, id_risco, descricao) VALUES('42111', 4, 'Construção de rodovias e ferrovias')#
INSERT INTO cnae (num_cnae, id_risco, descricao) VALUES('42120', 4, 'Construção de obras-de-arte especiais')#
INSERT INTO cnae (num_cnae, id_risco, descricao) VALUES('42138', 3, 'Obras de urbanização - ruas, praças e calçadas')#
INSERT INTO cnae (num_cnae, id_risco, descricao) VALUES('42219', 4, 'Obras para geração e distribuição de energia elétrica e para telecomunicações')#
INSERT INTO cnae (num_cnae, id_risco, descricao) VALUES('42227', 4, 'Construção de redes de abastecimento de água, coleta de esgoto e construções correlatas')#
INSERT INTO cnae (num_cnae, id_risco, descricao) VALUES('42235', 4, 'Construção de redes de transportes por dutos, exceto para água e esgoto')#
INSERT INTO cnae (num_cnae, id_risco, descricao) VALUES('42910', 4, 'Obras portuárias, marítimas e fluviais')#
INSERT INTO cnae (num_cnae, id_risco, descricao) VALUES('42928', 4, 'Montagem de instalações industriais e de estruturas metálicas')#
INSERT INTO cnae (num_cnae, id_risco, descricao) VALUES('42995', 3, 'Obras de engenharia civil não especificadas anteriormente')#
INSERT INTO cnae (num_cnae, id_risco, descricao) VALUES('43118', 4, 'Demolição e preparação de canteiros de obras')#
INSERT INTO cnae (num_cnae, id_risco, descricao) VALUES('43126', 4, 'Perfurações e sondagens')#
INSERT INTO cnae (num_cnae, id_risco, descricao) VALUES('43134', 3, 'Obras de terraplenagem')#
INSERT INTO cnae (num_cnae, id_risco, descricao) VALUES('43193', 3, 'Serviços de preparação do terreno não especificados anteriormente')#
INSERT INTO cnae (num_cnae, id_risco, descricao) VALUES('43215', 3, 'Instalações elétricas')#
INSERT INTO cnae (num_cnae, id_risco, descricao) VALUES('43223', 3, 'Instalações hidráulicas, de sistemas de ventilação e refrigeração')#
INSERT INTO cnae (num_cnae, id_risco, descricao) VALUES('43291', 3, 'Obras de instalações em construções não especificadas anteriormente')#
INSERT INTO cnae (num_cnae, id_risco, descricao) VALUES('43304', 3, 'Obras de acabamento')#
INSERT INTO cnae (num_cnae, id_risco, descricao) VALUES('43916', 4, 'Obras de fundações')#
INSERT INTO cnae (num_cnae, id_risco, descricao) VALUES('43991', 3, 'Serviços especializados para construção não especificados anteriormente')#
INSERT INTO cnae (num_cnae, id_risco, descricao) VALUES('45111', 2, 'Comércio a varejo e por atacado de veículos automotores')#
INSERT INTO cnae (num_cnae, id_risco, descricao) VALUES('45129', 2, 'Representantes comerciais e agentes do comércio de veículos automotores')#
INSERT INTO cnae (num_cnae, id_risco, descricao) VALUES('45200', 3, 'Manutenção e reparação de veículos automotores')#
INSERT INTO cnae (num_cnae, id_risco, descricao) VALUES('45307', 2, 'Comércio de peças e acessórios para veículos automotores')#
INSERT INTO cnae (num_cnae, id_risco, descricao) VALUES('45412', 2, 'Comércio por atacado e a varejo de motocicletas, peças e acessórios')#
INSERT INTO cnae (num_cnae, id_risco, descricao) VALUES('45421', 2, 'Representantes comerciais e agentes do comércio de motocicletas, peças e acessórios')#
INSERT INTO cnae (num_cnae, id_risco, descricao) VALUES('45439', 3, 'Manutenção e reparação de motocicletas')#
INSERT INTO cnae (num_cnae, id_risco, descricao) VALUES('46117', 2, 'Representantes comerciais e agentes do comércio de matérias-primas agrícolas e animais vivos')#
INSERT INTO cnae (num_cnae, id_risco, descricao) VALUES('46125', 2, 'Representantes comerciais e agentes do comércio de combustíveis, minerais, produtos siderúrgicos e químicos')#
INSERT INTO cnae (num_cnae, id_risco, descricao) VALUES('46133', 2, 'Representantes comerciais e agentes do comércio de madeira, material de construção e ferragens')#
INSERT INTO cnae (num_cnae, id_risco, descricao) VALUES('46141', 2, 'Representantes comerciais e agentes do comércio de máquinas, equipamentos, embarcações e aeronaves')#
INSERT INTO cnae (num_cnae, id_risco, descricao) VALUES('46150', 2, 'Representantes comerciais e agentes do comércio de eletrodomésticos, móveis e artigos de uso doméstico')#
INSERT INTO cnae (num_cnae, id_risco, descricao) VALUES('46168', 2, 'Representantes comerciais e agentes do comércio de têxteis, vestuário, calçados e artigos de viagem')#
INSERT INTO cnae (num_cnae, id_risco, descricao) VALUES('46176', 2, 'Representantes comerciais e agentes do comércio de produtos alimentícios, bebidas e fumo')#
INSERT INTO cnae (num_cnae, id_risco, descricao) VALUES('46184', 2, 'Representantes comerciais e agentes do comércio especializado em produtos não especificados anteriormente')#
INSERT INTO cnae (num_cnae, id_risco, descricao) VALUES('46192', 2, 'Representantes comerciais e agentes do comércio de mercadorias em geral não especializado')#
INSERT INTO cnae (num_cnae, id_risco, descricao) VALUES('46214', 2, 'Comércio atacadista de café em grão')#
INSERT INTO cnae (num_cnae, id_risco, descricao) VALUES('46222', 2, 'Comércio atacadista de soja')#
INSERT INTO cnae (num_cnae, id_risco, descricao) VALUES('46231', 2, 'Comércio atacadista de animais vivos, alimentos para animais e matérias-primas agrícolas, exceto café e soja')#
INSERT INTO cnae (num_cnae, id_risco, descricao) VALUES('46311', 2, 'Comércio atacadista de leite e laticínios')#
INSERT INTO cnae (num_cnae, id_risco, descricao) VALUES('46320', 2, 'Comércio atacadista de cereais e leguminosas beneficiados, farinhas, amidos e féculas')#
INSERT INTO cnae (num_cnae, id_risco, descricao) VALUES('46338', 2, 'Comércio atacadista de hortifrutigranjeiros')#
INSERT INTO cnae (num_cnae, id_risco, descricao) VALUES('46346', 2, 'Comércio atacadista de carnes, produtos da carne e pescado')#
INSERT INTO cnae (num_cnae, id_risco, descricao) VALUES('46354', 2, 'Comércio atacadista de bebidas')#
INSERT INTO cnae (num_cnae, id_risco, descricao) VALUES('46362', 2, 'Comércio atacadista de produtos do fumo')#
INSERT INTO cnae (num_cnae, id_risco, descricao) VALUES('46371', 2, 'Comércio atacadista especializado em produtos alimentícios não especificados anteriormente')#
INSERT INTO cnae (num_cnae, id_risco, descricao) VALUES('46397', 2, 'Comércio atacadista de produtos alimentícios em geral')#
INSERT INTO cnae (num_cnae, id_risco, descricao) VALUES('46419', 2, 'Comércio atacadista de tecidos, artefatos de tecidos e de armarinho')#
INSERT INTO cnae (num_cnae, id_risco, descricao) VALUES('46427', 2, 'Comércio atacadista de artigos do vestuário e acessórios')#
INSERT INTO cnae (num_cnae, id_risco, descricao) VALUES('46435', 2, 'Comércio atacadista de calçados e artigos de viagem')#
INSERT INTO cnae (num_cnae, id_risco, descricao) VALUES('46443', 2, 'Comércio atacadista de produtos farmacêuticos para uso humano e veterinário')#
INSERT INTO cnae (num_cnae, id_risco, descricao) VALUES('46451', 2, 'Comércio atacadista de instrumentos e materiais para uso médico, cirúrgico, ortopédico e odontológico')#
INSERT INTO cnae (num_cnae, id_risco, descricao) VALUES('46460', 2, 'Comércio atacadista de cosméticos, produtos de perfumaria e de higiene pessoal')#
INSERT INTO cnae (num_cnae, id_risco, descricao) VALUES('46478', 2, 'Comércio atacadista de artigos de escritório e de papelaria; livros, jornais e outras publicações')#
INSERT INTO cnae (num_cnae, id_risco, descricao) VALUES('46494', 2, 'Comércio atacadista de equipamentos e artigos de uso pessoal e doméstico não especificados anteriormente')#
INSERT INTO cnae (num_cnae, id_risco, descricao) VALUES('46516', 3, 'Comércio atacadista de computadores, periféricos e suprimentos de informática')#
INSERT INTO cnae (num_cnae, id_risco, descricao) VALUES('46524', 3, 'Comércio atacadista de componentes eletrônicos e equipamentos de telefonia e comunicação')#
INSERT INTO cnae (num_cnae, id_risco, descricao) VALUES('46613', 3, 'Comércio atacadista de máquinas, aparelhos e equipamentos para uso agropecuário; partes e peças')#
INSERT INTO cnae (num_cnae, id_risco, descricao) VALUES('46621', 3, 'Comércio atacadista de máquinas, equipamentos para terraplenagem, mineração e construção; partes e peças')#
INSERT INTO cnae (num_cnae, id_risco, descricao) VALUES('46630', 3, 'Comércio atacadista de máquinas e equipamentos para uso industrial; partes e peças')#
INSERT INTO cnae (num_cnae, id_risco, descricao) VALUES('46648', 3, 'Comércio atacadista de máquinas, aparelhos e equipamentos para uso odonto-médico-hospitalar; partes e peças')#
INSERT INTO cnae (num_cnae, id_risco, descricao) VALUES('46656', 3, 'Comércio atacadista de máquinas e equipamentos para uso comercial; partes e peças')#
INSERT INTO cnae (num_cnae, id_risco, descricao) VALUES('46699', 3, 'Comércio atacadista de máquinas, aparelhos e equipamentos não especificados anteriormente; partes e peças')#
INSERT INTO cnae (num_cnae, id_risco, descricao) VALUES('46711', 3, 'Comércio atacadista de madeira e produtos derivados')#
INSERT INTO cnae (num_cnae, id_risco, descricao) VALUES('46729', 3, 'Comércio atacadista de ferragens e ferramentas')#
INSERT INTO cnae (num_cnae, id_risco, descricao) VALUES('46737', 3, 'Comércio atacadista de material elétrico')#
INSERT INTO cnae (num_cnae, id_risco, descricao) VALUES('46745', 3, 'Comércio atacadista de cimento')#
INSERT INTO cnae (num_cnae, id_risco, descricao) VALUES('46796', 3, 'Comércio atacadista especializado de materiais de construção não especificados anteriormente e de materiais de construção em geral')#
INSERT INTO cnae (num_cnae, id_risco, descricao) VALUES('46818', 3, 'Comércio atacadista de combustíveis sólidos, líquidos e gasosos, exceto gás natural e GLP')#
INSERT INTO cnae (num_cnae, id_risco, descricao) VALUES('46826', 3, 'Comércio atacadista de gás liquefeito de petróleo (GLP)')#
INSERT INTO cnae (num_cnae, id_risco, descricao) VALUES('46834', 3, 'Comércio atacadista de defensivos agrícolas, adubos, fertilizantes e corretivos do solo')#
INSERT INTO cnae (num_cnae, id_risco, descricao) VALUES('46842', 3, 'Comércio atacadista de produtos químicos e petroquímicos, exceto agroquímicos')#
INSERT INTO cnae (num_cnae, id_risco, descricao) VALUES('46851', 3, 'Comércio atacadista de produtos siderúrgicos e metalúrgicos, exceto para construção')#
INSERT INTO cnae (num_cnae, id_risco, descricao) VALUES('46869', 3, 'Comércio atacadista de papel e papelão em bruto e de embalagens')#
INSERT INTO cnae (num_cnae, id_risco, descricao) VALUES('46877', 3, 'Comércio atacadista de resíduos e sucatas')#
INSERT INTO cnae (num_cnae, id_risco, descricao) VALUES('46893', 3, 'Comércio atacadista especializado de outros produtos intermediários não especificados anteriormente')#
INSERT INTO cnae (num_cnae, id_risco, descricao) VALUES('46915', 2, 'Comércio atacadista de mercadorias em geral, com predominância de produtos alimentícios')#
INSERT INTO cnae (num_cnae, id_risco, descricao) VALUES('46923', 2, 'Comércio atacadista de mercadorias em geral, com predominância de insumos agropecuários')#
INSERT INTO cnae (num_cnae, id_risco, descricao) VALUES('46931', 2, 'Comércio atacadista de mercadorias em geral, sem predominância de alimentos ou de insumos agropecuários')#
INSERT INTO cnae (num_cnae, id_risco, descricao) VALUES('47113', 2, 'Comércio varejista de mercadorias em geral, com predominância de produtos alimentícios - hipermercados e supermercados')#
INSERT INTO cnae (num_cnae, id_risco, descricao) VALUES('47121', 2, 'Comércio varejista de mercadorias em geral, com predominância de produtos alimentícios - minimercados, mercearias e armazéns')#
INSERT INTO cnae (num_cnae, id_risco, descricao) VALUES('47130', 2, 'Comércio varejista de mercadorias em geral, sem predominância de produtos alimentícios')#
INSERT INTO cnae (num_cnae, id_risco, descricao) VALUES('47211', 2, 'Comércio varejista de produtos de padaria, laticínio, doces, balas e semelhantes')#
INSERT INTO cnae (num_cnae, id_risco, descricao) VALUES('47229', 3, 'Comércio varejista de carnes e pescados - açougues e peixarias')#
INSERT INTO cnae (num_cnae, id_risco, descricao) VALUES('47237', 2, 'Comércio varejista de bebidas')#
INSERT INTO cnae (num_cnae, id_risco, descricao) VALUES('47245', 2, 'Comércio varejista de hortifrutigranjeiros')#
INSERT INTO cnae (num_cnae, id_risco, descricao) VALUES('47296', 2, 'Comércio varejista de produtos alimentícios em geral ou especializado em produtos alimentícios não especificados anteriormente; produtos do fumo')#
INSERT INTO cnae (num_cnae, id_risco, descricao) VALUES('47318', 3, 'Comércio varejista de combustíveis para veículos automotores')#
INSERT INTO cnae (num_cnae, id_risco, descricao) VALUES('47326', 3, 'Comércio varejista de lubrificantes')#
INSERT INTO cnae (num_cnae, id_risco, descricao) VALUES('47415', 2, 'Comércio varejista de tintas e materiais para pintura')#
INSERT INTO cnae (num_cnae, id_risco, descricao) VALUES('47423', 1, 'Comércio varejista de material elétrico')#
INSERT INTO cnae (num_cnae, id_risco, descricao) VALUES('47431', 2, 'Comércio varejista de vidros')#
INSERT INTO cnae (num_cnae, id_risco, descricao) VALUES('47440', 2, 'Comércio varejista de ferragens, madeira e materiais de construção')#
INSERT INTO cnae (num_cnae, id_risco, descricao) VALUES('47512', 1, 'Comércio varejista especializado de equipamentos e suprimentos de informática')#
INSERT INTO cnae (num_cnae, id_risco, descricao) VALUES('47521', 1, 'Comércio varejista especializado de equipamentos de telefonia e comunicação')#
INSERT INTO cnae (num_cnae, id_risco, descricao) VALUES('47539', 1, 'Comércio varejista especializado de eletrodomésticos e equipamentos de áudio e vídeo')#
INSERT INTO cnae (num_cnae, id_risco, descricao) VALUES('47547', 1, 'Comércio varejista especializado de móveis, colchoaria e artigos de iluminação')#
INSERT INTO cnae (num_cnae, id_risco, descricao) VALUES('47555', 1, 'Comércio varejista especializado de tecidos e artigos de cama, mesa e banho')#
INSERT INTO cnae (num_cnae, id_risco, descricao) VALUES('47563', 1, 'Comércio varejista especializado de instrumentos musicais e acessórios')#
INSERT INTO cnae (num_cnae, id_risco, descricao) VALUES('47571', 1, 'Comércio varejista especializado de peças e acessórios para aparelhos eletroeletrônicos para uso doméstico, exceto informática e comunicação')#
INSERT INTO cnae (num_cnae, id_risco, descricao) VALUES('47598', 1, 'Comércio varejista de artigos de uso doméstico não especificados anteriormente')#
INSERT INTO cnae (num_cnae, id_risco, descricao) VALUES('47610', 1, 'Comércio varejista de livros, jornais, revistas e papelaria')#
INSERT INTO cnae (num_cnae, id_risco, descricao) VALUES('47628', 1, 'Comércio varejista de discos, CDs, DVDs e fitas')#
INSERT INTO cnae (num_cnae, id_risco, descricao) VALUES('47636', 1, 'Comércio varejista de artigos recreativos e esportivos')#
INSERT INTO cnae (num_cnae, id_risco, descricao) VALUES('47717', 2, 'Comércio varejista de produtos farmacêuticos para uso humano e veterinário')#
INSERT INTO cnae (num_cnae, id_risco, descricao) VALUES('47725', 1, 'Comércio varejista de cosméticos, produtos de perfumaria e de higiene pessoal')#
INSERT INTO cnae (num_cnae, id_risco, descricao) VALUES('47733', 1, 'Comércio varejista de artigos médicos e ortopédicos')#
INSERT INTO cnae (num_cnae, id_risco, descricao) VALUES('47741', 1, 'Comércio varejista de artigos de óptica')#
INSERT INTO cnae (num_cnae, id_risco, descricao) VALUES('47814', 1, 'Comércio varejista de artigos do vestuário e acessórios')#
INSERT INTO cnae (num_cnae, id_risco, descricao) VALUES('47822', 1, 'Comércio varejista de calçados e artigos de viagem')#
INSERT INTO cnae (num_cnae, id_risco, descricao) VALUES('47831', 1, 'Comércio varejista de joias e relógios')#
INSERT INTO cnae (num_cnae, id_risco, descricao) VALUES('47849', 3, 'Comércio varejista de gás liquefeito de petróleo (GLP)')#
INSERT INTO cnae (num_cnae, id_risco, descricao) VALUES('47857', 2, 'Comércio varejista de artigos usados')#
INSERT INTO cnae (num_cnae, id_risco, descricao) VALUES('47890', 1, 'Comércio varejista de outros produtos novos não especificados anteriormente')#
INSERT INTO cnae (num_cnae, id_risco, descricao) VALUES('47903', 2, 'Comércio ambulante e outros tipos de comércio varejista')#
INSERT INTO cnae (num_cnae, id_risco, descricao) VALUES('49116', 3, 'Transporte ferroviário de carga')#
INSERT INTO cnae (num_cnae, id_risco, descricao) VALUES('49124', 3, 'Transporte metro ferroviário de passageiros')#
INSERT INTO cnae (num_cnae, id_risco, descricao) VALUES('49213', 3, 'Transporte rodoviário coletivo de passageiros, com itinerário fixo, municipal e em região metropolitana')#
INSERT INTO cnae (num_cnae, id_risco, descricao) VALUES('49221', 3, 'Transporte rodoviário coletivo de passageiros, com itinerário fixo, intermunicipal, interestadual e internacional')#
INSERT INTO cnae (num_cnae, id_risco, descricao) VALUES('49230', 3, 'Transporte rodoviário de táxi')#
INSERT INTO cnae (num_cnae, id_risco, descricao) VALUES('49248', 3, 'Transporte escolar')#
INSERT INTO cnae (num_cnae, id_risco, descricao) VALUES('49299', 3, 'Transporte rodoviário coletivo de passageiros, sob regime de fretamento, e outros transportes rodoviários não especificados anteriormente')#
INSERT INTO cnae (num_cnae, id_risco, descricao) VALUES('49302', 3, 'Transporte rodoviário de carga')#
INSERT INTO cnae (num_cnae, id_risco, descricao) VALUES('49400', 3, 'Transporte dutoviário')#
INSERT INTO cnae (num_cnae, id_risco, descricao) VALUES('49507', 3, 'Trens turísticos, teleféricos e similares')#
INSERT INTO cnae (num_cnae, id_risco, descricao) VALUES('50114', 3, 'Transporte marítimo de cabotagem')#
INSERT INTO cnae (num_cnae, id_risco, descricao) VALUES('50122', 3, 'Transporte marítimo de longo curso')#
INSERT INTO cnae (num_cnae, id_risco, descricao) VALUES('50211', 3, 'Transporte por navegação interior de carga')#
INSERT INTO cnae (num_cnae, id_risco, descricao) VALUES('50220', 3, 'Transporte por navegação interior de passageiros em linhas regulares')#
INSERT INTO cnae (num_cnae, id_risco, descricao) VALUES('50301', 3, 'Navegação de apoio')#
INSERT INTO cnae (num_cnae, id_risco, descricao) VALUES('50912', 3, 'Transporte por navegação de travessia')#
INSERT INTO cnae (num_cnae, id_risco, descricao) VALUES('50998', 3, 'Transportes aquaviários não especificados anteriormente')#
INSERT INTO cnae (num_cnae, id_risco, descricao) VALUES('51111', 3, 'Transporte aéreo de passageiros regular')#
INSERT INTO cnae (num_cnae, id_risco, descricao) VALUES('51129', 3, 'Transporte aéreo de passageiros não regular')#
INSERT INTO cnae (num_cnae, id_risco, descricao) VALUES('51200', 3, 'Transporte aéreo de carga')#
INSERT INTO cnae (num_cnae, id_risco, descricao) VALUES('51307', 3, 'Transporte espacial')#
INSERT INTO cnae (num_cnae, id_risco, descricao) VALUES('52117', 3, 'Armazenamento')#
INSERT INTO cnae (num_cnae, id_risco, descricao) VALUES('52125', 3, 'Carga e descarga')#
INSERT INTO cnae (num_cnae, id_risco, descricao) VALUES('52214', 3, 'Concessionárias de rodovias, pontes, túneis e serviços relacionados')#
INSERT INTO cnae (num_cnae, id_risco, descricao) VALUES('52222', 3, 'Terminais rodoviários e ferroviários')#
INSERT INTO cnae (num_cnae, id_risco, descricao) VALUES('52231', 3, 'Estacionamento de veículos')#
INSERT INTO cnae (num_cnae, id_risco, descricao) VALUES('52290', 3, 'Atividades auxiliares dos transportes terrestres não especificadas anteriormente')#
INSERT INTO cnae (num_cnae, id_risco, descricao) VALUES('52311', 3, 'Gestão de portos e terminais')#
INSERT INTO cnae (num_cnae, id_risco, descricao) VALUES('52320', 3, 'Atividades de agenciamento marítimo')#
INSERT INTO cnae (num_cnae, id_risco, descricao) VALUES('52397', 3, 'Atividades auxiliares dos transportes aquaviários não especificadas anteriormente')#
INSERT INTO cnae (num_cnae, id_risco, descricao) VALUES('52401', 3, 'Atividades auxiliares dos transportes aéreos')#
INSERT INTO cnae (num_cnae, id_risco, descricao) VALUES('52508', 3, 'Atividades relacionadas à organização do transporte de carga')#
INSERT INTO cnae (num_cnae, id_risco, descricao) VALUES('53105', 2, 'Atividades de Correio')#
INSERT INTO cnae (num_cnae, id_risco, descricao) VALUES('53202', 2, 'Atividades de malote e de entrega')#
INSERT INTO cnae (num_cnae, id_risco, descricao) VALUES('55108', 2, 'Hotéis e similares')#
INSERT INTO cnae (num_cnae, id_risco, descricao) VALUES('55906', 2, 'Outros tipos de alojamento não especificados anteriormente')#
INSERT INTO cnae (num_cnae, id_risco, descricao) VALUES('56112', 2, 'Restaurantes e outros estabelecimentos de serviços de alimentação e bebidas')#
INSERT INTO cnae (num_cnae, id_risco, descricao) VALUES('56121', 2, 'Serviços ambulantes de alimentação')#
INSERT INTO cnae (num_cnae, id_risco, descricao) VALUES('56201', 2, 'Serviços de catering, bufê e outros serviços de comida preparada')#
INSERT INTO cnae (num_cnae, id_risco, descricao) VALUES('58115', 3, 'Edição de livros')#
INSERT INTO cnae (num_cnae, id_risco, descricao) VALUES('58123', 3, 'Edição de jornais')#
INSERT INTO cnae (num_cnae, id_risco, descricao) VALUES('58131', 3, 'Edição de revistas')#
INSERT INTO cnae (num_cnae, id_risco, descricao) VALUES('58191', 3, 'Edição de cadastros, listas e outros produtos gráficos')#
INSERT INTO cnae (num_cnae, id_risco, descricao) VALUES('58212', 3, 'Edição integrada à impressão de livros')#
INSERT INTO cnae (num_cnae, id_risco, descricao) VALUES('58221', 3, 'Edição integrada à impressão de jornais')#
INSERT INTO cnae (num_cnae, id_risco, descricao) VALUES('58239', 3, 'Edição integrada à impressão de revistas')#
INSERT INTO cnae (num_cnae, id_risco, descricao) VALUES('58298', 3, 'Edição integrada à impressão de cadastros, listas e outros produtos gráficos')#
INSERT INTO cnae (num_cnae, id_risco, descricao) VALUES('59111', 2, 'Atividades de produção cinematográfica, de vídeos e de programas de televisão')#
INSERT INTO cnae (num_cnae, id_risco, descricao) VALUES('59120', 2, 'Atividades de pós-produção cinematográfica, de vídeos e de programas de televisão')#
INSERT INTO cnae (num_cnae, id_risco, descricao) VALUES('59138', 2, 'Distribuição cinematográfica, de vídeo e de programas de televisão')#
INSERT INTO cnae (num_cnae, id_risco, descricao) VALUES('59146', 2, 'Atividades de exibição cinematográfica')#
INSERT INTO cnae (num_cnae, id_risco, descricao) VALUES('59201', 2, 'Atividades de gravação de som e de edição de música')#
INSERT INTO cnae (num_cnae, id_risco, descricao) VALUES('60101', 2, 'Atividades de rádio')#
INSERT INTO cnae (num_cnae, id_risco, descricao) VALUES('60217', 2, 'Atividades de televisão aberta')#
INSERT INTO cnae (num_cnae, id_risco, descricao) VALUES('60225', 2, 'Programadoras e atividades relacionadas à televisão por assinatura')#
INSERT INTO cnae (num_cnae, id_risco, descricao) VALUES('61108', 2, 'Telecomunicações por fio')#
INSERT INTO cnae (num_cnae, id_risco, descricao) VALUES('61205', 2, 'Telecomunicações sem fio')#
INSERT INTO cnae (num_cnae, id_risco, descricao) VALUES('61302', 2, 'Telecomunicações por satélite')#
INSERT INTO cnae (num_cnae, id_risco, descricao) VALUES('61418', 2, 'Operadoras de televisão por assinatura por cabo')#
INSERT INTO cnae (num_cnae, id_risco, descricao) VALUES('61426', 2, 'Operadoras de televisão por assinatura por microondas')#
INSERT INTO cnae (num_cnae, id_risco, descricao) VALUES('61434', 2, 'Operadoras de televisão por assinatura por satélite')#
INSERT INTO cnae (num_cnae, id_risco, descricao) VALUES('61906', 2, 'Outras atividades de telecomunicações')#
INSERT INTO cnae (num_cnae, id_risco, descricao) VALUES('62015', 2, 'Desenvolvimento de programas de computador sob encomenda')#
INSERT INTO cnae (num_cnae, id_risco, descricao) VALUES('62023', 2, 'Desenvolvimento e licenciamento de programas de computador customizáveis')#
INSERT INTO cnae (num_cnae, id_risco, descricao) VALUES('62031', 2, 'Desenvolvimento e licenciamento de programas de computador não-customizáveis')#
INSERT INTO cnae (num_cnae, id_risco, descricao) VALUES('62040', 2, 'Consultoria em tecnologia da informação')#
INSERT INTO cnae (num_cnae, id_risco, descricao) VALUES('62091', 2, 'Suporte técnico, manutenção e outros serviços em tecnologia da informação')#
INSERT INTO cnae (num_cnae, id_risco, descricao) VALUES('63119', 2, 'Tratamento de dados, provedores de serviços de aplicação e serviços de hospedagem na internet')#
INSERT INTO cnae (num_cnae, id_risco, descricao) VALUES('63194', 2, 'Portais, provedores de conteúdo e outros serviços de informação na internet')#
INSERT INTO cnae (num_cnae, id_risco, descricao) VALUES('63917', 2, 'Agências de notícias')#
INSERT INTO cnae (num_cnae, id_risco, descricao) VALUES('63992', 2, 'Outras atividades de prestação de serviços de informação não especificadas anteriormente')#
INSERT INTO cnae (num_cnae, id_risco, descricao) VALUES('641', 1, 'Banco Central')#
INSERT INTO cnae (num_cnae, id_risco, descricao) VALUES('64107', 1, 'Banco Central')#
INSERT INTO cnae (num_cnae, id_risco, descricao) VALUES('64212', 1, 'Bancos comerciais')#
INSERT INTO cnae (num_cnae, id_risco, descricao) VALUES('64221', 1, 'Bancos múltiplos, com carteira comercial')#
INSERT INTO cnae (num_cnae, id_risco, descricao) VALUES('64239', 1, 'Caixas econômicas')#
INSERT INTO cnae (num_cnae, id_risco, descricao) VALUES('64247', 1, 'Crédito cooperativo')#
INSERT INTO cnae (num_cnae, id_risco, descricao) VALUES('64310', 1, 'Bancos múltiplos, sem carteira comercial')#
INSERT INTO cnae (num_cnae, id_risco, descricao) VALUES('64328', 1, 'Bancos de investimento')#
INSERT INTO cnae (num_cnae, id_risco, descricao) VALUES('64336', 1, 'Bancos de desenvolvimento')#
INSERT INTO cnae (num_cnae, id_risco, descricao) VALUES('64344', 1, 'Agências de fomento')#
INSERT INTO cnae (num_cnae, id_risco, descricao) VALUES('64352', 1, 'Crédito imobiliário')#
INSERT INTO cnae (num_cnae, id_risco, descricao) VALUES('64361', 1, 'Sociedades de crédito, financiamento e investimento - financeiras')#
INSERT INTO cnae (num_cnae, id_risco, descricao) VALUES('64379', 1, 'Sociedades de crédito ao microempreendedor')#
INSERT INTO cnae (num_cnae, id_risco, descricao) VALUES('64387', 1, 'Bancos de câmbio e outras instituições de intermediação não monetária')#
INSERT INTO cnae (num_cnae, id_risco, descricao) VALUES('64409', 1, 'Arrendamento mercantil')#
INSERT INTO cnae (num_cnae, id_risco, descricao) VALUES('64506', 1, 'Sociedades de capitalização')#
INSERT INTO cnae (num_cnae, id_risco, descricao) VALUES('64611', 1, 'Holdings de instituições financeiras')#
INSERT INTO cnae (num_cnae, id_risco, descricao) VALUES('64620', 1, 'Holdings de instituições não financeiras')#
INSERT INTO cnae (num_cnae, id_risco, descricao) VALUES('64638', 1, 'Outras sociedades de participação, exceto holdings')#
INSERT INTO cnae (num_cnae, id_risco, descricao) VALUES('64701', 1, 'Fundos de investimento')#
INSERT INTO cnae (num_cnae, id_risco, descricao) VALUES('64913', 1, 'Sociedades de fomento mercantil - factoring')#
INSERT INTO cnae (num_cnae, id_risco, descricao) VALUES('64921', 1, 'Securitização de créditos')#
INSERT INTO cnae (num_cnae, id_risco, descricao) VALUES('64930', 1, 'Administração de consórcios para aquisição de bens e direitos')#
INSERT INTO cnae (num_cnae, id_risco, descricao) VALUES('64999', 1, 'Outras atividades de serviços financeiros não especificadas anteriormente')#
INSERT INTO cnae (num_cnae, id_risco, descricao) VALUES('65111', 1, 'Seguros de vida')#
INSERT INTO cnae (num_cnae, id_risco, descricao) VALUES('65120', 1, 'Seguros não-vida')#
INSERT INTO cnae (num_cnae, id_risco, descricao) VALUES('65201', 1, 'Seguros-saúde')#
INSERT INTO cnae (num_cnae, id_risco, descricao) VALUES('65308', 1, 'Resseguros')#
INSERT INTO cnae (num_cnae, id_risco, descricao) VALUES('65413', 1, 'Previdência complementar fechada')#
INSERT INTO cnae (num_cnae, id_risco, descricao) VALUES('65421', 1, 'Previdência complementar aberta')#
INSERT INTO cnae (num_cnae, id_risco, descricao) VALUES('65502', 1, 'Planos de saúde')#
INSERT INTO cnae (num_cnae, id_risco, descricao) VALUES('66118', 1, 'Administração de bolsas e mercados de balcão organizados')#
INSERT INTO cnae (num_cnae, id_risco, descricao) VALUES('66126', 1, 'Atividades de intermediários em transações de títulos, valores mobiliários e mercadorias')#
INSERT INTO cnae (num_cnae, id_risco, descricao) VALUES('66134', 1, 'Administração de cartões de crédito')#
INSERT INTO cnae (num_cnae, id_risco, descricao) VALUES('66193', 1, 'Atividades auxiliares dos serviços financeiros não especificadas anteriormente')#
INSERT INTO cnae (num_cnae, id_risco, descricao) VALUES('66215', 1, 'Avaliação de riscos e perdas')#
INSERT INTO cnae (num_cnae, id_risco, descricao) VALUES('66223', 1, 'Corretores e agentes de seguros, de planos de previdência complementar e de saúde')#
INSERT INTO cnae (num_cnae, id_risco, descricao) VALUES('66291', 1, 'Atividades auxiliares dos seguros, da previdência complementar e dos planos de saúde não especificadas anteriormente')#
INSERT INTO cnae (num_cnae, id_risco, descricao) VALUES('66304', 1, 'Atividades de administração de fundos por contrato ou comissão')#
INSERT INTO cnae (num_cnae, id_risco, descricao) VALUES('68102', 1, 'Atividades imobiliárias de imóveis próprios')#
INSERT INTO cnae (num_cnae, id_risco, descricao) VALUES('68218', 1, 'Intermediação na compra, venda e aluguel de imóveis')#
INSERT INTO cnae (num_cnae, id_risco, descricao) VALUES('68226', 1, 'Gestão e administração da propriedade imobiliária')#
INSERT INTO cnae (num_cnae, id_risco, descricao) VALUES('69117', 1, 'Atividades jurídicas, exceto cartórios')#
INSERT INTO cnae (num_cnae, id_risco, descricao) VALUES('69125', 1, 'Cartórios')#
INSERT INTO cnae (num_cnae, id_risco, descricao) VALUES('69206', 1, 'Atividades de contabilidade, consultoria e auditoria contábil e tributária')#
INSERT INTO cnae (num_cnae, id_risco, descricao) VALUES('70107', 1, 'Sedes de empresas e unidades administrativas locais')#
INSERT INTO cnae (num_cnae, id_risco, descricao) VALUES('70204', 1, 'Atividades de consultoria em gestão empresarial')#
INSERT INTO cnae (num_cnae, id_risco, descricao) VALUES('71111', 1, 'Serviços de arquitetura')#
INSERT INTO cnae (num_cnae, id_risco, descricao) VALUES('71120', 1, 'Serviços de engenharia')#
INSERT INTO cnae (num_cnae, id_risco, descricao) VALUES('71197', 1, 'Atividades técnicas relacionadas à arquitetura e engenharia')#
INSERT INTO cnae (num_cnae, id_risco, descricao) VALUES('71201', 2, 'Testes e análises técnicas')#
INSERT INTO cnae (num_cnae, id_risco, descricao) VALUES('72100', 2, 'Pesquisa e desenvolvimento experimental em ciências físicas e naturais')#
INSERT INTO cnae (num_cnae, id_risco, descricao) VALUES('72207', 2, 'Pesquisa e desenvolvimento experimental em ciências sociais e humanas')#
INSERT INTO cnae (num_cnae, id_risco, descricao) VALUES('73114', 1, 'Agências de publicidade')#
INSERT INTO cnae (num_cnae, id_risco, descricao) VALUES('73122', 1, 'Agenciamento de espaços para publicidade, exceto em veículos de comunicação')#
INSERT INTO cnae (num_cnae, id_risco, descricao) VALUES('73190', 1, 'Atividades de publicidade não especificadas anteriormente')#
INSERT INTO cnae (num_cnae, id_risco, descricao) VALUES('73203', 1, 'Pesquisas de mercado e de opinião pública')#
INSERT INTO cnae (num_cnae, id_risco, descricao) VALUES('74102', 1, 'Design e decoração de interiores')#
INSERT INTO cnae (num_cnae, id_risco, descricao) VALUES('74200', 2, 'Atividades fotográficas e similares')#
INSERT INTO cnae (num_cnae, id_risco, descricao) VALUES('74901', 1, 'Atividades profissionais, científicas e técnicas não especificadas anteriormente')#
INSERT INTO cnae (num_cnae, id_risco, descricao) VALUES('75001', 3, 'Atividades veterinárias')#
INSERT INTO cnae (num_cnae, id_risco, descricao) VALUES('77110', 1, 'Locação de automóveis sem condutor')#
INSERT INTO cnae (num_cnae, id_risco, descricao) VALUES('77195', 1, 'Locação de meios de transporte, exceto automóveis, sem condutor')#
INSERT INTO cnae (num_cnae, id_risco, descricao) VALUES('77217', 1, 'Aluguel de equipamentos recreativos e esportivos')#
INSERT INTO cnae (num_cnae, id_risco, descricao) VALUES('77225', 1, 'Aluguel de fitas de vídeo, DVDs e similares')#
INSERT INTO cnae (num_cnae, id_risco, descricao) VALUES('77233', 1, 'Aluguel de objetos do vestuário, joias e acessórios')#
INSERT INTO cnae (num_cnae, id_risco, descricao) VALUES('77292', 1, 'Aluguel de objetos pessoais e domésticos não especificados anteriormente')#
INSERT INTO cnae (num_cnae, id_risco, descricao) VALUES('77314', 1, 'Aluguel de máquinas e equipamentos agrícolas sem operador')#
INSERT INTO cnae (num_cnae, id_risco, descricao) VALUES('77322', 1, 'Aluguel de máquinas e equipamentos para construção sem operador')#
INSERT INTO cnae (num_cnae, id_risco, descricao) VALUES('77331', 1, 'Aluguel de máquinas e equipamentos para escritório')#
INSERT INTO cnae (num_cnae, id_risco, descricao) VALUES('77390', 1, 'Aluguel de máquinas e equipamentos não especificados anteriormente')#
INSERT INTO cnae (num_cnae, id_risco, descricao) VALUES('77403', 1, 'Gestão de ativos intangíveis não financeiros')#
INSERT INTO cnae (num_cnae, id_risco, descricao) VALUES('78108', 1, 'Seleção e agenciamento de mão de obra')#
INSERT INTO cnae (num_cnae, id_risco, descricao) VALUES('78205', 1, 'Locação de mão de obra temporária')#
INSERT INTO cnae (num_cnae, id_risco, descricao) VALUES('78302', 1, 'Fornecimento e gestão de recursos humanos para terceiros')#
INSERT INTO cnae (num_cnae, id_risco, descricao) VALUES('79112', 1, 'Agências de viagens')#
INSERT INTO cnae (num_cnae, id_risco, descricao) VALUES('79121', 1, 'Operadores turísticos')#
INSERT INTO cnae (num_cnae, id_risco, descricao) VALUES('79902', 1, 'Serviços de reservas e outros serviços de turismo não especificados anteriormente')#
INSERT INTO cnae (num_cnae, id_risco, descricao) VALUES('80111', 3, 'Atividades de vigilância e segurança privada')#
INSERT INTO cnae (num_cnae, id_risco, descricao) VALUES('80129', 3, 'Atividades de transporte de valores')#
INSERT INTO cnae (num_cnae, id_risco, descricao) VALUES('80200', 3, 'Atividades de monitoramento de sistemas de segurança')#
INSERT INTO cnae (num_cnae, id_risco, descricao) VALUES('80307', 3, 'Atividades de investigação particular')#
INSERT INTO cnae (num_cnae, id_risco, descricao) VALUES('81117', 2, 'Serviços combinados para apoio a edifícios, exceto condomínios prediais')#
INSERT INTO cnae (num_cnae, id_risco, descricao) VALUES('81125', 2, 'Condomínios prediais')#
INSERT INTO cnae (num_cnae, id_risco, descricao) VALUES('81214', 3, 'Limpeza em prédios e em domicílios')#
INSERT INTO cnae (num_cnae, id_risco, descricao) VALUES('81222', 3, 'Imunização e controle de pragas urbanas')#
INSERT INTO cnae (num_cnae, id_risco, descricao) VALUES('81290', 3, 'Atividades de limpeza não especificadas anteriormente')#
INSERT INTO cnae (num_cnae, id_risco, descricao) VALUES('81303', 1, 'Atividades paisagísticas')#
INSERT INTO cnae (num_cnae, id_risco, descricao) VALUES('82113', 1, 'Serviços combinados de escritório e apoio administrativo')#
INSERT INTO cnae (num_cnae, id_risco, descricao) VALUES('82199', 2, 'Fotocópias, preparação de documentos e outros serviços especializados de apoio administrativo')#
INSERT INTO cnae (num_cnae, id_risco, descricao) VALUES('82202', 2, 'Atividades de teleatendimento')#
INSERT INTO cnae (num_cnae, id_risco, descricao) VALUES('82300', 2, 'Atividades de organização de eventos, exceto culturais e esportivos')#
INSERT INTO cnae (num_cnae, id_risco, descricao) VALUES('82911', 2, 'Atividades de cobrança e informações cadastrais')#
INSERT INTO cnae (num_cnae, id_risco, descricao) VALUES('82920', 2, 'Envasamento e empacotamento sob contrato')#
INSERT INTO cnae (num_cnae, id_risco, descricao) VALUES('82997', 2, 'Atividades de serviços prestados principalmente às empresas não especificadas anteriormente')#
INSERT INTO cnae (num_cnae, id_risco, descricao) VALUES('84116', 1, 'Administração pública em geral')#
INSERT INTO cnae (num_cnae, id_risco, descricao) VALUES('84124', 1, 'Regulação das atividades de saúde, educação, serviços culturais e outros serviços sociais')#
INSERT INTO cnae (num_cnae, id_risco, descricao) VALUES('84132', 1, 'Regulação das atividades econômicas')#
INSERT INTO cnae (num_cnae, id_risco, descricao) VALUES('84213', 1, 'Relações exteriores')#
INSERT INTO cnae (num_cnae, id_risco, descricao) VALUES('84221', 1, 'Defesa')#
INSERT INTO cnae (num_cnae, id_risco, descricao) VALUES('84230', 1, 'Justiça')#
INSERT INTO cnae (num_cnae, id_risco, descricao) VALUES('84248', 1, 'Segurança e ordem pública')#
INSERT INTO cnae (num_cnae, id_risco, descricao) VALUES('84256', 1, 'Defesa Civil')#
INSERT INTO cnae (num_cnae, id_risco, descricao) VALUES('84302', 1, 'Seguridade social obrigatória')#
INSERT INTO cnae (num_cnae, id_risco, descricao) VALUES('85112', 2, 'Educação infantil - creche')#
INSERT INTO cnae (num_cnae, id_risco, descricao) VALUES('85121', 2, 'Educação infantil - pré-escola')#
INSERT INTO cnae (num_cnae, id_risco, descricao) VALUES('85139', 2, 'Ensino fundamental')#
INSERT INTO cnae (num_cnae, id_risco, descricao) VALUES('85201', 2, 'Ensino médio')#
INSERT INTO cnae (num_cnae, id_risco, descricao) VALUES('85317', 2, 'Educação superior - graduação')#
INSERT INTO cnae (num_cnae, id_risco, descricao) VALUES('85325', 2, 'Educação superior - graduação e pós-graduação')#
INSERT INTO cnae (num_cnae, id_risco, descricao) VALUES('85333', 2, 'Educação superior - pós-graduação e extensão')#
INSERT INTO cnae (num_cnae, id_risco, descricao) VALUES('85414', 2, 'Educação profissional de nível técnico')#
INSERT INTO cnae (num_cnae, id_risco, descricao) VALUES('85422', 2, 'Educação profissional de nível tecnológico')#
INSERT INTO cnae (num_cnae, id_risco, descricao) VALUES('85503', 2, 'Atividades de apoio à educação')#
INSERT INTO cnae (num_cnae, id_risco, descricao) VALUES('85911', 2, 'Ensino de esportes')#
INSERT INTO cnae (num_cnae, id_risco, descricao) VALUES('85929', 2, 'Ensino de arte e cultura')#
INSERT INTO cnae (num_cnae, id_risco, descricao) VALUES('85937', 2, 'Ensino de idiomas')#
INSERT INTO cnae (num_cnae, id_risco, descricao) VALUES('85996', 2, 'Atividades de ensino não especificadas anteriormente')#
INSERT INTO cnae (num_cnae, id_risco, descricao) VALUES('86101', 3, 'Atividades de atendimento hospitalar')#
INSERT INTO cnae (num_cnae, id_risco, descricao) VALUES('86216', 3, 'Serviços móveis de atendimento a urgências')#
INSERT INTO cnae (num_cnae, id_risco, descricao) VALUES('86224', 3, 'Serviços de remoção de pacientes, exceto os serviços móveis de atendimento a urgências')#
INSERT INTO cnae (num_cnae, id_risco, descricao) VALUES('86305', 3, 'Atividades de atenção ambulatorial executadas por médicos e odontólogos')#
INSERT INTO cnae (num_cnae, id_risco, descricao) VALUES('86402', 3, 'Atividades de serviços de complementação diagnóstica e terapêutica')#
INSERT INTO cnae (num_cnae, id_risco, descricao) VALUES('86500', 2, 'Atividades de profissionais da área de saúde, exceto médicos e odontólogos')#
INSERT INTO cnae (num_cnae, id_risco, descricao) VALUES('86607', 1, 'Atividades de apoio à gestão de saúde')#
INSERT INTO cnae (num_cnae, id_risco, descricao) VALUES('86909', 1, 'Atividades de atenção à saúde humana não especificadas anteriormente')#
INSERT INTO cnae (num_cnae, id_risco, descricao) VALUES('87115', 1, 'Atividades de assistência a idosos, deficientes físicos, imunodeprimidos e convalescentes prestadas em residências coletivas e particulares')#
INSERT INTO cnae (num_cnae, id_risco, descricao) VALUES('87123', 1, 'Atividades de fornecimento de infraestrutura de apoio e assistência a paciente no domicílio')#
INSERT INTO cnae (num_cnae, id_risco, descricao) VALUES('87204', 1, 'Atividades de assistência psicossocial e à saúde a portadores de distúrbios psíquicos, deficiência mental e dependência química')#
INSERT INTO cnae (num_cnae, id_risco, descricao) VALUES('873', 1, 'Atividades de assistência social prestadas em residências coletivas e particulares')#
INSERT INTO cnae (num_cnae, id_risco, descricao) VALUES('87301', 1, 'Atividades de assistência social prestadas em residências coletivas e particulares')#
INSERT INTO cnae (num_cnae, id_risco, descricao) VALUES('88006', 1, 'Serviços de assistência social sem alojamento')#
INSERT INTO cnae (num_cnae, id_risco, descricao) VALUES('90019', 2, 'Artes cênicas, espetáculos e atividades complementares')#
INSERT INTO cnae (num_cnae, id_risco, descricao) VALUES('90027', 2, 'Criação artística')#
INSERT INTO cnae (num_cnae, id_risco, descricao) VALUES('90035', 1, 'Gestão de espaços para artes cênicas, espetáculos e outras atividades artísticas')#
INSERT INTO cnae (num_cnae, id_risco, descricao) VALUES('91015', 2, 'Atividades de bibliotecas e arquivos')#
INSERT INTO cnae (num_cnae, id_risco, descricao) VALUES('91023', 2, 'Atividades de museus e de exploração, restauração artística e conservação de lugares e prédios históricos e atrações similares')#
INSERT INTO cnae (num_cnae, id_risco, descricao) VALUES('91031', 2, 'Atividades de jardins botânicos, zoológicos, parques nacionais, reservas ecológicas e áreas de proteção ambiental')#
INSERT INTO cnae (num_cnae, id_risco, descricao) VALUES('92003', 1, 'Atividades de exploração de jogos de azar e apostas')#
INSERT INTO cnae (num_cnae, id_risco, descricao) VALUES('93115', 1, 'Gestão de instalações de esportes')#
INSERT INTO cnae (num_cnae, id_risco, descricao) VALUES('93123', 2, 'Clubes sociais, esportivos e similares')#
INSERT INTO cnae (num_cnae, id_risco, descricao) VALUES('93131', 2, 'Atividades de condicionamento físico')#
INSERT INTO cnae (num_cnae, id_risco, descricao) VALUES('93191', 2, 'Atividades esportivas não especificadas anteriormente')#
INSERT INTO cnae (num_cnae, id_risco, descricao) VALUES('93212', 2, 'Parques de diversão e parques temáticos')#
INSERT INTO cnae (num_cnae, id_risco, descricao) VALUES('93298', 2, 'Atividades de recreação e lazer não especificadas anteriormente')#
INSERT INTO cnae (num_cnae, id_risco, descricao) VALUES('94111', 1, 'Atividades de organizações associativas patronais e empresariais')#
INSERT INTO cnae (num_cnae, id_risco, descricao) VALUES('94120', 1, 'Atividades de organizações associativas profissionais')#
INSERT INTO cnae (num_cnae, id_risco, descricao) VALUES('94201', 1, 'Atividades de organizações sindicais')#
INSERT INTO cnae (num_cnae, id_risco, descricao) VALUES('94308', 1, 'Atividades de associações de defesa de direitos sociais')#
INSERT INTO cnae (num_cnae, id_risco, descricao) VALUES('94910', 1, 'Atividades de organizações religiosas')#
INSERT INTO cnae (num_cnae, id_risco, descricao) VALUES('94928', 1, 'Atividades de organizações políticas')#
INSERT INTO cnae (num_cnae, id_risco, descricao) VALUES('94936', 1, 'Atividades de organizações associativas ligadas à cultura e à arte')#
INSERT INTO cnae (num_cnae, id_risco, descricao) VALUES('94995', 1, 'Atividades associativas não especificadas anteriormente')#
INSERT INTO cnae (num_cnae, id_risco, descricao) VALUES('95118', 3, 'Reparação e manutenção de computadores e de equipamentos periféricos')#
INSERT INTO cnae (num_cnae, id_risco, descricao) VALUES('95126', 3, 'Reparação e manutenção de equipamentos de comunicação')#
INSERT INTO cnae (num_cnae, id_risco, descricao) VALUES('95215', 3, 'Reparação e manutenção de equipamentos eletroeletrônicos de uso pessoal e doméstico')#
INSERT INTO cnae (num_cnae, id_risco, descricao) VALUES('95291', 3, 'Reparação e manutenção de objetos e equipamentos pessoais e domésticos não especificados anteriormente')#
INSERT INTO cnae (num_cnae, id_risco, descricao) VALUES('96017', 2, 'Lavanderias, tinturarias e toalheiros')#
INSERT INTO cnae (num_cnae, id_risco, descricao) VALUES('96025', 2, 'Cabeleireiros e outras atividades de tratamento de beleza')#
INSERT INTO cnae (num_cnae, id_risco, descricao) VALUES('96033', 2, 'Atividades funerárias e serviços relacionados')#
INSERT INTO cnae (num_cnae, id_risco, descricao) VALUES('96092', 2, 'Atividades de serviços pessoais não especificadas anteriormente')#
INSERT INTO cnae (num_cnae, id_risco, descricao) VALUES('97005', 2, 'Serviços domésticos')#
INSERT INTO cnae (num_cnae, id_risco, descricao) VALUES('99008', 1, 'Organismos internacionais e outras instituições extraterritoriais')#

INSERT INTO empregado (id_empregado, descricao) VALUES(1, 'Técnico Seg. Trabalho')#
INSERT INTO empregado (id_empregado, descricao) VALUES(2, 'Engenheiro Seg. Trabalho')#
INSERT INTO empregado (id_empregado, descricao) VALUES(3, 'Aux. Enfermagem Trabalho')#
INSERT INTO empregado (id_empregado, descricao) VALUES(4, 'Enfermeiro do Trabalho')#
INSERT INTO empregado (id_empregado, descricao) VALUES(5, 'Médico do Trabalho')#

INSERT INTO empregado_obrigatorio (id_emp_obg, id_risco, id_intervalo, id_empregado, id_observacao, quantidade) VALUES(1, 1, 1, 1, NULL, 0)#
INSERT INTO empregado_obrigatorio (id_emp_obg, id_risco, id_intervalo, id_empregado, id_observacao, quantidade) VALUES(2, 1, 1, 2, NULL, 0)#
INSERT INTO empregado_obrigatorio (id_emp_obg, id_risco, id_intervalo, id_empregado, id_observacao, quantidade) VALUES(3, 1, 1, 3, NULL, 0)#
INSERT INTO empregado_obrigatorio (id_emp_obg, id_risco, id_intervalo, id_empregado, id_observacao, quantidade) VALUES(4, 1, 1, 4, NULL, 0)#
INSERT INTO empregado_obrigatorio (id_emp_obg, id_risco, id_intervalo, id_empregado, id_observacao, quantidade) VALUES(5, 1, 1, 5, NULL, 0)#
INSERT INTO empregado_obrigatorio (id_emp_obg, id_risco, id_intervalo, id_empregado, id_observacao, quantidade) VALUES(6, 1, 2, 1, NULL, 0)#
INSERT INTO empregado_obrigatorio (id_emp_obg, id_risco, id_intervalo, id_empregado, id_observacao, quantidade) VALUES(7, 1, 2, 2, NULL, 0)#
INSERT INTO empregado_obrigatorio (id_emp_obg, id_risco, id_intervalo, id_empregado, id_observacao, quantidade) VALUES(8, 1, 2, 3, NULL, 0)#
INSERT INTO empregado_obrigatorio (id_emp_obg, id_risco, id_intervalo, id_empregado, id_observacao, quantidade) VALUES(9, 1, 2, 4, NULL, 0)#
INSERT INTO empregado_obrigatorio (id_emp_obg, id_risco, id_intervalo, id_empregado, id_observacao, quantidade) VALUES(10, 1, 2, 5, NULL, 0)#
INSERT INTO empregado_obrigatorio (id_emp_obg, id_risco, id_intervalo, id_empregado, id_observacao, quantidade) VALUES(11, 1, 3, 1, NULL, 0)#
INSERT INTO empregado_obrigatorio (id_emp_obg, id_risco, id_intervalo, id_empregado, id_observacao, quantidade) VALUES(12, 1, 3, 2, NULL, 0)#
INSERT INTO empregado_obrigatorio (id_emp_obg, id_risco, id_intervalo, id_empregado, id_observacao, quantidade) VALUES(13, 1, 3, 3, NULL, 0)#
INSERT INTO empregado_obrigatorio (id_emp_obg, id_risco, id_intervalo, id_empregado, id_observacao, quantidade) VALUES(14, 1, 3, 4, NULL, 0)#
INSERT INTO empregado_obrigatorio (id_emp_obg, id_risco, id_intervalo, id_empregado, id_observacao, quantidade) VALUES(15, 1, 3, 5, NULL, 0)#
INSERT INTO empregado_obrigatorio (id_emp_obg, id_risco, id_intervalo, id_empregado, id_observacao, quantidade) VALUES(16, 1, 4, 1, NULL, 1)#
INSERT INTO empregado_obrigatorio (id_emp_obg, id_risco, id_intervalo, id_empregado, id_observacao, quantidade) VALUES(17, 1, 4, 2, NULL, 0)#
INSERT INTO empregado_obrigatorio (id_emp_obg, id_risco, id_intervalo, id_empregado, id_observacao, quantidade) VALUES(18, 1, 4, 3, NULL, 0)#
INSERT INTO empregado_obrigatorio (id_emp_obg, id_risco, id_intervalo, id_empregado, id_observacao, quantidade) VALUES(19, 1, 4, 4, NULL, 0)#
INSERT INTO empregado_obrigatorio (id_emp_obg, id_risco, id_intervalo, id_empregado, id_observacao, quantidade) VALUES(20, 1, 4, 5, NULL, 0)#
INSERT INTO empregado_obrigatorio (id_emp_obg, id_risco, id_intervalo, id_empregado, id_observacao, quantidade) VALUES(21, 1, 5, 1, NULL, 1)#
INSERT INTO empregado_obrigatorio (id_emp_obg, id_risco, id_intervalo, id_empregado, id_observacao, quantidade) VALUES(22, 1, 5, 2, NULL, 0)#
INSERT INTO empregado_obrigatorio (id_emp_obg, id_risco, id_intervalo, id_empregado, id_observacao, quantidade) VALUES(23, 1, 5, 3, NULL, 0)#
INSERT INTO empregado_obrigatorio (id_emp_obg, id_risco, id_intervalo, id_empregado, id_observacao, quantidade) VALUES(24, 1, 5, 4, NULL, 0)#
INSERT INTO empregado_obrigatorio (id_emp_obg, id_risco, id_intervalo, id_empregado, id_observacao, quantidade) VALUES(25, 1, 5, 5, 1, 1)#
INSERT INTO empregado_obrigatorio (id_emp_obg, id_risco, id_intervalo, id_empregado, id_observacao, quantidade) VALUES(26, 1, 6, 1, NULL, 1)#
INSERT INTO empregado_obrigatorio (id_emp_obg, id_risco, id_intervalo, id_empregado, id_observacao, quantidade) VALUES(27, 1, 6, 2, 1, 1)#
INSERT INTO empregado_obrigatorio (id_emp_obg, id_risco, id_intervalo, id_empregado, id_observacao, quantidade) VALUES(28, 1, 6, 3, NULL, 1)#
INSERT INTO empregado_obrigatorio (id_emp_obg, id_risco, id_intervalo, id_empregado, id_observacao, quantidade) VALUES(29, 1, 6, 4, NULL, 0)#
INSERT INTO empregado_obrigatorio (id_emp_obg, id_risco, id_intervalo, id_empregado, id_observacao, quantidade) VALUES(30, 1, 6, 5, 1, 1)#
INSERT INTO empregado_obrigatorio (id_emp_obg, id_risco, id_intervalo, id_empregado, id_observacao, quantidade) VALUES(31, 1, 7, 1, NULL, 2)#
INSERT INTO empregado_obrigatorio (id_emp_obg, id_risco, id_intervalo, id_empregado, id_observacao, quantidade) VALUES(32, 1, 7, 2, NULL, 1)#
INSERT INTO empregado_obrigatorio (id_emp_obg, id_risco, id_intervalo, id_empregado, id_observacao, quantidade) VALUES(33, 1, 7, 3, NULL, 1)#
INSERT INTO empregado_obrigatorio (id_emp_obg, id_risco, id_intervalo, id_empregado, id_observacao, quantidade) VALUES(34, 1, 7, 4, 1, 1)#
INSERT INTO empregado_obrigatorio (id_emp_obg, id_risco, id_intervalo, id_empregado, id_observacao, quantidade) VALUES(35, 1, 7, 5, NULL, 1)#
INSERT INTO empregado_obrigatorio (id_emp_obg, id_risco, id_intervalo, id_empregado, id_observacao, quantidade) VALUES(36, 1, 8, 1, NULL, 1)#
INSERT INTO empregado_obrigatorio (id_emp_obg, id_risco, id_intervalo, id_empregado, id_observacao, quantidade) VALUES(37, 1, 8, 2, 1, 1)#
INSERT INTO empregado_obrigatorio (id_emp_obg, id_risco, id_intervalo, id_empregado, id_observacao, quantidade) VALUES(38, 1, 8, 3, NULL, 1)#
INSERT INTO empregado_obrigatorio (id_emp_obg, id_risco, id_intervalo, id_empregado, id_observacao, quantidade) VALUES(39, 1, 8, 4, NULL, 0)#
INSERT INTO empregado_obrigatorio (id_emp_obg, id_risco, id_intervalo, id_empregado, id_observacao, quantidade) VALUES(40, 1, 8, 5, 1, 1)#
INSERT INTO empregado_obrigatorio (id_emp_obg, id_risco, id_intervalo, id_empregado, id_observacao, quantidade) VALUES(41, 2, 1, 1, NULL, 0)#
INSERT INTO empregado_obrigatorio (id_emp_obg, id_risco, id_intervalo, id_empregado, id_observacao, quantidade) VALUES(42, 2, 1, 2, NULL, 0)#
INSERT INTO empregado_obrigatorio (id_emp_obg, id_risco, id_intervalo, id_empregado, id_observacao, quantidade) VALUES(43, 3, 1, 3, NULL, 0)#
INSERT INTO empregado_obrigatorio (id_emp_obg, id_risco, id_intervalo, id_empregado, id_observacao, quantidade) VALUES(44, 2, 1, 4, NULL, 0)#
INSERT INTO empregado_obrigatorio (id_emp_obg, id_risco, id_intervalo, id_empregado, id_observacao, quantidade) VALUES(45, 2, 1, 5, NULL, 0)#
INSERT INTO empregado_obrigatorio (id_emp_obg, id_risco, id_intervalo, id_empregado, id_observacao, quantidade) VALUES(46, 2, 2, 1, NULL, 0)#
INSERT INTO empregado_obrigatorio (id_emp_obg, id_risco, id_intervalo, id_empregado, id_observacao, quantidade) VALUES(47, 2, 2, 2, NULL, 0)#
INSERT INTO empregado_obrigatorio (id_emp_obg, id_risco, id_intervalo, id_empregado, id_observacao, quantidade) VALUES(48, 3, 2, 3, NULL, 0)#
INSERT INTO empregado_obrigatorio (id_emp_obg, id_risco, id_intervalo, id_empregado, id_observacao, quantidade) VALUES(49, 2, 2, 4, NULL, 0)#
INSERT INTO empregado_obrigatorio (id_emp_obg, id_risco, id_intervalo, id_empregado, id_observacao, quantidade) VALUES(50, 2, 2, 5, NULL, 0)#
INSERT INTO empregado_obrigatorio (id_emp_obg, id_risco, id_intervalo, id_empregado, id_observacao, quantidade) VALUES(51, 2, 3, 1, NULL, 0)#
INSERT INTO empregado_obrigatorio (id_emp_obg, id_risco, id_intervalo, id_empregado, id_observacao, quantidade) VALUES(52, 2, 3, 2, NULL, 0)#
INSERT INTO empregado_obrigatorio (id_emp_obg, id_risco, id_intervalo, id_empregado, id_observacao, quantidade) VALUES(53, 3, 3, 3, NULL, 0)#
INSERT INTO empregado_obrigatorio (id_emp_obg, id_risco, id_intervalo, id_empregado, id_observacao, quantidade) VALUES(54, 2, 3, 4, NULL, 0)#
INSERT INTO empregado_obrigatorio (id_emp_obg, id_risco, id_intervalo, id_empregado, id_observacao, quantidade) VALUES(55, 2, 3, 5, NULL, 0)#
INSERT INTO empregado_obrigatorio (id_emp_obg, id_risco, id_intervalo, id_empregado, id_observacao, quantidade) VALUES(56, 2, 4, 1, NULL, 1)#
INSERT INTO empregado_obrigatorio (id_emp_obg, id_risco, id_intervalo, id_empregado, id_observacao, quantidade) VALUES(57, 2, 4, 2, NULL, 0)#
INSERT INTO empregado_obrigatorio (id_emp_obg, id_risco, id_intervalo, id_empregado, id_observacao, quantidade) VALUES(58, 3, 4, 3, NULL, 0)#
INSERT INTO empregado_obrigatorio (id_emp_obg, id_risco, id_intervalo, id_empregado, id_observacao, quantidade) VALUES(59, 2, 4, 4, NULL, 0)#
INSERT INTO empregado_obrigatorio (id_emp_obg, id_risco, id_intervalo, id_empregado, id_observacao, quantidade) VALUES(60, 2, 4, 5, NULL, 0)#
INSERT INTO empregado_obrigatorio (id_emp_obg, id_risco, id_intervalo, id_empregado, id_observacao, quantidade) VALUES(61, 2, 5, 1, NULL, 1)#
INSERT INTO empregado_obrigatorio (id_emp_obg, id_risco, id_intervalo, id_empregado, id_observacao, quantidade) VALUES(62, 2, 5, 2, 1, 1)#
INSERT INTO empregado_obrigatorio (id_emp_obg, id_risco, id_intervalo, id_empregado, id_observacao, quantidade) VALUES(63, 3, 5, 3, NULL, 1)#
INSERT INTO empregado_obrigatorio (id_emp_obg, id_risco, id_intervalo, id_empregado, id_observacao, quantidade) VALUES(64, 2, 5, 4, NULL, 0)#
INSERT INTO empregado_obrigatorio (id_emp_obg, id_risco, id_intervalo, id_empregado, id_observacao, quantidade) VALUES(65, 2, 5, 5, 1, 1)#
INSERT INTO empregado_obrigatorio (id_emp_obg, id_risco, id_intervalo, id_empregado, id_observacao, quantidade) VALUES(66, 2, 6, 1, NULL, 2)#
INSERT INTO empregado_obrigatorio (id_emp_obg, id_risco, id_intervalo, id_empregado, id_observacao, quantidade) VALUES(67, 2, 6, 2, NULL, 1)#
INSERT INTO empregado_obrigatorio (id_emp_obg, id_risco, id_intervalo, id_empregado, id_observacao, quantidade) VALUES(68, 3, 6, 3, NULL, 1)#
INSERT INTO empregado_obrigatorio (id_emp_obg, id_risco, id_intervalo, id_empregado, id_observacao, quantidade) VALUES(69, 2, 6, 4, NULL, 0)#
INSERT INTO empregado_obrigatorio (id_emp_obg, id_risco, id_intervalo, id_empregado, id_observacao, quantidade) VALUES(70, 2, 6, 5, NULL, 1)#
INSERT INTO empregado_obrigatorio (id_emp_obg, id_risco, id_intervalo, id_empregado, id_observacao, quantidade) VALUES(71, 2, 7, 1, NULL, 5)#
INSERT INTO empregado_obrigatorio (id_emp_obg, id_risco, id_intervalo, id_empregado, id_observacao, quantidade) VALUES(72, 2, 7, 2, NULL, 1)#
INSERT INTO empregado_obrigatorio (id_emp_obg, id_risco, id_intervalo, id_empregado, id_observacao, quantidade) VALUES(73, 3, 7, 3, NULL, 1)#
INSERT INTO empregado_obrigatorio (id_emp_obg, id_risco, id_intervalo, id_empregado, id_observacao, quantidade) VALUES(74, 2, 7, 4, NULL, 1)#
INSERT INTO empregado_obrigatorio (id_emp_obg, id_risco, id_intervalo, id_empregado, id_observacao, quantidade) VALUES(75, 2, 7, 5, NULL, 1)#
INSERT INTO empregado_obrigatorio (id_emp_obg, id_risco, id_intervalo, id_empregado, id_observacao, quantidade) VALUES(76, 2, 8, 1, NULL, 1)#
INSERT INTO empregado_obrigatorio (id_emp_obg, id_risco, id_intervalo, id_empregado, id_observacao, quantidade) VALUES(77, 2, 8, 2, 1, 1)#
INSERT INTO empregado_obrigatorio (id_emp_obg, id_risco, id_intervalo, id_empregado, id_observacao, quantidade) VALUES(78, 3, 8, 3, NULL, 1)#
INSERT INTO empregado_obrigatorio (id_emp_obg, id_risco, id_intervalo, id_empregado, id_observacao, quantidade) VALUES(79, 2, 8, 4, NULL, 0)#
INSERT INTO empregado_obrigatorio (id_emp_obg, id_risco, id_intervalo, id_empregado, id_observacao, quantidade) VALUES(80, 2, 8, 5, NULL, 1)#
INSERT INTO empregado_obrigatorio (id_emp_obg, id_risco, id_intervalo, id_empregado, id_observacao, quantidade) VALUES(81, 3, 1, 1, NULL, 0)#
INSERT INTO empregado_obrigatorio (id_emp_obg, id_risco, id_intervalo, id_empregado, id_observacao, quantidade) VALUES(82, 3, 1, 2, NULL, 0)#
INSERT INTO empregado_obrigatorio (id_emp_obg, id_risco, id_intervalo, id_empregado, id_observacao, quantidade) VALUES(83, 3, 1, 3, NULL, 0)#
INSERT INTO empregado_obrigatorio (id_emp_obg, id_risco, id_intervalo, id_empregado, id_observacao, quantidade) VALUES(84, 3, 1, 4, NULL, 0)#
INSERT INTO empregado_obrigatorio (id_emp_obg, id_risco, id_intervalo, id_empregado, id_observacao, quantidade) VALUES(85, 3, 1, 5, NULL, 0)#
INSERT INTO empregado_obrigatorio (id_emp_obg, id_risco, id_intervalo, id_empregado, id_observacao, quantidade) VALUES(86, 3, 2, 1, NULL, 1)#
INSERT INTO empregado_obrigatorio (id_emp_obg, id_risco, id_intervalo, id_empregado, id_observacao, quantidade) VALUES(87, 3, 2, 2, NULL, 0)#
INSERT INTO empregado_obrigatorio (id_emp_obg, id_risco, id_intervalo, id_empregado, id_observacao, quantidade) VALUES(88, 3, 2, 3, NULL, 0)#
INSERT INTO empregado_obrigatorio (id_emp_obg, id_risco, id_intervalo, id_empregado, id_observacao, quantidade) VALUES(89, 3, 2, 4, NULL, 0)#
INSERT INTO empregado_obrigatorio (id_emp_obg, id_risco, id_intervalo, id_empregado, id_observacao, quantidade) VALUES(90, 3, 2, 5, NULL, 0)#
INSERT INTO empregado_obrigatorio (id_emp_obg, id_risco, id_intervalo, id_empregado, id_observacao, quantidade) VALUES(91, 3, 3, 1, NULL, 2)#
INSERT INTO empregado_obrigatorio (id_emp_obg, id_risco, id_intervalo, id_empregado, id_observacao, quantidade) VALUES(92, 3, 3, 2, NULL, 0)#
INSERT INTO empregado_obrigatorio (id_emp_obg, id_risco, id_intervalo, id_empregado, id_observacao, quantidade) VALUES(93, 3, 3, 3, NULL, 0)#
INSERT INTO empregado_obrigatorio (id_emp_obg, id_risco, id_intervalo, id_empregado, id_observacao, quantidade) VALUES(94, 3, 3, 4, NULL, 0)#
INSERT INTO empregado_obrigatorio (id_emp_obg, id_risco, id_intervalo, id_empregado, id_observacao, quantidade) VALUES(95, 3, 3, 5, NULL, 0)#
INSERT INTO empregado_obrigatorio (id_emp_obg, id_risco, id_intervalo, id_empregado, id_observacao, quantidade) VALUES(96, 3, 4, 1, NULL, 3)#
INSERT INTO empregado_obrigatorio (id_emp_obg, id_risco, id_intervalo, id_empregado, id_observacao, quantidade) VALUES(97, 3, 4, 2, 1, 1)#
INSERT INTO empregado_obrigatorio (id_emp_obg, id_risco, id_intervalo, id_empregado, id_observacao, quantidade) VALUES(98, 3, 4, 3, NULL, 0)#
INSERT INTO empregado_obrigatorio (id_emp_obg, id_risco, id_intervalo, id_empregado, id_observacao, quantidade) VALUES(99, 3, 4, 4, NULL, 0)#
INSERT INTO empregado_obrigatorio (id_emp_obg, id_risco, id_intervalo, id_empregado, id_observacao, quantidade) VALUES(100, 3, 4, 5, 1, 1)#
INSERT INTO empregado_obrigatorio (id_emp_obg, id_risco, id_intervalo, id_empregado, id_observacao, quantidade) VALUES(101, 3, 5, 1, NULL, 4)#
INSERT INTO empregado_obrigatorio (id_emp_obg, id_risco, id_intervalo, id_empregado, id_observacao, quantidade) VALUES(102, 3, 5, 2, NULL, 1)#
INSERT INTO empregado_obrigatorio (id_emp_obg, id_risco, id_intervalo, id_empregado, id_observacao, quantidade) VALUES(103, 3, 5, 3, NULL, 1)#
INSERT INTO empregado_obrigatorio (id_emp_obg, id_risco, id_intervalo, id_empregado, id_observacao, quantidade) VALUES(104, 3, 5, 4, NULL, 0)#
INSERT INTO empregado_obrigatorio (id_emp_obg, id_risco, id_intervalo, id_empregado, id_observacao, quantidade) VALUES(105, 3, 5, 5, NULL, 1)#
INSERT INTO empregado_obrigatorio (id_emp_obg, id_risco, id_intervalo, id_empregado, id_observacao, quantidade) VALUES(106, 3, 6, 1, NULL, 6)#
INSERT INTO empregado_obrigatorio (id_emp_obg, id_risco, id_intervalo, id_empregado, id_observacao, quantidade) VALUES(107, 3, 6, 2, NULL, 1)#
INSERT INTO empregado_obrigatorio (id_emp_obg, id_risco, id_intervalo, id_empregado, id_observacao, quantidade) VALUES(108, 3, 6, 3, NULL, 2)#
INSERT INTO empregado_obrigatorio (id_emp_obg, id_risco, id_intervalo, id_empregado, id_observacao, quantidade) VALUES(109, 3, 6, 4, NULL, 0)#
INSERT INTO empregado_obrigatorio (id_emp_obg, id_risco, id_intervalo, id_empregado, id_observacao, quantidade) VALUES(110, 3, 6, 5, NULL, 1)#
INSERT INTO empregado_obrigatorio (id_emp_obg, id_risco, id_intervalo, id_empregado, id_observacao, quantidade) VALUES(111, 3, 7, 1, NULL, 8)#
INSERT INTO empregado_obrigatorio (id_emp_obg, id_risco, id_intervalo, id_empregado, id_observacao, quantidade) VALUES(112, 3, 7, 2, NULL, 2)#
INSERT INTO empregado_obrigatorio (id_emp_obg, id_risco, id_intervalo, id_empregado, id_observacao, quantidade) VALUES(113, 3, 7, 3, NULL, 1)#
INSERT INTO empregado_obrigatorio (id_emp_obg, id_risco, id_intervalo, id_empregado, id_observacao, quantidade) VALUES(114, 3, 7, 4, NULL, 1)#
INSERT INTO empregado_obrigatorio (id_emp_obg, id_risco, id_intervalo, id_empregado, id_observacao, quantidade) VALUES(115, 3, 7, 5, NULL, 2)#
INSERT INTO empregado_obrigatorio (id_emp_obg, id_risco, id_intervalo, id_empregado, id_observacao, quantidade) VALUES(116, 3, 8, 1, NULL, 3)#
INSERT INTO empregado_obrigatorio (id_emp_obg, id_risco, id_intervalo, id_empregado, id_observacao, quantidade) VALUES(117, 3, 8, 2, NULL, 1)#
INSERT INTO empregado_obrigatorio (id_emp_obg, id_risco, id_intervalo, id_empregado, id_observacao, quantidade) VALUES(118, 3, 8, 3, NULL, 1)#
INSERT INTO empregado_obrigatorio (id_emp_obg, id_risco, id_intervalo, id_empregado, id_observacao, quantidade) VALUES(119, 3, 8, 4, NULL, 0)#
INSERT INTO empregado_obrigatorio (id_emp_obg, id_risco, id_intervalo, id_empregado, id_observacao, quantidade) VALUES(120, 3, 8, 5, NULL, 1)#
INSERT INTO empregado_obrigatorio (id_emp_obg, id_risco, id_intervalo, id_empregado, id_observacao, quantidade) VALUES(121, 4, 1, 1, NULL, 1)#
INSERT INTO empregado_obrigatorio (id_emp_obg, id_risco, id_intervalo, id_empregado, id_observacao, quantidade) VALUES(122, 4, 1, 2, NULL, 0)#
INSERT INTO empregado_obrigatorio (id_emp_obg, id_risco, id_intervalo, id_empregado, id_observacao, quantidade) VALUES(123, 4, 1, 3, NULL, 0)#
INSERT INTO empregado_obrigatorio (id_emp_obg, id_risco, id_intervalo, id_empregado, id_observacao, quantidade) VALUES(124, 4, 1, 4, NULL, 0)#
INSERT INTO empregado_obrigatorio (id_emp_obg, id_risco, id_intervalo, id_empregado, id_observacao, quantidade) VALUES(125, 4, 1, 5, NULL, 0)#
INSERT INTO empregado_obrigatorio (id_emp_obg, id_risco, id_intervalo, id_empregado, id_observacao, quantidade) VALUES(126, 4, 2, 1, NULL, 2)#
INSERT INTO empregado_obrigatorio (id_emp_obg, id_risco, id_intervalo, id_empregado, id_observacao, quantidade) VALUES(127, 4, 2, 2, 1, 1)#
INSERT INTO empregado_obrigatorio (id_emp_obg, id_risco, id_intervalo, id_empregado, id_observacao, quantidade) VALUES(128, 4, 2, 3, NULL, 0)#
INSERT INTO empregado_obrigatorio (id_emp_obg, id_risco, id_intervalo, id_empregado, id_observacao, quantidade) VALUES(129, 4, 2, 4, NULL, 0)#
INSERT INTO empregado_obrigatorio (id_emp_obg, id_risco, id_intervalo, id_empregado, id_observacao, quantidade) VALUES(130, 4, 2, 5, 1, 1)#
INSERT INTO empregado_obrigatorio (id_emp_obg, id_risco, id_intervalo, id_empregado, id_observacao, quantidade) VALUES(131, 4, 3, 1, NULL, 3)#
INSERT INTO empregado_obrigatorio (id_emp_obg, id_risco, id_intervalo, id_empregado, id_observacao, quantidade) VALUES(132, 4, 3, 2, 1, 1)#
INSERT INTO empregado_obrigatorio (id_emp_obg, id_risco, id_intervalo, id_empregado, id_observacao, quantidade) VALUES(133, 4, 3, 3, NULL, 0)#
INSERT INTO empregado_obrigatorio (id_emp_obg, id_risco, id_intervalo, id_empregado, id_observacao, quantidade) VALUES(134, 4, 3, 4, NULL, 0)#
INSERT INTO empregado_obrigatorio (id_emp_obg, id_risco, id_intervalo, id_empregado, id_observacao, quantidade) VALUES(135, 4, 3, 5, 1, 1)#
INSERT INTO empregado_obrigatorio (id_emp_obg, id_risco, id_intervalo, id_empregado, id_observacao, quantidade) VALUES(136, 4, 4, 1, NULL, 4)#
INSERT INTO empregado_obrigatorio (id_emp_obg, id_risco, id_intervalo, id_empregado, id_observacao, quantidade) VALUES(137, 4, 4, 2, NULL, 1)#
INSERT INTO empregado_obrigatorio (id_emp_obg, id_risco, id_intervalo, id_empregado, id_observacao, quantidade) VALUES(138, 4, 4, 3, NULL, 1)#
INSERT INTO empregado_obrigatorio (id_emp_obg, id_risco, id_intervalo, id_empregado, id_observacao, quantidade) VALUES(139, 4, 4, 4, NULL, 0)#
INSERT INTO empregado_obrigatorio (id_emp_obg, id_risco, id_intervalo, id_empregado, id_observacao, quantidade) VALUES(140, 4, 4, 5, NULL, 1)#
INSERT INTO empregado_obrigatorio (id_emp_obg, id_risco, id_intervalo, id_empregado, id_observacao, quantidade) VALUES(141, 4, 5, 1, NULL, 5)#
INSERT INTO empregado_obrigatorio (id_emp_obg, id_risco, id_intervalo, id_empregado, id_observacao, quantidade) VALUES(142, 4, 5, 2, NULL, 1)#
INSERT INTO empregado_obrigatorio (id_emp_obg, id_risco, id_intervalo, id_empregado, id_observacao, quantidade) VALUES(143, 4, 5, 3, NULL, 1)#
INSERT INTO empregado_obrigatorio (id_emp_obg, id_risco, id_intervalo, id_empregado, id_observacao, quantidade) VALUES(144, 4, 5, 4, NULL, 0)#
INSERT INTO empregado_obrigatorio (id_emp_obg, id_risco, id_intervalo, id_empregado, id_observacao, quantidade) VALUES(145, 4, 5, 5, NULL, 1)#
INSERT INTO empregado_obrigatorio (id_emp_obg, id_risco, id_intervalo, id_empregado, id_observacao, quantidade) VALUES(146, 4, 6, 1, NULL, 8)#
INSERT INTO empregado_obrigatorio (id_emp_obg, id_risco, id_intervalo, id_empregado, id_observacao, quantidade) VALUES(147, 4, 6, 2, NULL, 2)#
INSERT INTO empregado_obrigatorio (id_emp_obg, id_risco, id_intervalo, id_empregado, id_observacao, quantidade) VALUES(148, 4, 6, 3, NULL, 2)#
INSERT INTO empregado_obrigatorio (id_emp_obg, id_risco, id_intervalo, id_empregado, id_observacao, quantidade) VALUES(149, 4, 6, 4, NULL, 0)#
INSERT INTO empregado_obrigatorio (id_emp_obg, id_risco, id_intervalo, id_empregado, id_observacao, quantidade) VALUES(150, 4, 6, 5, NULL, 2)#
INSERT INTO empregado_obrigatorio (id_emp_obg, id_risco, id_intervalo, id_empregado, id_observacao, quantidade) VALUES(151, 4, 7, 1, NULL, 10)#
INSERT INTO empregado_obrigatorio (id_emp_obg, id_risco, id_intervalo, id_empregado, id_observacao, quantidade) VALUES(152, 4, 7, 2, NULL, 3)#
INSERT INTO empregado_obrigatorio (id_emp_obg, id_risco, id_intervalo, id_empregado, id_observacao, quantidade) VALUES(153, 4, 7, 3, NULL, 1)#
INSERT INTO empregado_obrigatorio (id_emp_obg, id_risco, id_intervalo, id_empregado, id_observacao, quantidade) VALUES(154, 4, 7, 4, NULL, 1)#
INSERT INTO empregado_obrigatorio (id_emp_obg, id_risco, id_intervalo, id_empregado, id_observacao, quantidade) VALUES(155, 4, 7, 5, NULL, 3)#
INSERT INTO empregado_obrigatorio (id_emp_obg, id_risco, id_intervalo, id_empregado, id_observacao, quantidade) VALUES(156, 4, 8, 1, NULL, 3)#
INSERT INTO empregado_obrigatorio (id_emp_obg, id_risco, id_intervalo, id_empregado, id_observacao, quantidade) VALUES(157, 4, 8, 2, NULL, 1)#
INSERT INTO empregado_obrigatorio (id_emp_obg, id_risco, id_intervalo, id_empregado, id_observacao, quantidade) VALUES(158, 4, 8, 3, NULL, 1)#
INSERT INTO empregado_obrigatorio (id_emp_obg, id_risco, id_intervalo, id_empregado, id_observacao, quantidade) VALUES(159, 4, 8, 4, NULL, 0)#
INSERT INTO empregado_obrigatorio (id_emp_obg, id_risco, id_intervalo, id_empregado, id_observacao, quantidade) VALUES(160, 4, 8, 5, NULL, 1)#

INSERT INTO grupo (cipa, descricao) VALUES('C1', 'Minerais')#
INSERT INTO grupo (cipa, descricao) VALUES('C10', 'Químicos')#
INSERT INTO grupo (cipa, descricao) VALUES('C11', 'Borracha')#
INSERT INTO grupo (cipa, descricao) VALUES('C12', 'Não-Metálicos')#
INSERT INTO grupo (cipa, descricao) VALUES('C13', 'Metálicos')#
INSERT INTO grupo (cipa, descricao) VALUES('C14', 'Equipamentos/Máquinas e Ferramentas')#
INSERT INTO grupo (cipa, descricao) VALUES('C14a', 'Equipamentos/Máquinas e Ferramentas')#
INSERT INTO grupo (cipa, descricao) VALUES('C15', 'Explosivos e Armas')#
INSERT INTO grupo (cipa, descricao) VALUES('C16', 'Veículos')#
INSERT INTO grupo (cipa, descricao) VALUES('C17', 'Água e Energia')#
INSERT INTO grupo (cipa, descricao) VALUES('C18', 'Construção')#
INSERT INTO grupo (cipa, descricao) VALUES('C18a', 'Construção')#
INSERT INTO grupo (cipa, descricao) VALUES('C19', 'Intermediários do Comércio')#
INSERT INTO grupo (cipa, descricao) VALUES('C1a', 'Minerais')#
INSERT INTO grupo (cipa, descricao) VALUES('C2', 'Alimentos')#
INSERT INTO grupo (cipa, descricao) VALUES('C20', 'Comércio Atacadista')#
INSERT INTO grupo (cipa, descricao) VALUES('C21', 'Comércio Varejista')#
INSERT INTO grupo (cipa, descricao) VALUES('C22', 'Comércio de Produtos Perigosos')#
INSERT INTO grupo (cipa, descricao) VALUES('C23', 'Alojamento e Alimentação')#
INSERT INTO grupo (cipa, descricao) VALUES('C24', 'Transporte')#
INSERT INTO grupo (cipa, descricao) VALUES('C24a', 'Transporte')#
INSERT INTO grupo (cipa, descricao) VALUES('C24b', 'Transporte')#
INSERT INTO grupo (cipa, descricao) VALUES('C24c', 'Transporte')#
INSERT INTO grupo (cipa, descricao) VALUES('C24d', 'Transporte')#
INSERT INTO grupo (cipa, descricao) VALUES('C25', 'Correio e Telecomunicações')#
INSERT INTO grupo (cipa, descricao) VALUES('C26', 'Seguro')#
INSERT INTO grupo (cipa, descricao) VALUES('C27', 'Administração de Mercados')#
INSERT INTO grupo (cipa, descricao) VALUES('C28', 'Bancos')#
INSERT INTO grupo (cipa, descricao) VALUES('C29', 'Serviços')#
INSERT INTO grupo (cipa, descricao) VALUES('C3', 'Têxtis')#
INSERT INTO grupo (cipa, descricao) VALUES('C30', 'Locação de Mão-de-Obra e Limpeza')#
INSERT INTO grupo (cipa, descricao) VALUES('C31', 'Ensino')#
INSERT INTO grupo (cipa, descricao) VALUES('C32', 'Pesquisas')#
INSERT INTO grupo (cipa, descricao) VALUES('C33', 'Administração Pública')#
INSERT INTO grupo (cipa, descricao) VALUES('C34', 'Saúde')#
INSERT INTO grupo (cipa, descricao) VALUES('C35', 'Outros Serviços')#
INSERT INTO grupo (cipa, descricao) VALUES('C3a', 'Têxtis')#
INSERT INTO grupo (cipa, descricao) VALUES('C4', 'Confecção')#
INSERT INTO grupo (cipa, descricao) VALUES('C5', 'Calçados e Similares')#
INSERT INTO grupo (cipa, descricao) VALUES('C5a', 'Calçados e Similares')#
INSERT INTO grupo (cipa, descricao) VALUES('C6', 'Madeira')#
INSERT INTO grupo (cipa, descricao) VALUES('C7', 'Papel')#
INSERT INTO grupo (cipa, descricao) VALUES('C7a', 'Papel')#
INSERT INTO grupo (cipa, descricao) VALUES('C8', 'Gráficos')#
INSERT INTO grupo (cipa, descricao) VALUES('C9', 'Som e Imagem')#

INSERT INTO grupo_cipa (cipa, tipo, id_intervalo, quantidade) VALUES('C1', 0, 9, 0)#
INSERT INTO grupo_cipa (cipa, tipo, id_intervalo, quantidade) VALUES('C1', 0, 10, 1)#
INSERT INTO grupo_cipa (cipa, tipo, id_intervalo, quantidade) VALUES('C1', 0, 11, 1)#
INSERT INTO grupo_cipa (cipa, tipo, id_intervalo, quantidade) VALUES('C1', 0, 12, 3)#
INSERT INTO grupo_cipa (cipa, tipo, id_intervalo, quantidade) VALUES('C1', 0, 13, 3)#
INSERT INTO grupo_cipa (cipa, tipo, id_intervalo, quantidade) VALUES('C1', 0, 14, 4)#
INSERT INTO grupo_cipa (cipa, tipo, id_intervalo, quantidade) VALUES('C1', 0, 15, 4)#
INSERT INTO grupo_cipa (cipa, tipo, id_intervalo, quantidade) VALUES('C1', 0, 16, 4)#
INSERT INTO grupo_cipa (cipa, tipo, id_intervalo, quantidade) VALUES('C1', 0, 17, 4)#
INSERT INTO grupo_cipa (cipa, tipo, id_intervalo, quantidade) VALUES('C1', 0, 18, 6)#
INSERT INTO grupo_cipa (cipa, tipo, id_intervalo, quantidade) VALUES('C1', 0, 19, 9)#
INSERT INTO grupo_cipa (cipa, tipo, id_intervalo, quantidade) VALUES('C1', 0, 20, 12)#
INSERT INTO grupo_cipa (cipa, tipo, id_intervalo, quantidade) VALUES('C1', 0, 21, 15)#
INSERT INTO grupo_cipa (cipa, tipo, id_intervalo, quantidade) VALUES('C1', 0, 22, 2)#
INSERT INTO grupo_cipa (cipa, tipo, id_intervalo, quantidade) VALUES('C1', 1, 9, 0)#
INSERT INTO grupo_cipa (cipa, tipo, id_intervalo, quantidade) VALUES('C1', 1, 10, 1)#
INSERT INTO grupo_cipa (cipa, tipo, id_intervalo, quantidade) VALUES('C1', 1, 11, 1)#
INSERT INTO grupo_cipa (cipa, tipo, id_intervalo, quantidade) VALUES('C1', 1, 12, 3)#
INSERT INTO grupo_cipa (cipa, tipo, id_intervalo, quantidade) VALUES('C1', 1, 13, 3)#
INSERT INTO grupo_cipa (cipa, tipo, id_intervalo, quantidade) VALUES('C1', 1, 14, 3)#
INSERT INTO grupo_cipa (cipa, tipo, id_intervalo, quantidade) VALUES('C1', 1, 15, 3)#
INSERT INTO grupo_cipa (cipa, tipo, id_intervalo, quantidade) VALUES('C1', 1, 16, 3)#
INSERT INTO grupo_cipa (cipa, tipo, id_intervalo, quantidade) VALUES('C1', 1, 17, 3)#
INSERT INTO grupo_cipa (cipa, tipo, id_intervalo, quantidade) VALUES('C1', 1, 18, 4)#
INSERT INTO grupo_cipa (cipa, tipo, id_intervalo, quantidade) VALUES('C1', 1, 19, 7)#
INSERT INTO grupo_cipa (cipa, tipo, id_intervalo, quantidade) VALUES('C1', 1, 20, 9)#
INSERT INTO grupo_cipa (cipa, tipo, id_intervalo, quantidade) VALUES('C1', 1, 21, 12)#
INSERT INTO grupo_cipa (cipa, tipo, id_intervalo, quantidade) VALUES('C1', 1, 22, 2)#
INSERT INTO grupo_cipa (cipa, tipo, id_intervalo, quantidade) VALUES('C10', 0, 9, 0)#
INSERT INTO grupo_cipa (cipa, tipo, id_intervalo, quantidade) VALUES('C10', 0, 10, 1)#
INSERT INTO grupo_cipa (cipa, tipo, id_intervalo, quantidade) VALUES('C10', 0, 11, 1)#
INSERT INTO grupo_cipa (cipa, tipo, id_intervalo, quantidade) VALUES('C10', 0, 12, 2)#
INSERT INTO grupo_cipa (cipa, tipo, id_intervalo, quantidade) VALUES('C10', 0, 13, 2)#
INSERT INTO grupo_cipa (cipa, tipo, id_intervalo, quantidade) VALUES('C10', 0, 14, 3)#
INSERT INTO grupo_cipa (cipa, tipo, id_intervalo, quantidade) VALUES('C10', 0, 15, 3)#
INSERT INTO grupo_cipa (cipa, tipo, id_intervalo, quantidade) VALUES('C10', 0, 16, 4)#
INSERT INTO grupo_cipa (cipa, tipo, id_intervalo, quantidade) VALUES('C10', 0, 17, 4)#
INSERT INTO grupo_cipa (cipa, tipo, id_intervalo, quantidade) VALUES('C10', 0, 18, 5)#
INSERT INTO grupo_cipa (cipa, tipo, id_intervalo, quantidade) VALUES('C10', 0, 19, 8)#
INSERT INTO grupo_cipa (cipa, tipo, id_intervalo, quantidade) VALUES('C10', 0, 20, 9)#
INSERT INTO grupo_cipa (cipa, tipo, id_intervalo, quantidade) VALUES('C10', 0, 21, 10)#
INSERT INTO grupo_cipa (cipa, tipo, id_intervalo, quantidade) VALUES('C10', 0, 22, 2)#
INSERT INTO grupo_cipa (cipa, tipo, id_intervalo, quantidade) VALUES('C10', 1, 9, 0)#
INSERT INTO grupo_cipa (cipa, tipo, id_intervalo, quantidade) VALUES('C10', 1, 10, 1)#
INSERT INTO grupo_cipa (cipa, tipo, id_intervalo, quantidade) VALUES('C10', 1, 11, 1)#
INSERT INTO grupo_cipa (cipa, tipo, id_intervalo, quantidade) VALUES('C10', 1, 12, 2)#
INSERT INTO grupo_cipa (cipa, tipo, id_intervalo, quantidade) VALUES('C10', 1, 13, 2)#
INSERT INTO grupo_cipa (cipa, tipo, id_intervalo, quantidade) VALUES('C10', 1, 14, 3)#
INSERT INTO grupo_cipa (cipa, tipo, id_intervalo, quantidade) VALUES('C10', 1, 15, 3)#
INSERT INTO grupo_cipa (cipa, tipo, id_intervalo, quantidade) VALUES('C10', 1, 16, 3)#
INSERT INTO grupo_cipa (cipa, tipo, id_intervalo, quantidade) VALUES('C10', 1, 17, 4)#
INSERT INTO grupo_cipa (cipa, tipo, id_intervalo, quantidade) VALUES('C10', 1, 18, 4)#
INSERT INTO grupo_cipa (cipa, tipo, id_intervalo, quantidade) VALUES('C10', 1, 19, 6)#
INSERT INTO grupo_cipa (cipa, tipo, id_intervalo, quantidade) VALUES('C10', 1, 20, 7)#
INSERT INTO grupo_cipa (cipa, tipo, id_intervalo, quantidade) VALUES('C10', 1, 21, 8)#
INSERT INTO grupo_cipa (cipa, tipo, id_intervalo, quantidade) VALUES('C10', 1, 22, 2)#
INSERT INTO grupo_cipa (cipa, tipo, id_intervalo, quantidade) VALUES('C11', 0, 9, 0)#
INSERT INTO grupo_cipa (cipa, tipo, id_intervalo, quantidade) VALUES('C11', 0, 10, 1)#
INSERT INTO grupo_cipa (cipa, tipo, id_intervalo, quantidade) VALUES('C11', 0, 11, 1)#
INSERT INTO grupo_cipa (cipa, tipo, id_intervalo, quantidade) VALUES('C11', 0, 12, 2)#
INSERT INTO grupo_cipa (cipa, tipo, id_intervalo, quantidade) VALUES('C11', 0, 13, 3)#
INSERT INTO grupo_cipa (cipa, tipo, id_intervalo, quantidade) VALUES('C11', 0, 14, 3)#
INSERT INTO grupo_cipa (cipa, tipo, id_intervalo, quantidade) VALUES('C11', 0, 15, 4)#
INSERT INTO grupo_cipa (cipa, tipo, id_intervalo, quantidade) VALUES('C11', 0, 16, 4)#
INSERT INTO grupo_cipa (cipa, tipo, id_intervalo, quantidade) VALUES('C11', 0, 17, 5)#
INSERT INTO grupo_cipa (cipa, tipo, id_intervalo, quantidade) VALUES('C11', 0, 18, 6)#
INSERT INTO grupo_cipa (cipa, tipo, id_intervalo, quantidade) VALUES('C11', 0, 19, 9)#
INSERT INTO grupo_cipa (cipa, tipo, id_intervalo, quantidade) VALUES('C11', 0, 20, 10)#
INSERT INTO grupo_cipa (cipa, tipo, id_intervalo, quantidade) VALUES('C11', 0, 21, 12)#
INSERT INTO grupo_cipa (cipa, tipo, id_intervalo, quantidade) VALUES('C11', 0, 22, 2)#
INSERT INTO grupo_cipa (cipa, tipo, id_intervalo, quantidade) VALUES('C11', 1, 9, 0)#
INSERT INTO grupo_cipa (cipa, tipo, id_intervalo, quantidade) VALUES('C11', 1, 10, 1)#
INSERT INTO grupo_cipa (cipa, tipo, id_intervalo, quantidade) VALUES('C11', 1, 11, 1)#
INSERT INTO grupo_cipa (cipa, tipo, id_intervalo, quantidade) VALUES('C11', 1, 12, 2)#
INSERT INTO grupo_cipa (cipa, tipo, id_intervalo, quantidade) VALUES('C11', 1, 13, 3)#
INSERT INTO grupo_cipa (cipa, tipo, id_intervalo, quantidade) VALUES('C11', 1, 14, 3)#
INSERT INTO grupo_cipa (cipa, tipo, id_intervalo, quantidade) VALUES('C11', 1, 15, 3)#
INSERT INTO grupo_cipa (cipa, tipo, id_intervalo, quantidade) VALUES('C11', 1, 16, 3)#
INSERT INTO grupo_cipa (cipa, tipo, id_intervalo, quantidade) VALUES('C11', 1, 17, 4)#
INSERT INTO grupo_cipa (cipa, tipo, id_intervalo, quantidade) VALUES('C11', 1, 18, 4)#
INSERT INTO grupo_cipa (cipa, tipo, id_intervalo, quantidade) VALUES('C11', 1, 19, 7)#
INSERT INTO grupo_cipa (cipa, tipo, id_intervalo, quantidade) VALUES('C11', 1, 20, 8)#
INSERT INTO grupo_cipa (cipa, tipo, id_intervalo, quantidade) VALUES('C11', 1, 21, 10)#
INSERT INTO grupo_cipa (cipa, tipo, id_intervalo, quantidade) VALUES('C11', 1, 22, 2)#
INSERT INTO grupo_cipa (cipa, tipo, id_intervalo, quantidade) VALUES('C12', 0, 9, 0)#
INSERT INTO grupo_cipa (cipa, tipo, id_intervalo, quantidade) VALUES('C12', 0, 10, 1)#
INSERT INTO grupo_cipa (cipa, tipo, id_intervalo, quantidade) VALUES('C12', 0, 11, 1)#
INSERT INTO grupo_cipa (cipa, tipo, id_intervalo, quantidade) VALUES('C12', 0, 12, 2)#
INSERT INTO grupo_cipa (cipa, tipo, id_intervalo, quantidade) VALUES('C12', 0, 13, 3)#
INSERT INTO grupo_cipa (cipa, tipo, id_intervalo, quantidade) VALUES('C12', 0, 14, 3)#
INSERT INTO grupo_cipa (cipa, tipo, id_intervalo, quantidade) VALUES('C12', 0, 15, 4)#
INSERT INTO grupo_cipa (cipa, tipo, id_intervalo, quantidade) VALUES('C12', 0, 16, 4)#
INSERT INTO grupo_cipa (cipa, tipo, id_intervalo, quantidade) VALUES('C12', 0, 17, 5)#
INSERT INTO grupo_cipa (cipa, tipo, id_intervalo, quantidade) VALUES('C12', 0, 18, 7)#
INSERT INTO grupo_cipa (cipa, tipo, id_intervalo, quantidade) VALUES('C12', 0, 19, 8)#
INSERT INTO grupo_cipa (cipa, tipo, id_intervalo, quantidade) VALUES('C12', 0, 20, 9)#
INSERT INTO grupo_cipa (cipa, tipo, id_intervalo, quantidade) VALUES('C12', 0, 21, 10)#
INSERT INTO grupo_cipa (cipa, tipo, id_intervalo, quantidade) VALUES('C12', 0, 22, 2)#
INSERT INTO grupo_cipa (cipa, tipo, id_intervalo, quantidade) VALUES('C12', 1, 9, 0)#
INSERT INTO grupo_cipa (cipa, tipo, id_intervalo, quantidade) VALUES('C12', 1, 10, 1)#
INSERT INTO grupo_cipa (cipa, tipo, id_intervalo, quantidade) VALUES('C12', 1, 11, 1)#
INSERT INTO grupo_cipa (cipa, tipo, id_intervalo, quantidade) VALUES('C12', 1, 12, 2)#
INSERT INTO grupo_cipa (cipa, tipo, id_intervalo, quantidade) VALUES('C12', 1, 13, 3)#
INSERT INTO grupo_cipa (cipa, tipo, id_intervalo, quantidade) VALUES('C12', 1, 14, 3)#
INSERT INTO grupo_cipa (cipa, tipo, id_intervalo, quantidade) VALUES('C12', 1, 15, 3)#
INSERT INTO grupo_cipa (cipa, tipo, id_intervalo, quantidade) VALUES('C12', 1, 16, 3)#
INSERT INTO grupo_cipa (cipa, tipo, id_intervalo, quantidade) VALUES('C12', 1, 17, 4)#
INSERT INTO grupo_cipa (cipa, tipo, id_intervalo, quantidade) VALUES('C12', 1, 18, 6)#
INSERT INTO grupo_cipa (cipa, tipo, id_intervalo, quantidade) VALUES('C12', 1, 19, 6)#
INSERT INTO grupo_cipa (cipa, tipo, id_intervalo, quantidade) VALUES('C12', 1, 20, 7)#
INSERT INTO grupo_cipa (cipa, tipo, id_intervalo, quantidade) VALUES('C12', 1, 21, 8)#
INSERT INTO grupo_cipa (cipa, tipo, id_intervalo, quantidade) VALUES('C12', 1, 22, 2)#
INSERT INTO grupo_cipa (cipa, tipo, id_intervalo, quantidade) VALUES('C13', 0, 9, 0)#
INSERT INTO grupo_cipa (cipa, tipo, id_intervalo, quantidade) VALUES('C13', 0, 10, 1)#
INSERT INTO grupo_cipa (cipa, tipo, id_intervalo, quantidade) VALUES('C13', 0, 11, 1)#
INSERT INTO grupo_cipa (cipa, tipo, id_intervalo, quantidade) VALUES('C13', 0, 12, 3)#
INSERT INTO grupo_cipa (cipa, tipo, id_intervalo, quantidade) VALUES('C13', 0, 13, 3)#
INSERT INTO grupo_cipa (cipa, tipo, id_intervalo, quantidade) VALUES('C13', 0, 14, 3)#
INSERT INTO grupo_cipa (cipa, tipo, id_intervalo, quantidade) VALUES('C13', 0, 15, 3)#
INSERT INTO grupo_cipa (cipa, tipo, id_intervalo, quantidade) VALUES('C13', 0, 16, 4)#
INSERT INTO grupo_cipa (cipa, tipo, id_intervalo, quantidade) VALUES('C13', 0, 17, 5)#
INSERT INTO grupo_cipa (cipa, tipo, id_intervalo, quantidade) VALUES('C13', 0, 18, 6)#
INSERT INTO grupo_cipa (cipa, tipo, id_intervalo, quantidade) VALUES('C13', 0, 19, 9)#
INSERT INTO grupo_cipa (cipa, tipo, id_intervalo, quantidade) VALUES('C13', 0, 20, 11)#
INSERT INTO grupo_cipa (cipa, tipo, id_intervalo, quantidade) VALUES('C13', 0, 21, 13)#
INSERT INTO grupo_cipa (cipa, tipo, id_intervalo, quantidade) VALUES('C13', 0, 22, 2)#
INSERT INTO grupo_cipa (cipa, tipo, id_intervalo, quantidade) VALUES('C13', 1, 9, 0)#
INSERT INTO grupo_cipa (cipa, tipo, id_intervalo, quantidade) VALUES('C13', 1, 10, 1)#
INSERT INTO grupo_cipa (cipa, tipo, id_intervalo, quantidade) VALUES('C13', 1, 11, 1)#
INSERT INTO grupo_cipa (cipa, tipo, id_intervalo, quantidade) VALUES('C13', 1, 12, 3)#
INSERT INTO grupo_cipa (cipa, tipo, id_intervalo, quantidade) VALUES('C13', 1, 13, 3)#
INSERT INTO grupo_cipa (cipa, tipo, id_intervalo, quantidade) VALUES('C13', 1, 14, 3)#
INSERT INTO grupo_cipa (cipa, tipo, id_intervalo, quantidade) VALUES('C13', 1, 15, 3)#
INSERT INTO grupo_cipa (cipa, tipo, id_intervalo, quantidade) VALUES('C13', 1, 16, 3)#
INSERT INTO grupo_cipa (cipa, tipo, id_intervalo, quantidade) VALUES('C13', 1, 17, 4)#
INSERT INTO grupo_cipa (cipa, tipo, id_intervalo, quantidade) VALUES('C13', 1, 18, 5)#
INSERT INTO grupo_cipa (cipa, tipo, id_intervalo, quantidade) VALUES('C13', 1, 19, 7)#
INSERT INTO grupo_cipa (cipa, tipo, id_intervalo, quantidade) VALUES('C13', 1, 20, 8)#
INSERT INTO grupo_cipa (cipa, tipo, id_intervalo, quantidade) VALUES('C13', 1, 21, 10)#
INSERT INTO grupo_cipa (cipa, tipo, id_intervalo, quantidade) VALUES('C13', 1, 22, 2)#
INSERT INTO grupo_cipa (cipa, tipo, id_intervalo, quantidade) VALUES('C14', 0, 9, 0)#
INSERT INTO grupo_cipa (cipa, tipo, id_intervalo, quantidade) VALUES('C14', 0, 10, 1)#
INSERT INTO grupo_cipa (cipa, tipo, id_intervalo, quantidade) VALUES('C14', 0, 11, 1)#
INSERT INTO grupo_cipa (cipa, tipo, id_intervalo, quantidade) VALUES('C14', 0, 12, 2)#
INSERT INTO grupo_cipa (cipa, tipo, id_intervalo, quantidade) VALUES('C14', 0, 13, 2)#
INSERT INTO grupo_cipa (cipa, tipo, id_intervalo, quantidade) VALUES('C14', 0, 14, 3)#
INSERT INTO grupo_cipa (cipa, tipo, id_intervalo, quantidade) VALUES('C14', 0, 15, 4)#
INSERT INTO grupo_cipa (cipa, tipo, id_intervalo, quantidade) VALUES('C14', 0, 16, 4)#
INSERT INTO grupo_cipa (cipa, tipo, id_intervalo, quantidade) VALUES('C14', 0, 17, 5)#
INSERT INTO grupo_cipa (cipa, tipo, id_intervalo, quantidade) VALUES('C14', 0, 18, 6)#
INSERT INTO grupo_cipa (cipa, tipo, id_intervalo, quantidade) VALUES('C14', 0, 19, 9)#
INSERT INTO grupo_cipa (cipa, tipo, id_intervalo, quantidade) VALUES('C14', 0, 20, 11)#
INSERT INTO grupo_cipa (cipa, tipo, id_intervalo, quantidade) VALUES('C14', 0, 21, 11)#
INSERT INTO grupo_cipa (cipa, tipo, id_intervalo, quantidade) VALUES('C14', 0, 22, 2)#
INSERT INTO grupo_cipa (cipa, tipo, id_intervalo, quantidade) VALUES('C14', 1, 9, 0)#
INSERT INTO grupo_cipa (cipa, tipo, id_intervalo, quantidade) VALUES('C14', 1, 10, 1)#
INSERT INTO grupo_cipa (cipa, tipo, id_intervalo, quantidade) VALUES('C14', 1, 11, 1)#
INSERT INTO grupo_cipa (cipa, tipo, id_intervalo, quantidade) VALUES('C14', 1, 12, 2)#
INSERT INTO grupo_cipa (cipa, tipo, id_intervalo, quantidade) VALUES('C14', 1, 13, 2)#
INSERT INTO grupo_cipa (cipa, tipo, id_intervalo, quantidade) VALUES('C14', 1, 14, 3)#
INSERT INTO grupo_cipa (cipa, tipo, id_intervalo, quantidade) VALUES('C14', 1, 15, 3)#
INSERT INTO grupo_cipa (cipa, tipo, id_intervalo, quantidade) VALUES('C14', 1, 16, 4)#
INSERT INTO grupo_cipa (cipa, tipo, id_intervalo, quantidade) VALUES('C14', 1, 17, 4)#
INSERT INTO grupo_cipa (cipa, tipo, id_intervalo, quantidade) VALUES('C14', 1, 18, 5)#
INSERT INTO grupo_cipa (cipa, tipo, id_intervalo, quantidade) VALUES('C14', 1, 19, 7)#
INSERT INTO grupo_cipa (cipa, tipo, id_intervalo, quantidade) VALUES('C14', 1, 20, 9)#
INSERT INTO grupo_cipa (cipa, tipo, id_intervalo, quantidade) VALUES('C14', 1, 21, 9)#
INSERT INTO grupo_cipa (cipa, tipo, id_intervalo, quantidade) VALUES('C14', 1, 22, 2)#
INSERT INTO grupo_cipa (cipa, tipo, id_intervalo, quantidade) VALUES('C14a', 0, 9, 0)#
INSERT INTO grupo_cipa (cipa, tipo, id_intervalo, quantidade) VALUES('C14a', 0, 10, 0)#
INSERT INTO grupo_cipa (cipa, tipo, id_intervalo, quantidade) VALUES('C14a', 0, 11, 0)#
INSERT INTO grupo_cipa (cipa, tipo, id_intervalo, quantidade) VALUES('C14a', 0, 12, 1)#
INSERT INTO grupo_cipa (cipa, tipo, id_intervalo, quantidade) VALUES('C14a', 0, 13, 1)#
INSERT INTO grupo_cipa (cipa, tipo, id_intervalo, quantidade) VALUES('C14a', 0, 14, 2)#
INSERT INTO grupo_cipa (cipa, tipo, id_intervalo, quantidade) VALUES('C14a', 0, 15, 2)#
INSERT INTO grupo_cipa (cipa, tipo, id_intervalo, quantidade) VALUES('C14a', 0, 16, 2)#
INSERT INTO grupo_cipa (cipa, tipo, id_intervalo, quantidade) VALUES('C14a', 0, 17, 3)#
INSERT INTO grupo_cipa (cipa, tipo, id_intervalo, quantidade) VALUES('C14a', 0, 18, 3)#
INSERT INTO grupo_cipa (cipa, tipo, id_intervalo, quantidade) VALUES('C14a', 0, 19, 4)#
INSERT INTO grupo_cipa (cipa, tipo, id_intervalo, quantidade) VALUES('C14a', 0, 20, 5)#
INSERT INTO grupo_cipa (cipa, tipo, id_intervalo, quantidade) VALUES('C14a', 0, 21, 6)#
INSERT INTO grupo_cipa (cipa, tipo, id_intervalo, quantidade) VALUES('C14a', 0, 22, 1)#
INSERT INTO grupo_cipa (cipa, tipo, id_intervalo, quantidade) VALUES('C14a', 1, 9, 0)#
INSERT INTO grupo_cipa (cipa, tipo, id_intervalo, quantidade) VALUES('C14a', 1, 10, 0)#
INSERT INTO grupo_cipa (cipa, tipo, id_intervalo, quantidade) VALUES('C14a', 1, 11, 0)#
INSERT INTO grupo_cipa (cipa, tipo, id_intervalo, quantidade) VALUES('C14a', 1, 12, 1)#
INSERT INTO grupo_cipa (cipa, tipo, id_intervalo, quantidade) VALUES('C14a', 1, 13, 1)#
INSERT INTO grupo_cipa (cipa, tipo, id_intervalo, quantidade) VALUES('C14a', 1, 14, 2)#
INSERT INTO grupo_cipa (cipa, tipo, id_intervalo, quantidade) VALUES('C14a', 1, 15, 2)#
INSERT INTO grupo_cipa (cipa, tipo, id_intervalo, quantidade) VALUES('C14a', 1, 16, 2)#
INSERT INTO grupo_cipa (cipa, tipo, id_intervalo, quantidade) VALUES('C14a', 1, 17, 3)#
INSERT INTO grupo_cipa (cipa, tipo, id_intervalo, quantidade) VALUES('C14a', 1, 18, 3)#
INSERT INTO grupo_cipa (cipa, tipo, id_intervalo, quantidade) VALUES('C14a', 1, 19, 3)#
INSERT INTO grupo_cipa (cipa, tipo, id_intervalo, quantidade) VALUES('C14a', 1, 20, 4)#
INSERT INTO grupo_cipa (cipa, tipo, id_intervalo, quantidade) VALUES('C14a', 1, 21, 4)#
INSERT INTO grupo_cipa (cipa, tipo, id_intervalo, quantidade) VALUES('C14a', 1, 22, 1)#
INSERT INTO grupo_cipa (cipa, tipo, id_intervalo, quantidade) VALUES('C15', 0, 9, 0)#
INSERT INTO grupo_cipa (cipa, tipo, id_intervalo, quantidade) VALUES('C15', 0, 10, 1)#
INSERT INTO grupo_cipa (cipa, tipo, id_intervalo, quantidade) VALUES('C15', 0, 11, 1)#
INSERT INTO grupo_cipa (cipa, tipo, id_intervalo, quantidade) VALUES('C15', 0, 12, 3)#
INSERT INTO grupo_cipa (cipa, tipo, id_intervalo, quantidade) VALUES('C15', 0, 13, 3)#
INSERT INTO grupo_cipa (cipa, tipo, id_intervalo, quantidade) VALUES('C15', 0, 14, 4)#
INSERT INTO grupo_cipa (cipa, tipo, id_intervalo, quantidade) VALUES('C15', 0, 15, 4)#
INSERT INTO grupo_cipa (cipa, tipo, id_intervalo, quantidade) VALUES('C15', 0, 16, 4)#
INSERT INTO grupo_cipa (cipa, tipo, id_intervalo, quantidade) VALUES('C15', 0, 17, 5)#
INSERT INTO grupo_cipa (cipa, tipo, id_intervalo, quantidade) VALUES('C15', 0, 18, 6)#
INSERT INTO grupo_cipa (cipa, tipo, id_intervalo, quantidade) VALUES('C15', 0, 19, 8)#
INSERT INTO grupo_cipa (cipa, tipo, id_intervalo, quantidade) VALUES('C15', 0, 20, 10)#
INSERT INTO grupo_cipa (cipa, tipo, id_intervalo, quantidade) VALUES('C15', 0, 21, 12)#
INSERT INTO grupo_cipa (cipa, tipo, id_intervalo, quantidade) VALUES('C15', 0, 22, 2)#
INSERT INTO grupo_cipa (cipa, tipo, id_intervalo, quantidade) VALUES('C15', 1, 9, 0)#
INSERT INTO grupo_cipa (cipa, tipo, id_intervalo, quantidade) VALUES('C15', 1, 10, 1)#
INSERT INTO grupo_cipa (cipa, tipo, id_intervalo, quantidade) VALUES('C15', 1, 11, 1)#
INSERT INTO grupo_cipa (cipa, tipo, id_intervalo, quantidade) VALUES('C15', 1, 12, 3)#
INSERT INTO grupo_cipa (cipa, tipo, id_intervalo, quantidade) VALUES('C15', 1, 13, 3)#
INSERT INTO grupo_cipa (cipa, tipo, id_intervalo, quantidade) VALUES('C15', 1, 14, 3)#
INSERT INTO grupo_cipa (cipa, tipo, id_intervalo, quantidade) VALUES('C15', 1, 15, 3)#
INSERT INTO grupo_cipa (cipa, tipo, id_intervalo, quantidade) VALUES('C15', 1, 16, 3)#
INSERT INTO grupo_cipa (cipa, tipo, id_intervalo, quantidade) VALUES('C15', 1, 17, 4)#
INSERT INTO grupo_cipa (cipa, tipo, id_intervalo, quantidade) VALUES('C15', 1, 18, 4)#
INSERT INTO grupo_cipa (cipa, tipo, id_intervalo, quantidade) VALUES('C15', 1, 19, 6)#
INSERT INTO grupo_cipa (cipa, tipo, id_intervalo, quantidade) VALUES('C15', 1, 20, 8)#
INSERT INTO grupo_cipa (cipa, tipo, id_intervalo, quantidade) VALUES('C15', 1, 21, 10)#
INSERT INTO grupo_cipa (cipa, tipo, id_intervalo, quantidade) VALUES('C15', 1, 22, 2)#
INSERT INTO grupo_cipa (cipa, tipo, id_intervalo, quantidade) VALUES('C16', 0, 9, 0)#
INSERT INTO grupo_cipa (cipa, tipo, id_intervalo, quantidade) VALUES('C16', 0, 10, 1)#
INSERT INTO grupo_cipa (cipa, tipo, id_intervalo, quantidade) VALUES('C16', 0, 11, 1)#
INSERT INTO grupo_cipa (cipa, tipo, id_intervalo, quantidade) VALUES('C16', 0, 12, 2)#
INSERT INTO grupo_cipa (cipa, tipo, id_intervalo, quantidade) VALUES('C16', 0, 13, 3)#
INSERT INTO grupo_cipa (cipa, tipo, id_intervalo, quantidade) VALUES('C16', 0, 14, 3)#
INSERT INTO grupo_cipa (cipa, tipo, id_intervalo, quantidade) VALUES('C16', 0, 15, 3)#
INSERT INTO grupo_cipa (cipa, tipo, id_intervalo, quantidade) VALUES('C16', 0, 16, 4)#
INSERT INTO grupo_cipa (cipa, tipo, id_intervalo, quantidade) VALUES('C16', 0, 17, 5)#
INSERT INTO grupo_cipa (cipa, tipo, id_intervalo, quantidade) VALUES('C16', 0, 18, 6)#
INSERT INTO grupo_cipa (cipa, tipo, id_intervalo, quantidade) VALUES('C16', 0, 19, 8)#
INSERT INTO grupo_cipa (cipa, tipo, id_intervalo, quantidade) VALUES('C16', 0, 20, 10)#
INSERT INTO grupo_cipa (cipa, tipo, id_intervalo, quantidade) VALUES('C16', 0, 21, 12)#
INSERT INTO grupo_cipa (cipa, tipo, id_intervalo, quantidade) VALUES('C16', 0, 22, 2)#
INSERT INTO grupo_cipa (cipa, tipo, id_intervalo, quantidade) VALUES('C16', 1, 9, 0)#
INSERT INTO grupo_cipa (cipa, tipo, id_intervalo, quantidade) VALUES('C16', 1, 10, 1)#
INSERT INTO grupo_cipa (cipa, tipo, id_intervalo, quantidade) VALUES('C16', 1, 11, 1)#
INSERT INTO grupo_cipa (cipa, tipo, id_intervalo, quantidade) VALUES('C16', 1, 12, 2)#
INSERT INTO grupo_cipa (cipa, tipo, id_intervalo, quantidade) VALUES('C16', 1, 13, 3)#
INSERT INTO grupo_cipa (cipa, tipo, id_intervalo, quantidade) VALUES('C16', 1, 14, 3)#
INSERT INTO grupo_cipa (cipa, tipo, id_intervalo, quantidade) VALUES('C16', 1, 15, 3)#
INSERT INTO grupo_cipa (cipa, tipo, id_intervalo, quantidade) VALUES('C16', 1, 16, 3)#
INSERT INTO grupo_cipa (cipa, tipo, id_intervalo, quantidade) VALUES('C16', 1, 17, 4)#
INSERT INTO grupo_cipa (cipa, tipo, id_intervalo, quantidade) VALUES('C16', 1, 18, 4)#
INSERT INTO grupo_cipa (cipa, tipo, id_intervalo, quantidade) VALUES('C16', 1, 19, 6)#
INSERT INTO grupo_cipa (cipa, tipo, id_intervalo, quantidade) VALUES('C16', 1, 20, 7)#
INSERT INTO grupo_cipa (cipa, tipo, id_intervalo, quantidade) VALUES('C16', 1, 21, 9)#
INSERT INTO grupo_cipa (cipa, tipo, id_intervalo, quantidade) VALUES('C16', 1, 22, 2)#
INSERT INTO grupo_cipa (cipa, tipo, id_intervalo, quantidade) VALUES('C17', 0, 9, 0)#
INSERT INTO grupo_cipa (cipa, tipo, id_intervalo, quantidade) VALUES('C17', 0, 10, 1)#
INSERT INTO grupo_cipa (cipa, tipo, id_intervalo, quantidade) VALUES('C17', 0, 11, 1)#
INSERT INTO grupo_cipa (cipa, tipo, id_intervalo, quantidade) VALUES('C17', 0, 12, 2)#
INSERT INTO grupo_cipa (cipa, tipo, id_intervalo, quantidade) VALUES('C17', 0, 13, 2)#
INSERT INTO grupo_cipa (cipa, tipo, id_intervalo, quantidade) VALUES('C17', 0, 14, 4)#
INSERT INTO grupo_cipa (cipa, tipo, id_intervalo, quantidade) VALUES('C17', 0, 15, 4)#
INSERT INTO grupo_cipa (cipa, tipo, id_intervalo, quantidade) VALUES('C17', 0, 16, 4)#
INSERT INTO grupo_cipa (cipa, tipo, id_intervalo, quantidade) VALUES('C17', 0, 17, 4)#
INSERT INTO grupo_cipa (cipa, tipo, id_intervalo, quantidade) VALUES('C17', 0, 18, 6)#
INSERT INTO grupo_cipa (cipa, tipo, id_intervalo, quantidade) VALUES('C17', 0, 19, 8)#
INSERT INTO grupo_cipa (cipa, tipo, id_intervalo, quantidade) VALUES('C17', 0, 20, 10)#
INSERT INTO grupo_cipa (cipa, tipo, id_intervalo, quantidade) VALUES('C17', 0, 21, 12)#
INSERT INTO grupo_cipa (cipa, tipo, id_intervalo, quantidade) VALUES('C17', 0, 22, 2)#
INSERT INTO grupo_cipa (cipa, tipo, id_intervalo, quantidade) VALUES('C17', 1, 9, 0)#
INSERT INTO grupo_cipa (cipa, tipo, id_intervalo, quantidade) VALUES('C17', 1, 10, 1)#
INSERT INTO grupo_cipa (cipa, tipo, id_intervalo, quantidade) VALUES('C17', 1, 11, 1)#
INSERT INTO grupo_cipa (cipa, tipo, id_intervalo, quantidade) VALUES('C17', 1, 12, 2)#
INSERT INTO grupo_cipa (cipa, tipo, id_intervalo, quantidade) VALUES('C17', 1, 13, 2)#
INSERT INTO grupo_cipa (cipa, tipo, id_intervalo, quantidade) VALUES('C17', 1, 14, 3)#
INSERT INTO grupo_cipa (cipa, tipo, id_intervalo, quantidade) VALUES('C17', 1, 15, 3)#
INSERT INTO grupo_cipa (cipa, tipo, id_intervalo, quantidade) VALUES('C17', 1, 16, 3)#
INSERT INTO grupo_cipa (cipa, tipo, id_intervalo, quantidade) VALUES('C17', 1, 17, 4)#
INSERT INTO grupo_cipa (cipa, tipo, id_intervalo, quantidade) VALUES('C17', 1, 18, 5)#
INSERT INTO grupo_cipa (cipa, tipo, id_intervalo, quantidade) VALUES('C17', 1, 19, 7)#
INSERT INTO grupo_cipa (cipa, tipo, id_intervalo, quantidade) VALUES('C17', 1, 20, 8)#
INSERT INTO grupo_cipa (cipa, tipo, id_intervalo, quantidade) VALUES('C17', 1, 21, 10)#
INSERT INTO grupo_cipa (cipa, tipo, id_intervalo, quantidade) VALUES('C17', 1, 22, 2)#
INSERT INTO grupo_cipa (cipa, tipo, id_intervalo, quantidade) VALUES('C18', 0, 9, 0)#
INSERT INTO grupo_cipa (cipa, tipo, id_intervalo, quantidade) VALUES('C18', 0, 10, 0)#
INSERT INTO grupo_cipa (cipa, tipo, id_intervalo, quantidade) VALUES('C18', 0, 11, 0)#
INSERT INTO grupo_cipa (cipa, tipo, id_intervalo, quantidade) VALUES('C18', 0, 12, 3)#
INSERT INTO grupo_cipa (cipa, tipo, id_intervalo, quantidade) VALUES('C18', 0, 13, 3)#
INSERT INTO grupo_cipa (cipa, tipo, id_intervalo, quantidade) VALUES('C18', 0, 14, 4)#
INSERT INTO grupo_cipa (cipa, tipo, id_intervalo, quantidade) VALUES('C18', 0, 15, 4)#
INSERT INTO grupo_cipa (cipa, tipo, id_intervalo, quantidade) VALUES('C18', 0, 16, 4)#
INSERT INTO grupo_cipa (cipa, tipo, id_intervalo, quantidade) VALUES('C18', 0, 17, 4)#
INSERT INTO grupo_cipa (cipa, tipo, id_intervalo, quantidade) VALUES('C18', 0, 18, 6)#
INSERT INTO grupo_cipa (cipa, tipo, id_intervalo, quantidade) VALUES('C18', 0, 19, 8)#
INSERT INTO grupo_cipa (cipa, tipo, id_intervalo, quantidade) VALUES('C18', 0, 20, 10)#
INSERT INTO grupo_cipa (cipa, tipo, id_intervalo, quantidade) VALUES('C18', 0, 21, 12)#
INSERT INTO grupo_cipa (cipa, tipo, id_intervalo, quantidade) VALUES('C18', 0, 22, 2)#
INSERT INTO grupo_cipa (cipa, tipo, id_intervalo, quantidade) VALUES('C18', 1, 9, 0)#
INSERT INTO grupo_cipa (cipa, tipo, id_intervalo, quantidade) VALUES('C18', 1, 10, 0)#
INSERT INTO grupo_cipa (cipa, tipo, id_intervalo, quantidade) VALUES('C18', 1, 11, 0)#
INSERT INTO grupo_cipa (cipa, tipo, id_intervalo, quantidade) VALUES('C18', 1, 12, 3)#
INSERT INTO grupo_cipa (cipa, tipo, id_intervalo, quantidade) VALUES('C18', 1, 13, 2)#
INSERT INTO grupo_cipa (cipa, tipo, id_intervalo, quantidade) VALUES('C18', 1, 14, 3)#
INSERT INTO grupo_cipa (cipa, tipo, id_intervalo, quantidade) VALUES('C18', 1, 15, 3)#
INSERT INTO grupo_cipa (cipa, tipo, id_intervalo, quantidade) VALUES('C18', 1, 16, 3)#
INSERT INTO grupo_cipa (cipa, tipo, id_intervalo, quantidade) VALUES('C18', 1, 17, 4)#
INSERT INTO grupo_cipa (cipa, tipo, id_intervalo, quantidade) VALUES('C18', 1, 18, 5)#
INSERT INTO grupo_cipa (cipa, tipo, id_intervalo, quantidade) VALUES('C18', 1, 19, 7)#
INSERT INTO grupo_cipa (cipa, tipo, id_intervalo, quantidade) VALUES('C18', 1, 20, 8)#
INSERT INTO grupo_cipa (cipa, tipo, id_intervalo, quantidade) VALUES('C18', 1, 21, 10)#
INSERT INTO grupo_cipa (cipa, tipo, id_intervalo, quantidade) VALUES('C18', 1, 22, 2)#
INSERT INTO grupo_cipa (cipa, tipo, id_intervalo, quantidade) VALUES('C18a', 0, 9, 0)#
INSERT INTO grupo_cipa (cipa, tipo, id_intervalo, quantidade) VALUES('C18a', 0, 10, 0)#
INSERT INTO grupo_cipa (cipa, tipo, id_intervalo, quantidade) VALUES('C18a', 0, 11, 0)#
INSERT INTO grupo_cipa (cipa, tipo, id_intervalo, quantidade) VALUES('C18a', 0, 12, 3)#
INSERT INTO grupo_cipa (cipa, tipo, id_intervalo, quantidade) VALUES('C18a', 0, 13, 3)#
INSERT INTO grupo_cipa (cipa, tipo, id_intervalo, quantidade) VALUES('C18a', 0, 14, 4)#
INSERT INTO grupo_cipa (cipa, tipo, id_intervalo, quantidade) VALUES('C18a', 0, 15, 4)#
INSERT INTO grupo_cipa (cipa, tipo, id_intervalo, quantidade) VALUES('C18a', 0, 16, 4)#
INSERT INTO grupo_cipa (cipa, tipo, id_intervalo, quantidade) VALUES('C18a', 0, 17, 4)#
INSERT INTO grupo_cipa (cipa, tipo, id_intervalo, quantidade) VALUES('C18a', 0, 18, 6)#
INSERT INTO grupo_cipa (cipa, tipo, id_intervalo, quantidade) VALUES('C18a', 0, 19, 9)#
INSERT INTO grupo_cipa (cipa, tipo, id_intervalo, quantidade) VALUES('C18a', 0, 20, 12)#
INSERT INTO grupo_cipa (cipa, tipo, id_intervalo, quantidade) VALUES('C18a', 0, 21, 15)#
INSERT INTO grupo_cipa (cipa, tipo, id_intervalo, quantidade) VALUES('C18a', 0, 22, 2)#
INSERT INTO grupo_cipa (cipa, tipo, id_intervalo, quantidade) VALUES('C18a', 1, 9, 0)#
INSERT INTO grupo_cipa (cipa, tipo, id_intervalo, quantidade) VALUES('C18a', 1, 10, 0)#
INSERT INTO grupo_cipa (cipa, tipo, id_intervalo, quantidade) VALUES('C18a', 1, 11, 0)#
INSERT INTO grupo_cipa (cipa, tipo, id_intervalo, quantidade) VALUES('C18a', 1, 12, 3)#
INSERT INTO grupo_cipa (cipa, tipo, id_intervalo, quantidade) VALUES('C18a', 1, 13, 3)#
INSERT INTO grupo_cipa (cipa, tipo, id_intervalo, quantidade) VALUES('C18a', 1, 14, 3)#
INSERT INTO grupo_cipa (cipa, tipo, id_intervalo, quantidade) VALUES('C18a', 1, 15, 3)#
INSERT INTO grupo_cipa (cipa, tipo, id_intervalo, quantidade) VALUES('C18a', 1, 16, 3)#
INSERT INTO grupo_cipa (cipa, tipo, id_intervalo, quantidade) VALUES('C18a', 1, 17, 4)#
INSERT INTO grupo_cipa (cipa, tipo, id_intervalo, quantidade) VALUES('C18a', 1, 18, 5)#
INSERT INTO grupo_cipa (cipa, tipo, id_intervalo, quantidade) VALUES('C18a', 1, 19, 7)#
INSERT INTO grupo_cipa (cipa, tipo, id_intervalo, quantidade) VALUES('C18a', 1, 20, 9)#
INSERT INTO grupo_cipa (cipa, tipo, id_intervalo, quantidade) VALUES('C18a', 1, 21, 12)#
INSERT INTO grupo_cipa (cipa, tipo, id_intervalo, quantidade) VALUES('C18a', 1, 22, 2)#
INSERT INTO grupo_cipa (cipa, tipo, id_intervalo, quantidade) VALUES('C19', 0, 9, 0)#
INSERT INTO grupo_cipa (cipa, tipo, id_intervalo, quantidade) VALUES('C19', 0, 10, 0)#
INSERT INTO grupo_cipa (cipa, tipo, id_intervalo, quantidade) VALUES('C19', 0, 11, 0)#
INSERT INTO grupo_cipa (cipa, tipo, id_intervalo, quantidade) VALUES('C19', 0, 12, 1)#
INSERT INTO grupo_cipa (cipa, tipo, id_intervalo, quantidade) VALUES('C19', 0, 13, 1)#
INSERT INTO grupo_cipa (cipa, tipo, id_intervalo, quantidade) VALUES('C19', 0, 14, 2)#
INSERT INTO grupo_cipa (cipa, tipo, id_intervalo, quantidade) VALUES('C19', 0, 15, 2)#
INSERT INTO grupo_cipa (cipa, tipo, id_intervalo, quantidade) VALUES('C19', 0, 16, 2)#
INSERT INTO grupo_cipa (cipa, tipo, id_intervalo, quantidade) VALUES('C19', 0, 17, 3)#
INSERT INTO grupo_cipa (cipa, tipo, id_intervalo, quantidade) VALUES('C19', 0, 18, 3)#
INSERT INTO grupo_cipa (cipa, tipo, id_intervalo, quantidade) VALUES('C19', 0, 19, 4)#
INSERT INTO grupo_cipa (cipa, tipo, id_intervalo, quantidade) VALUES('C19', 0, 20, 5)#
INSERT INTO grupo_cipa (cipa, tipo, id_intervalo, quantidade) VALUES('C19', 0, 21, 6)#
INSERT INTO grupo_cipa (cipa, tipo, id_intervalo, quantidade) VALUES('C19', 0, 22, 1)#
INSERT INTO grupo_cipa (cipa, tipo, id_intervalo, quantidade) VALUES('C19', 1, 9, 0)#
INSERT INTO grupo_cipa (cipa, tipo, id_intervalo, quantidade) VALUES('C19', 1, 10, 0)#
INSERT INTO grupo_cipa (cipa, tipo, id_intervalo, quantidade) VALUES('C19', 1, 11, 0)#
INSERT INTO grupo_cipa (cipa, tipo, id_intervalo, quantidade) VALUES('C19', 1, 12, 1)#
INSERT INTO grupo_cipa (cipa, tipo, id_intervalo, quantidade) VALUES('C19', 1, 13, 1)#
INSERT INTO grupo_cipa (cipa, tipo, id_intervalo, quantidade) VALUES('C19', 1, 14, 2)#
INSERT INTO grupo_cipa (cipa, tipo, id_intervalo, quantidade) VALUES('C19', 1, 15, 2)#
INSERT INTO grupo_cipa (cipa, tipo, id_intervalo, quantidade) VALUES('C19', 1, 16, 2)#
INSERT INTO grupo_cipa (cipa, tipo, id_intervalo, quantidade) VALUES('C19', 1, 17, 3)#
INSERT INTO grupo_cipa (cipa, tipo, id_intervalo, quantidade) VALUES('C19', 1, 18, 3)#
INSERT INTO grupo_cipa (cipa, tipo, id_intervalo, quantidade) VALUES('C19', 1, 19, 3)#
INSERT INTO grupo_cipa (cipa, tipo, id_intervalo, quantidade) VALUES('C19', 1, 20, 4)#
INSERT INTO grupo_cipa (cipa, tipo, id_intervalo, quantidade) VALUES('C19', 1, 21, 4)#
INSERT INTO grupo_cipa (cipa, tipo, id_intervalo, quantidade) VALUES('C19', 1, 22, 1)#
INSERT INTO grupo_cipa (cipa, tipo, id_intervalo, quantidade) VALUES('C1a', 0, 9, 0)#
INSERT INTO grupo_cipa (cipa, tipo, id_intervalo, quantidade) VALUES('C1a', 0, 10, 1)#
INSERT INTO grupo_cipa (cipa, tipo, id_intervalo, quantidade) VALUES('C1a', 0, 11, 1)#
INSERT INTO grupo_cipa (cipa, tipo, id_intervalo, quantidade) VALUES('C1a', 0, 12, 3)#
INSERT INTO grupo_cipa (cipa, tipo, id_intervalo, quantidade) VALUES('C1a', 0, 13, 3)#
INSERT INTO grupo_cipa (cipa, tipo, id_intervalo, quantidade) VALUES('C1a', 0, 14, 4)#
INSERT INTO grupo_cipa (cipa, tipo, id_intervalo, quantidade) VALUES('C1a', 0, 15, 4)#
INSERT INTO grupo_cipa (cipa, tipo, id_intervalo, quantidade) VALUES('C1a', 0, 16, 4)#
INSERT INTO grupo_cipa (cipa, tipo, id_intervalo, quantidade) VALUES('C1a', 0, 17, 4)#
INSERT INTO grupo_cipa (cipa, tipo, id_intervalo, quantidade) VALUES('C1a', 0, 18, 6)#
INSERT INTO grupo_cipa (cipa, tipo, id_intervalo, quantidade) VALUES('C1a', 0, 19, 9)#
INSERT INTO grupo_cipa (cipa, tipo, id_intervalo, quantidade) VALUES('C1a', 0, 20, 12)#
INSERT INTO grupo_cipa (cipa, tipo, id_intervalo, quantidade) VALUES('C1a', 0, 21, 15)#
INSERT INTO grupo_cipa (cipa, tipo, id_intervalo, quantidade) VALUES('C1a', 0, 22, 2)#
INSERT INTO grupo_cipa (cipa, tipo, id_intervalo, quantidade) VALUES('C1a', 1, 9, 0)#
INSERT INTO grupo_cipa (cipa, tipo, id_intervalo, quantidade) VALUES('C1a', 1, 10, 1)#
INSERT INTO grupo_cipa (cipa, tipo, id_intervalo, quantidade) VALUES('C1a', 1, 11, 1)#
INSERT INTO grupo_cipa (cipa, tipo, id_intervalo, quantidade) VALUES('C1a', 1, 12, 3)#
INSERT INTO grupo_cipa (cipa, tipo, id_intervalo, quantidade) VALUES('C1a', 1, 13, 3)#
INSERT INTO grupo_cipa (cipa, tipo, id_intervalo, quantidade) VALUES('C1a', 1, 14, 3)#
INSERT INTO grupo_cipa (cipa, tipo, id_intervalo, quantidade) VALUES('C1a', 1, 15, 3)#
INSERT INTO grupo_cipa (cipa, tipo, id_intervalo, quantidade) VALUES('C1a', 1, 16, 3)#
INSERT INTO grupo_cipa (cipa, tipo, id_intervalo, quantidade) VALUES('C1a', 1, 17, 4)#
INSERT INTO grupo_cipa (cipa, tipo, id_intervalo, quantidade) VALUES('C1a', 1, 18, 5)#
INSERT INTO grupo_cipa (cipa, tipo, id_intervalo, quantidade) VALUES('C1a', 1, 19, 8)#
INSERT INTO grupo_cipa (cipa, tipo, id_intervalo, quantidade) VALUES('C1a', 1, 20, 9)#
INSERT INTO grupo_cipa (cipa, tipo, id_intervalo, quantidade) VALUES('C1a', 1, 21, 12)#
INSERT INTO grupo_cipa (cipa, tipo, id_intervalo, quantidade) VALUES('C1a', 1, 22, 2)#
INSERT INTO grupo_cipa (cipa, tipo, id_intervalo, quantidade) VALUES('C2', 0, 9, 0)#
INSERT INTO grupo_cipa (cipa, tipo, id_intervalo, quantidade) VALUES('C2', 0, 10, 1)#
INSERT INTO grupo_cipa (cipa, tipo, id_intervalo, quantidade) VALUES('C2', 0, 11, 1)#
INSERT INTO grupo_cipa (cipa, tipo, id_intervalo, quantidade) VALUES('C2', 0, 12, 2)#
INSERT INTO grupo_cipa (cipa, tipo, id_intervalo, quantidade) VALUES('C2', 0, 13, 2)#
INSERT INTO grupo_cipa (cipa, tipo, id_intervalo, quantidade) VALUES('C2', 0, 14, 3)#
INSERT INTO grupo_cipa (cipa, tipo, id_intervalo, quantidade) VALUES('C2', 0, 15, 4)#
INSERT INTO grupo_cipa (cipa, tipo, id_intervalo, quantidade) VALUES('C2', 0, 16, 4)#
INSERT INTO grupo_cipa (cipa, tipo, id_intervalo, quantidade) VALUES('C2', 0, 17, 5)#
INSERT INTO grupo_cipa (cipa, tipo, id_intervalo, quantidade) VALUES('C2', 0, 18, 6)#
INSERT INTO grupo_cipa (cipa, tipo, id_intervalo, quantidade) VALUES('C2', 0, 19, 7)#
INSERT INTO grupo_cipa (cipa, tipo, id_intervalo, quantidade) VALUES('C2', 0, 20, 10)#
INSERT INTO grupo_cipa (cipa, tipo, id_intervalo, quantidade) VALUES('C2', 0, 21, 11)#
INSERT INTO grupo_cipa (cipa, tipo, id_intervalo, quantidade) VALUES('C2', 0, 22, 2)#
INSERT INTO grupo_cipa (cipa, tipo, id_intervalo, quantidade) VALUES('C2', 1, 9, 0)#
INSERT INTO grupo_cipa (cipa, tipo, id_intervalo, quantidade) VALUES('C2', 1, 10, 1)#
INSERT INTO grupo_cipa (cipa, tipo, id_intervalo, quantidade) VALUES('C2', 1, 11, 1)#
INSERT INTO grupo_cipa (cipa, tipo, id_intervalo, quantidade) VALUES('C2', 1, 12, 2)#
INSERT INTO grupo_cipa (cipa, tipo, id_intervalo, quantidade) VALUES('C2', 1, 13, 2)#
INSERT INTO grupo_cipa (cipa, tipo, id_intervalo, quantidade) VALUES('C2', 1, 14, 3)#
INSERT INTO grupo_cipa (cipa, tipo, id_intervalo, quantidade) VALUES('C2', 1, 15, 3)#
INSERT INTO grupo_cipa (cipa, tipo, id_intervalo, quantidade) VALUES('C2', 1, 16, 4)#
INSERT INTO grupo_cipa (cipa, tipo, id_intervalo, quantidade) VALUES('C2', 1, 17, 4)#
INSERT INTO grupo_cipa (cipa, tipo, id_intervalo, quantidade) VALUES('C2', 1, 18, 5)#
INSERT INTO grupo_cipa (cipa, tipo, id_intervalo, quantidade) VALUES('C2', 1, 19, 6)#
INSERT INTO grupo_cipa (cipa, tipo, id_intervalo, quantidade) VALUES('C2', 1, 20, 7)#
INSERT INTO grupo_cipa (cipa, tipo, id_intervalo, quantidade) VALUES('C2', 1, 21, 9)#
INSERT INTO grupo_cipa (cipa, tipo, id_intervalo, quantidade) VALUES('C2', 1, 22, 1)#
INSERT INTO grupo_cipa (cipa, tipo, id_intervalo, quantidade) VALUES('C20', 0, 9, 0)#
INSERT INTO grupo_cipa (cipa, tipo, id_intervalo, quantidade) VALUES('C20', 0, 10, 0)#
INSERT INTO grupo_cipa (cipa, tipo, id_intervalo, quantidade) VALUES('C20', 0, 11, 1)#
INSERT INTO grupo_cipa (cipa, tipo, id_intervalo, quantidade) VALUES('C20', 0, 12, 1)#
INSERT INTO grupo_cipa (cipa, tipo, id_intervalo, quantidade) VALUES('C20', 0, 13, 3)#
INSERT INTO grupo_cipa (cipa, tipo, id_intervalo, quantidade) VALUES('C20', 0, 14, 3)#
INSERT INTO grupo_cipa (cipa, tipo, id_intervalo, quantidade) VALUES('C20', 0, 15, 3)#
INSERT INTO grupo_cipa (cipa, tipo, id_intervalo, quantidade) VALUES('C20', 0, 16, 3)#
INSERT INTO grupo_cipa (cipa, tipo, id_intervalo, quantidade) VALUES('C20', 0, 17, 4)#
INSERT INTO grupo_cipa (cipa, tipo, id_intervalo, quantidade) VALUES('C20', 0, 18, 5)#
INSERT INTO grupo_cipa (cipa, tipo, id_intervalo, quantidade) VALUES('C20', 0, 19, 5)#
INSERT INTO grupo_cipa (cipa, tipo, id_intervalo, quantidade) VALUES('C20', 0, 20, 6)#
INSERT INTO grupo_cipa (cipa, tipo, id_intervalo, quantidade) VALUES('C20', 0, 21, 8)#
INSERT INTO grupo_cipa (cipa, tipo, id_intervalo, quantidade) VALUES('C20', 0, 22, 2)#
INSERT INTO grupo_cipa (cipa, tipo, id_intervalo, quantidade) VALUES('C20', 1, 9, 0)#
INSERT INTO grupo_cipa (cipa, tipo, id_intervalo, quantidade) VALUES('C20', 1, 10, 0)#
INSERT INTO grupo_cipa (cipa, tipo, id_intervalo, quantidade) VALUES('C20', 1, 11, 1)#
INSERT INTO grupo_cipa (cipa, tipo, id_intervalo, quantidade) VALUES('C20', 1, 12, 1)#
INSERT INTO grupo_cipa (cipa, tipo, id_intervalo, quantidade) VALUES('C20', 1, 13, 3)#
INSERT INTO grupo_cipa (cipa, tipo, id_intervalo, quantidade) VALUES('C20', 1, 14, 3)#
INSERT INTO grupo_cipa (cipa, tipo, id_intervalo, quantidade) VALUES('C20', 1, 15, 3)#
INSERT INTO grupo_cipa (cipa, tipo, id_intervalo, quantidade) VALUES('C20', 1, 16, 3)#
INSERT INTO grupo_cipa (cipa, tipo, id_intervalo, quantidade) VALUES('C20', 1, 17, 3)#
INSERT INTO grupo_cipa (cipa, tipo, id_intervalo, quantidade) VALUES('C20', 1, 18, 4)#
INSERT INTO grupo_cipa (cipa, tipo, id_intervalo, quantidade) VALUES('C20', 1, 19, 4)#
INSERT INTO grupo_cipa (cipa, tipo, id_intervalo, quantidade) VALUES('C20', 1, 20, 5)#
INSERT INTO grupo_cipa (cipa, tipo, id_intervalo, quantidade) VALUES('C20', 1, 21, 6)#
INSERT INTO grupo_cipa (cipa, tipo, id_intervalo, quantidade) VALUES('C20', 1, 22, 1)#
INSERT INTO grupo_cipa (cipa, tipo, id_intervalo, quantidade) VALUES('C21', 0, 9, 0)#
INSERT INTO grupo_cipa (cipa, tipo, id_intervalo, quantidade) VALUES('C21', 0, 10, 0)#
INSERT INTO grupo_cipa (cipa, tipo, id_intervalo, quantidade) VALUES('C21', 0, 11, 0)#
INSERT INTO grupo_cipa (cipa, tipo, id_intervalo, quantidade) VALUES('C21', 0, 12, 1)#
INSERT INTO grupo_cipa (cipa, tipo, id_intervalo, quantidade) VALUES('C21', 0, 13, 1)#
INSERT INTO grupo_cipa (cipa, tipo, id_intervalo, quantidade) VALUES('C21', 0, 14, 2)#
INSERT INTO grupo_cipa (cipa, tipo, id_intervalo, quantidade) VALUES('C21', 0, 15, 2)#
INSERT INTO grupo_cipa (cipa, tipo, id_intervalo, quantidade) VALUES('C21', 0, 16, 2)#
INSERT INTO grupo_cipa (cipa, tipo, id_intervalo, quantidade) VALUES('C21', 0, 17, 3)#
INSERT INTO grupo_cipa (cipa, tipo, id_intervalo, quantidade) VALUES('C21', 0, 18, 3)#
INSERT INTO grupo_cipa (cipa, tipo, id_intervalo, quantidade) VALUES('C21', 0, 19, 4)#
INSERT INTO grupo_cipa (cipa, tipo, id_intervalo, quantidade) VALUES('C21', 0, 20, 5)#
INSERT INTO grupo_cipa (cipa, tipo, id_intervalo, quantidade) VALUES('C21', 0, 21, 6)#
INSERT INTO grupo_cipa (cipa, tipo, id_intervalo, quantidade) VALUES('C21', 0, 22, 1)#
INSERT INTO grupo_cipa (cipa, tipo, id_intervalo, quantidade) VALUES('C21', 1, 9, 0)#
INSERT INTO grupo_cipa (cipa, tipo, id_intervalo, quantidade) VALUES('C21', 1, 10, 0)#
INSERT INTO grupo_cipa (cipa, tipo, id_intervalo, quantidade) VALUES('C21', 1, 11, 0)#
INSERT INTO grupo_cipa (cipa, tipo, id_intervalo, quantidade) VALUES('C21', 1, 12, 1)#
INSERT INTO grupo_cipa (cipa, tipo, id_intervalo, quantidade) VALUES('C21', 1, 13, 1)#
INSERT INTO grupo_cipa (cipa, tipo, id_intervalo, quantidade) VALUES('C21', 1, 14, 2)#
INSERT INTO grupo_cipa (cipa, tipo, id_intervalo, quantidade) VALUES('C21', 1, 15, 2)#
INSERT INTO grupo_cipa (cipa, tipo, id_intervalo, quantidade) VALUES('C21', 1, 16, 2)#
INSERT INTO grupo_cipa (cipa, tipo, id_intervalo, quantidade) VALUES('C21', 1, 17, 3)#
INSERT INTO grupo_cipa (cipa, tipo, id_intervalo, quantidade) VALUES('C21', 1, 18, 3)#
INSERT INTO grupo_cipa (cipa, tipo, id_intervalo, quantidade) VALUES('C21', 1, 19, 3)#
INSERT INTO grupo_cipa (cipa, tipo, id_intervalo, quantidade) VALUES('C21', 1, 20, 4)#
INSERT INTO grupo_cipa (cipa, tipo, id_intervalo, quantidade) VALUES('C21', 1, 21, 5)#
INSERT INTO grupo_cipa (cipa, tipo, id_intervalo, quantidade) VALUES('C21', 1, 22, 1)#
INSERT INTO grupo_cipa (cipa, tipo, id_intervalo, quantidade) VALUES('C22', 0, 9, 0)#
INSERT INTO grupo_cipa (cipa, tipo, id_intervalo, quantidade) VALUES('C22', 0, 10, 1)#
INSERT INTO grupo_cipa (cipa, tipo, id_intervalo, quantidade) VALUES('C22', 0, 11, 1)#
INSERT INTO grupo_cipa (cipa, tipo, id_intervalo, quantidade) VALUES('C22', 0, 12, 2)#
INSERT INTO grupo_cipa (cipa, tipo, id_intervalo, quantidade) VALUES('C22', 0, 13, 2)#
INSERT INTO grupo_cipa (cipa, tipo, id_intervalo, quantidade) VALUES('C22', 0, 14, 3)#
INSERT INTO grupo_cipa (cipa, tipo, id_intervalo, quantidade) VALUES('C22', 0, 15, 3)#
INSERT INTO grupo_cipa (cipa, tipo, id_intervalo, quantidade) VALUES('C22', 0, 16, 4)#
INSERT INTO grupo_cipa (cipa, tipo, id_intervalo, quantidade) VALUES('C22', 0, 17, 4)#
INSERT INTO grupo_cipa (cipa, tipo, id_intervalo, quantidade) VALUES('C22', 0, 18, 6)#
INSERT INTO grupo_cipa (cipa, tipo, id_intervalo, quantidade) VALUES('C22', 0, 19, 8)#
INSERT INTO grupo_cipa (cipa, tipo, id_intervalo, quantidade) VALUES('C22', 0, 20, 10)#
INSERT INTO grupo_cipa (cipa, tipo, id_intervalo, quantidade) VALUES('C22', 0, 21, 12)#
INSERT INTO grupo_cipa (cipa, tipo, id_intervalo, quantidade) VALUES('C22', 0, 22, 2)#
INSERT INTO grupo_cipa (cipa, tipo, id_intervalo, quantidade) VALUES('C22', 1, 9, 0)#
INSERT INTO grupo_cipa (cipa, tipo, id_intervalo, quantidade) VALUES('C22', 1, 10, 1)#
INSERT INTO grupo_cipa (cipa, tipo, id_intervalo, quantidade) VALUES('C22', 1, 11, 1)#
INSERT INTO grupo_cipa (cipa, tipo, id_intervalo, quantidade) VALUES('C22', 1, 12, 2)#
INSERT INTO grupo_cipa (cipa, tipo, id_intervalo, quantidade) VALUES('C22', 1, 13, 2)#
INSERT INTO grupo_cipa (cipa, tipo, id_intervalo, quantidade) VALUES('C22', 1, 14, 3)#
INSERT INTO grupo_cipa (cipa, tipo, id_intervalo, quantidade) VALUES('C22', 1, 15, 3)#
INSERT INTO grupo_cipa (cipa, tipo, id_intervalo, quantidade) VALUES('C22', 1, 16, 3)#
INSERT INTO grupo_cipa (cipa, tipo, id_intervalo, quantidade) VALUES('C22', 1, 17, 3)#
INSERT INTO grupo_cipa (cipa, tipo, id_intervalo, quantidade) VALUES('C22', 1, 18, 5)#
INSERT INTO grupo_cipa (cipa, tipo, id_intervalo, quantidade) VALUES('C22', 1, 19, 6)#
INSERT INTO grupo_cipa (cipa, tipo, id_intervalo, quantidade) VALUES('C22', 1, 20, 8)#
INSERT INTO grupo_cipa (cipa, tipo, id_intervalo, quantidade) VALUES('C22', 1, 21, 9)#
INSERT INTO grupo_cipa (cipa, tipo, id_intervalo, quantidade) VALUES('C22', 1, 22, 2)#
INSERT INTO grupo_cipa (cipa, tipo, id_intervalo, quantidade) VALUES('C23', 0, 9, 0)#
INSERT INTO grupo_cipa (cipa, tipo, id_intervalo, quantidade) VALUES('C23', 0, 10, 0)#
INSERT INTO grupo_cipa (cipa, tipo, id_intervalo, quantidade) VALUES('C23', 0, 11, 0)#
INSERT INTO grupo_cipa (cipa, tipo, id_intervalo, quantidade) VALUES('C23', 0, 12, 1)#
INSERT INTO grupo_cipa (cipa, tipo, id_intervalo, quantidade) VALUES('C23', 0, 13, 1)#
INSERT INTO grupo_cipa (cipa, tipo, id_intervalo, quantidade) VALUES('C23', 0, 14, 2)#
INSERT INTO grupo_cipa (cipa, tipo, id_intervalo, quantidade) VALUES('C23', 0, 15, 2)#
INSERT INTO grupo_cipa (cipa, tipo, id_intervalo, quantidade) VALUES('C23', 0, 16, 2)#
INSERT INTO grupo_cipa (cipa, tipo, id_intervalo, quantidade) VALUES('C23', 0, 17, 2)#
INSERT INTO grupo_cipa (cipa, tipo, id_intervalo, quantidade) VALUES('C23', 0, 18, 3)#
INSERT INTO grupo_cipa (cipa, tipo, id_intervalo, quantidade) VALUES('C23', 0, 19, 4)#
INSERT INTO grupo_cipa (cipa, tipo, id_intervalo, quantidade) VALUES('C23', 0, 20, 5)#
INSERT INTO grupo_cipa (cipa, tipo, id_intervalo, quantidade) VALUES('C23', 0, 21, 6)#
INSERT INTO grupo_cipa (cipa, tipo, id_intervalo, quantidade) VALUES('C23', 0, 22, 1)#
INSERT INTO grupo_cipa (cipa, tipo, id_intervalo, quantidade) VALUES('C23', 1, 9, 0)#
INSERT INTO grupo_cipa (cipa, tipo, id_intervalo, quantidade) VALUES('C23', 1, 10, 0)#
INSERT INTO grupo_cipa (cipa, tipo, id_intervalo, quantidade) VALUES('C23', 1, 11, 0)#
INSERT INTO grupo_cipa (cipa, tipo, id_intervalo, quantidade) VALUES('C23', 1, 12, 1)#
INSERT INTO grupo_cipa (cipa, tipo, id_intervalo, quantidade) VALUES('C23', 1, 13, 1)#
INSERT INTO grupo_cipa (cipa, tipo, id_intervalo, quantidade) VALUES('C23', 1, 14, 2)#
INSERT INTO grupo_cipa (cipa, tipo, id_intervalo, quantidade) VALUES('C23', 1, 15, 2)#
INSERT INTO grupo_cipa (cipa, tipo, id_intervalo, quantidade) VALUES('C23', 1, 16, 2)#
INSERT INTO grupo_cipa (cipa, tipo, id_intervalo, quantidade) VALUES('C23', 1, 17, 2)#
INSERT INTO grupo_cipa (cipa, tipo, id_intervalo, quantidade) VALUES('C23', 1, 18, 3)#
INSERT INTO grupo_cipa (cipa, tipo, id_intervalo, quantidade) VALUES('C23', 1, 19, 3)#
INSERT INTO grupo_cipa (cipa, tipo, id_intervalo, quantidade) VALUES('C23', 1, 20, 4)#
INSERT INTO grupo_cipa (cipa, tipo, id_intervalo, quantidade) VALUES('C23', 1, 21, 5)#
INSERT INTO grupo_cipa (cipa, tipo, id_intervalo, quantidade) VALUES('C23', 1, 22, 1)#
INSERT INTO grupo_cipa (cipa, tipo, id_intervalo, quantidade) VALUES('C24', 0, 9, 0)#
INSERT INTO grupo_cipa (cipa, tipo, id_intervalo, quantidade) VALUES('C24', 0, 10, 1)#
INSERT INTO grupo_cipa (cipa, tipo, id_intervalo, quantidade) VALUES('C24', 0, 11, 1)#
INSERT INTO grupo_cipa (cipa, tipo, id_intervalo, quantidade) VALUES('C24', 0, 12, 2)#
INSERT INTO grupo_cipa (cipa, tipo, id_intervalo, quantidade) VALUES('C24', 0, 13, 2)#
INSERT INTO grupo_cipa (cipa, tipo, id_intervalo, quantidade) VALUES('C24', 0, 14, 4)#
INSERT INTO grupo_cipa (cipa, tipo, id_intervalo, quantidade) VALUES('C24', 0, 15, 4)#
INSERT INTO grupo_cipa (cipa, tipo, id_intervalo, quantidade) VALUES('C24', 0, 16, 4)#
INSERT INTO grupo_cipa (cipa, tipo, id_intervalo, quantidade) VALUES('C24', 0, 17, 4)#
INSERT INTO grupo_cipa (cipa, tipo, id_intervalo, quantidade) VALUES('C24', 0, 18, 6)#
INSERT INTO grupo_cipa (cipa, tipo, id_intervalo, quantidade) VALUES('C24', 0, 19, 8)#
INSERT INTO grupo_cipa (cipa, tipo, id_intervalo, quantidade) VALUES('C24', 0, 20, 10)#
INSERT INTO grupo_cipa (cipa, tipo, id_intervalo, quantidade) VALUES('C24', 0, 21, 12)#
INSERT INTO grupo_cipa (cipa, tipo, id_intervalo, quantidade) VALUES('C24', 0, 22, 2)#
INSERT INTO grupo_cipa (cipa, tipo, id_intervalo, quantidade) VALUES('C24', 1, 9, 0)#
INSERT INTO grupo_cipa (cipa, tipo, id_intervalo, quantidade) VALUES('C24', 1, 10, 1)#
INSERT INTO grupo_cipa (cipa, tipo, id_intervalo, quantidade) VALUES('C24', 1, 11, 1)#
INSERT INTO grupo_cipa (cipa, tipo, id_intervalo, quantidade) VALUES('C24', 1, 12, 2)#
INSERT INTO grupo_cipa (cipa, tipo, id_intervalo, quantidade) VALUES('C24', 1, 13, 2)#
INSERT INTO grupo_cipa (cipa, tipo, id_intervalo, quantidade) VALUES('C24', 1, 14, 3)#
INSERT INTO grupo_cipa (cipa, tipo, id_intervalo, quantidade) VALUES('C24', 1, 15, 3)#
INSERT INTO grupo_cipa (cipa, tipo, id_intervalo, quantidade) VALUES('C24', 1, 16, 4)#
INSERT INTO grupo_cipa (cipa, tipo, id_intervalo, quantidade) VALUES('C24', 1, 17, 4)#
INSERT INTO grupo_cipa (cipa, tipo, id_intervalo, quantidade) VALUES('C24', 1, 18, 5)#
INSERT INTO grupo_cipa (cipa, tipo, id_intervalo, quantidade) VALUES('C24', 1, 19, 7)#
INSERT INTO grupo_cipa (cipa, tipo, id_intervalo, quantidade) VALUES('C24', 1, 20, 8)#
INSERT INTO grupo_cipa (cipa, tipo, id_intervalo, quantidade) VALUES('C24', 1, 21, 10)#
INSERT INTO grupo_cipa (cipa, tipo, id_intervalo, quantidade) VALUES('C24', 1, 22, 2)#
INSERT INTO grupo_cipa (cipa, tipo, id_intervalo, quantidade) VALUES('C24a', 0, 9, 0)#
INSERT INTO grupo_cipa (cipa, tipo, id_intervalo, quantidade) VALUES('C24a', 0, 10, 0)#
INSERT INTO grupo_cipa (cipa, tipo, id_intervalo, quantidade) VALUES('C24a', 0, 11, 0)#
INSERT INTO grupo_cipa (cipa, tipo, id_intervalo, quantidade) VALUES('C24a', 0, 12, 1)#
INSERT INTO grupo_cipa (cipa, tipo, id_intervalo, quantidade) VALUES('C24a', 0, 13, 1)#
INSERT INTO grupo_cipa (cipa, tipo, id_intervalo, quantidade) VALUES('C24a', 0, 14, 2)#
INSERT INTO grupo_cipa (cipa, tipo, id_intervalo, quantidade) VALUES('C24a', 0, 15, 2)#
INSERT INTO grupo_cipa (cipa, tipo, id_intervalo, quantidade) VALUES('C24a', 0, 16, 2)#
INSERT INTO grupo_cipa (cipa, tipo, id_intervalo, quantidade) VALUES('C24a', 0, 17, 2)#
INSERT INTO grupo_cipa (cipa, tipo, id_intervalo, quantidade) VALUES('C24a', 0, 18, 3)#
INSERT INTO grupo_cipa (cipa, tipo, id_intervalo, quantidade) VALUES('C24a', 0, 19, 4)#
INSERT INTO grupo_cipa (cipa, tipo, id_intervalo, quantidade) VALUES('C24a', 0, 20, 5)#
INSERT INTO grupo_cipa (cipa, tipo, id_intervalo, quantidade) VALUES('C24a', 0, 21, 6)#
INSERT INTO grupo_cipa (cipa, tipo, id_intervalo, quantidade) VALUES('C24a', 0, 22, 1)#
INSERT INTO grupo_cipa (cipa, tipo, id_intervalo, quantidade) VALUES('C24a', 1, 9, 0)#
INSERT INTO grupo_cipa (cipa, tipo, id_intervalo, quantidade) VALUES('C24a', 1, 10, 0)#
INSERT INTO grupo_cipa (cipa, tipo, id_intervalo, quantidade) VALUES('C24a', 1, 11, 0)#
INSERT INTO grupo_cipa (cipa, tipo, id_intervalo, quantidade) VALUES('C24a', 1, 12, 1)#
INSERT INTO grupo_cipa (cipa, tipo, id_intervalo, quantidade) VALUES('C24a', 1, 13, 1)#
INSERT INTO grupo_cipa (cipa, tipo, id_intervalo, quantidade) VALUES('C24a', 1, 14, 2)#
INSERT INTO grupo_cipa (cipa, tipo, id_intervalo, quantidade) VALUES('C24a', 1, 15, 2)#
INSERT INTO grupo_cipa (cipa, tipo, id_intervalo, quantidade) VALUES('C24a', 1, 16, 2)#
INSERT INTO grupo_cipa (cipa, tipo, id_intervalo, quantidade) VALUES('C24a', 1, 17, 2)#
INSERT INTO grupo_cipa (cipa, tipo, id_intervalo, quantidade) VALUES('C24a', 1, 18, 3)#
INSERT INTO grupo_cipa (cipa, tipo, id_intervalo, quantidade) VALUES('C24a', 1, 19, 3)#
INSERT INTO grupo_cipa (cipa, tipo, id_intervalo, quantidade) VALUES('C24a', 1, 20, 4)#
INSERT INTO grupo_cipa (cipa, tipo, id_intervalo, quantidade) VALUES('C24a', 1, 21, 4)#
INSERT INTO grupo_cipa (cipa, tipo, id_intervalo, quantidade) VALUES('C24a', 1, 22, 1)#
INSERT INTO grupo_cipa (cipa, tipo, id_intervalo, quantidade) VALUES('C24b', 0, 9, 0)#
INSERT INTO grupo_cipa (cipa, tipo, id_intervalo, quantidade) VALUES('C24b', 0, 10, 1)#
INSERT INTO grupo_cipa (cipa, tipo, id_intervalo, quantidade) VALUES('C24b', 0, 11, 1)#
INSERT INTO grupo_cipa (cipa, tipo, id_intervalo, quantidade) VALUES('C24b', 0, 12, 3)#
INSERT INTO grupo_cipa (cipa, tipo, id_intervalo, quantidade) VALUES('C24b', 0, 13, 3)#
INSERT INTO grupo_cipa (cipa, tipo, id_intervalo, quantidade) VALUES('C24b', 0, 14, 4)#
INSERT INTO grupo_cipa (cipa, tipo, id_intervalo, quantidade) VALUES('C24b', 0, 15, 4)#
INSERT INTO grupo_cipa (cipa, tipo, id_intervalo, quantidade) VALUES('C24b', 0, 16, 4)#
INSERT INTO grupo_cipa (cipa, tipo, id_intervalo, quantidade) VALUES('C24b', 0, 17, 4)#
INSERT INTO grupo_cipa (cipa, tipo, id_intervalo, quantidade) VALUES('C24b', 0, 18, 6)#
INSERT INTO grupo_cipa (cipa, tipo, id_intervalo, quantidade) VALUES('C24b', 0, 19, 9)#
INSERT INTO grupo_cipa (cipa, tipo, id_intervalo, quantidade) VALUES('C24b', 0, 20, 12)#
INSERT INTO grupo_cipa (cipa, tipo, id_intervalo, quantidade) VALUES('C24b', 0, 21, 15)#
INSERT INTO grupo_cipa (cipa, tipo, id_intervalo, quantidade) VALUES('C24b', 0, 22, 2)#
INSERT INTO grupo_cipa (cipa, tipo, id_intervalo, quantidade) VALUES('C24b', 1, 9, 0)#
INSERT INTO grupo_cipa (cipa, tipo, id_intervalo, quantidade) VALUES('C24b', 1, 10, 1)#
INSERT INTO grupo_cipa (cipa, tipo, id_intervalo, quantidade) VALUES('C24b', 1, 11, 1)#
INSERT INTO grupo_cipa (cipa, tipo, id_intervalo, quantidade) VALUES('C24b', 1, 12, 3)#
INSERT INTO grupo_cipa (cipa, tipo, id_intervalo, quantidade) VALUES('C24b', 1, 13, 3)#
INSERT INTO grupo_cipa (cipa, tipo, id_intervalo, quantidade) VALUES('C24b', 1, 14, 3)#
INSERT INTO grupo_cipa (cipa, tipo, id_intervalo, quantidade) VALUES('C24b', 1, 15, 3)#
INSERT INTO grupo_cipa (cipa, tipo, id_intervalo, quantidade) VALUES('C24b', 1, 16, 3)#
INSERT INTO grupo_cipa (cipa, tipo, id_intervalo, quantidade) VALUES('C24b', 1, 17, 3)#
INSERT INTO grupo_cipa (cipa, tipo, id_intervalo, quantidade) VALUES('C24b', 1, 18, 4)#
INSERT INTO grupo_cipa (cipa, tipo, id_intervalo, quantidade) VALUES('C24b', 1, 19, 7)#
INSERT INTO grupo_cipa (cipa, tipo, id_intervalo, quantidade) VALUES('C24b', 1, 20, 9)#
INSERT INTO grupo_cipa (cipa, tipo, id_intervalo, quantidade) VALUES('C24b', 1, 21, 12)#
INSERT INTO grupo_cipa (cipa, tipo, id_intervalo, quantidade) VALUES('C24b', 1, 22, 2)#
INSERT INTO grupo_cipa (cipa, tipo, id_intervalo, quantidade) VALUES('C25', 0, 9, 0)#
INSERT INTO grupo_cipa (cipa, tipo, id_intervalo, quantidade) VALUES('C25', 0, 10, 0)#
INSERT INTO grupo_cipa (cipa, tipo, id_intervalo, quantidade) VALUES('C25', 0, 11, 0)#
INSERT INTO grupo_cipa (cipa, tipo, id_intervalo, quantidade) VALUES('C25', 0, 12, 1)#
INSERT INTO grupo_cipa (cipa, tipo, id_intervalo, quantidade) VALUES('C25', 0, 13, 1)#
INSERT INTO grupo_cipa (cipa, tipo, id_intervalo, quantidade) VALUES('C25', 0, 14, 2)#
INSERT INTO grupo_cipa (cipa, tipo, id_intervalo, quantidade) VALUES('C25', 0, 15, 2)#
INSERT INTO grupo_cipa (cipa, tipo, id_intervalo, quantidade) VALUES('C25', 0, 16, 2)#
INSERT INTO grupo_cipa (cipa, tipo, id_intervalo, quantidade) VALUES('C25', 0, 17, 2)#
INSERT INTO grupo_cipa (cipa, tipo, id_intervalo, quantidade) VALUES('C25', 0, 18, 3)#
INSERT INTO grupo_cipa (cipa, tipo, id_intervalo, quantidade) VALUES('C25', 0, 19, 4)#
INSERT INTO grupo_cipa (cipa, tipo, id_intervalo, quantidade) VALUES('C25', 0, 20, 5)#
INSERT INTO grupo_cipa (cipa, tipo, id_intervalo, quantidade) VALUES('C25', 0, 21, 6)#
INSERT INTO grupo_cipa (cipa, tipo, id_intervalo, quantidade) VALUES('C25', 0, 22, 1)#
INSERT INTO grupo_cipa (cipa, tipo, id_intervalo, quantidade) VALUES('C25', 1, 9, 0)#
INSERT INTO grupo_cipa (cipa, tipo, id_intervalo, quantidade) VALUES('C25', 1, 10, 0)#
INSERT INTO grupo_cipa (cipa, tipo, id_intervalo, quantidade) VALUES('C25', 1, 11, 0)#
INSERT INTO grupo_cipa (cipa, tipo, id_intervalo, quantidade) VALUES('C25', 1, 12, 1)#
INSERT INTO grupo_cipa (cipa, tipo, id_intervalo, quantidade) VALUES('C25', 1, 13, 1)#
INSERT INTO grupo_cipa (cipa, tipo, id_intervalo, quantidade) VALUES('C25', 1, 14, 2)#
INSERT INTO grupo_cipa (cipa, tipo, id_intervalo, quantidade) VALUES('C25', 1, 15, 2)#
INSERT INTO grupo_cipa (cipa, tipo, id_intervalo, quantidade) VALUES('C25', 1, 16, 2)#
INSERT INTO grupo_cipa (cipa, tipo, id_intervalo, quantidade) VALUES('C25', 1, 17, 2)#
INSERT INTO grupo_cipa (cipa, tipo, id_intervalo, quantidade) VALUES('C25', 1, 18, 3)#
INSERT INTO grupo_cipa (cipa, tipo, id_intervalo, quantidade) VALUES('C25', 1, 19, 3)#
INSERT INTO grupo_cipa (cipa, tipo, id_intervalo, quantidade) VALUES('C25', 1, 20, 4)#
INSERT INTO grupo_cipa (cipa, tipo, id_intervalo, quantidade) VALUES('C25', 1, 21, 5)#
INSERT INTO grupo_cipa (cipa, tipo, id_intervalo, quantidade) VALUES('C25', 1, 22, 1)#
INSERT INTO grupo_cipa (cipa, tipo, id_intervalo, quantidade) VALUES('C26', 0, 9, 0)#
INSERT INTO grupo_cipa (cipa, tipo, id_intervalo, quantidade) VALUES('C26', 0, 10, 0)#
INSERT INTO grupo_cipa (cipa, tipo, id_intervalo, quantidade) VALUES('C26', 0, 11, 0)#
INSERT INTO grupo_cipa (cipa, tipo, id_intervalo, quantidade) VALUES('C26', 0, 12, 0)#
INSERT INTO grupo_cipa (cipa, tipo, id_intervalo, quantidade) VALUES('C26', 0, 13, 0)#
INSERT INTO grupo_cipa (cipa, tipo, id_intervalo, quantidade) VALUES('C26', 0, 14, 0)#
INSERT INTO grupo_cipa (cipa, tipo, id_intervalo, quantidade) VALUES('C26', 0, 15, 0)#
INSERT INTO grupo_cipa (cipa, tipo, id_intervalo, quantidade) VALUES('C26', 0, 16, 0)#
INSERT INTO grupo_cipa (cipa, tipo, id_intervalo, quantidade) VALUES('C26', 0, 17, 1)#
INSERT INTO grupo_cipa (cipa, tipo, id_intervalo, quantidade) VALUES('C26', 0, 18, 2)#
INSERT INTO grupo_cipa (cipa, tipo, id_intervalo, quantidade) VALUES('C26', 0, 19, 3)#
INSERT INTO grupo_cipa (cipa, tipo, id_intervalo, quantidade) VALUES('C26', 0, 20, 4)#
INSERT INTO grupo_cipa (cipa, tipo, id_intervalo, quantidade) VALUES('C26', 0, 21, 5)#
INSERT INTO grupo_cipa (cipa, tipo, id_intervalo, quantidade) VALUES('C26', 0, 22, 1)#
INSERT INTO grupo_cipa (cipa, tipo, id_intervalo, quantidade) VALUES('C26', 1, 9, 0)#
INSERT INTO grupo_cipa (cipa, tipo, id_intervalo, quantidade) VALUES('C26', 1, 10, 0)#
INSERT INTO grupo_cipa (cipa, tipo, id_intervalo, quantidade) VALUES('C26', 1, 11, 0)#
INSERT INTO grupo_cipa (cipa, tipo, id_intervalo, quantidade) VALUES('C26', 1, 12, 0)#
INSERT INTO grupo_cipa (cipa, tipo, id_intervalo, quantidade) VALUES('C26', 1, 13, 0)#
INSERT INTO grupo_cipa (cipa, tipo, id_intervalo, quantidade) VALUES('C26', 1, 14, 0)#
INSERT INTO grupo_cipa (cipa, tipo, id_intervalo, quantidade) VALUES('C26', 1, 15, 0)#
INSERT INTO grupo_cipa (cipa, tipo, id_intervalo, quantidade) VALUES('C26', 1, 16, 0)#
INSERT INTO grupo_cipa (cipa, tipo, id_intervalo, quantidade) VALUES('C26', 1, 17, 1)#
INSERT INTO grupo_cipa (cipa, tipo, id_intervalo, quantidade) VALUES('C26', 1, 18, 2)#
INSERT INTO grupo_cipa (cipa, tipo, id_intervalo, quantidade) VALUES('C26', 1, 19, 3)#
INSERT INTO grupo_cipa (cipa, tipo, id_intervalo, quantidade) VALUES('C26', 1, 20, 3)#
INSERT INTO grupo_cipa (cipa, tipo, id_intervalo, quantidade) VALUES('C26', 1, 21, 4)#
INSERT INTO grupo_cipa (cipa, tipo, id_intervalo, quantidade) VALUES('C26', 1, 22, 1)#
INSERT INTO grupo_cipa (cipa, tipo, id_intervalo, quantidade) VALUES('C27', 0, 9, 0)#
INSERT INTO grupo_cipa (cipa, tipo, id_intervalo, quantidade) VALUES('C27', 0, 10, 0)#
INSERT INTO grupo_cipa (cipa, tipo, id_intervalo, quantidade) VALUES('C27', 0, 11, 0)#
INSERT INTO grupo_cipa (cipa, tipo, id_intervalo, quantidade) VALUES('C27', 0, 12, 0)#
INSERT INTO grupo_cipa (cipa, tipo, id_intervalo, quantidade) VALUES('C27', 0, 13, 0)#
INSERT INTO grupo_cipa (cipa, tipo, id_intervalo, quantidade) VALUES('C27', 0, 14, 1)#
INSERT INTO grupo_cipa (cipa, tipo, id_intervalo, quantidade) VALUES('C27', 0, 15, 1)#
INSERT INTO grupo_cipa (cipa, tipo, id_intervalo, quantidade) VALUES('C27', 0, 16, 2)#
INSERT INTO grupo_cipa (cipa, tipo, id_intervalo, quantidade) VALUES('C27', 0, 17, 3)#
INSERT INTO grupo_cipa (cipa, tipo, id_intervalo, quantidade) VALUES('C27', 0, 18, 4)#
INSERT INTO grupo_cipa (cipa, tipo, id_intervalo, quantidade) VALUES('C27', 0, 19, 5)#
INSERT INTO grupo_cipa (cipa, tipo, id_intervalo, quantidade) VALUES('C27', 0, 20, 6)#
INSERT INTO grupo_cipa (cipa, tipo, id_intervalo, quantidade) VALUES('C27', 0, 21, 6)#
INSERT INTO grupo_cipa (cipa, tipo, id_intervalo, quantidade) VALUES('C27', 0, 22, 1)#
INSERT INTO grupo_cipa (cipa, tipo, id_intervalo, quantidade) VALUES('C27', 1, 9, 0)#
INSERT INTO grupo_cipa (cipa, tipo, id_intervalo, quantidade) VALUES('C27', 1, 10, 0)#
INSERT INTO grupo_cipa (cipa, tipo, id_intervalo, quantidade) VALUES('C27', 1, 11, 0)#
INSERT INTO grupo_cipa (cipa, tipo, id_intervalo, quantidade) VALUES('C27', 1, 12, 0)#
INSERT INTO grupo_cipa (cipa, tipo, id_intervalo, quantidade) VALUES('C27', 1, 13, 0)#
INSERT INTO grupo_cipa (cipa, tipo, id_intervalo, quantidade) VALUES('C27', 1, 14, 1)#
INSERT INTO grupo_cipa (cipa, tipo, id_intervalo, quantidade) VALUES('C27', 1, 15, 1)#
INSERT INTO grupo_cipa (cipa, tipo, id_intervalo, quantidade) VALUES('C27', 1, 16, 2)#
INSERT INTO grupo_cipa (cipa, tipo, id_intervalo, quantidade) VALUES('C27', 1, 17, 3)#
INSERT INTO grupo_cipa (cipa, tipo, id_intervalo, quantidade) VALUES('C27', 1, 18, 3)#
INSERT INTO grupo_cipa (cipa, tipo, id_intervalo, quantidade) VALUES('C27', 1, 19, 4)#
INSERT INTO grupo_cipa (cipa, tipo, id_intervalo, quantidade) VALUES('C27', 1, 20, 5)#
INSERT INTO grupo_cipa (cipa, tipo, id_intervalo, quantidade) VALUES('C27', 1, 21, 5)#
INSERT INTO grupo_cipa (cipa, tipo, id_intervalo, quantidade) VALUES('C27', 1, 22, 1)#
INSERT INTO grupo_cipa (cipa, tipo, id_intervalo, quantidade) VALUES('C28', 0, 9, 0)#
INSERT INTO grupo_cipa (cipa, tipo, id_intervalo, quantidade) VALUES('C28', 0, 10, 0)#
INSERT INTO grupo_cipa (cipa, tipo, id_intervalo, quantidade) VALUES('C28', 0, 11, 0)#
INSERT INTO grupo_cipa (cipa, tipo, id_intervalo, quantidade) VALUES('C28', 0, 12, 0)#
INSERT INTO grupo_cipa (cipa, tipo, id_intervalo, quantidade) VALUES('C28', 0, 13, 0)#
INSERT INTO grupo_cipa (cipa, tipo, id_intervalo, quantidade) VALUES('C28', 0, 14, 1)#
INSERT INTO grupo_cipa (cipa, tipo, id_intervalo, quantidade) VALUES('C28', 0, 15, 1)#
INSERT INTO grupo_cipa (cipa, tipo, id_intervalo, quantidade) VALUES('C28', 0, 16, 2)#
INSERT INTO grupo_cipa (cipa, tipo, id_intervalo, quantidade) VALUES('C28', 0, 17, 3)#
INSERT INTO grupo_cipa (cipa, tipo, id_intervalo, quantidade) VALUES('C28', 0, 18, 4)#
INSERT INTO grupo_cipa (cipa, tipo, id_intervalo, quantidade) VALUES('C28', 0, 19, 5)#
INSERT INTO grupo_cipa (cipa, tipo, id_intervalo, quantidade) VALUES('C28', 0, 20, 6)#
INSERT INTO grupo_cipa (cipa, tipo, id_intervalo, quantidade) VALUES('C28', 0, 21, 6)#
INSERT INTO grupo_cipa (cipa, tipo, id_intervalo, quantidade) VALUES('C28', 0, 22, 1)#
INSERT INTO grupo_cipa (cipa, tipo, id_intervalo, quantidade) VALUES('C28', 1, 9, 0)#
INSERT INTO grupo_cipa (cipa, tipo, id_intervalo, quantidade) VALUES('C28', 1, 10, 0)#
INSERT INTO grupo_cipa (cipa, tipo, id_intervalo, quantidade) VALUES('C28', 1, 11, 0)#
INSERT INTO grupo_cipa (cipa, tipo, id_intervalo, quantidade) VALUES('C28', 1, 12, 0)#
INSERT INTO grupo_cipa (cipa, tipo, id_intervalo, quantidade) VALUES('C28', 1, 13, 0)#
INSERT INTO grupo_cipa (cipa, tipo, id_intervalo, quantidade) VALUES('C28', 1, 14, 1)#
INSERT INTO grupo_cipa (cipa, tipo, id_intervalo, quantidade) VALUES('C28', 1, 15, 1)#
INSERT INTO grupo_cipa (cipa, tipo, id_intervalo, quantidade) VALUES('C28', 1, 16, 2)#
INSERT INTO grupo_cipa (cipa, tipo, id_intervalo, quantidade) VALUES('C28', 1, 17, 3)#
INSERT INTO grupo_cipa (cipa, tipo, id_intervalo, quantidade) VALUES('C28', 1, 18, 4)#
INSERT INTO grupo_cipa (cipa, tipo, id_intervalo, quantidade) VALUES('C28', 1, 19, 5)#
INSERT INTO grupo_cipa (cipa, tipo, id_intervalo, quantidade) VALUES('C28', 1, 20, 5)#
INSERT INTO grupo_cipa (cipa, tipo, id_intervalo, quantidade) VALUES('C28', 1, 21, 5)#
INSERT INTO grupo_cipa (cipa, tipo, id_intervalo, quantidade) VALUES('C28', 1, 22, 1)#
INSERT INTO grupo_cipa (cipa, tipo, id_intervalo, quantidade) VALUES('C29', 0, 9, 0)#
INSERT INTO grupo_cipa (cipa, tipo, id_intervalo, quantidade) VALUES('C29', 0, 10, 0)#
INSERT INTO grupo_cipa (cipa, tipo, id_intervalo, quantidade) VALUES('C29', 0, 11, 0)#
INSERT INTO grupo_cipa (cipa, tipo, id_intervalo, quantidade) VALUES('C29', 0, 12, 0)#
INSERT INTO grupo_cipa (cipa, tipo, id_intervalo, quantidade) VALUES('C29', 0, 13, 0)#
INSERT INTO grupo_cipa (cipa, tipo, id_intervalo, quantidade) VALUES('C29', 0, 14, 0)#
INSERT INTO grupo_cipa (cipa, tipo, id_intervalo, quantidade) VALUES('C29', 0, 15, 0)#
INSERT INTO grupo_cipa (cipa, tipo, id_intervalo, quantidade) VALUES('C29', 0, 16, 0)#
INSERT INTO grupo_cipa (cipa, tipo, id_intervalo, quantidade) VALUES('C29', 0, 17, 1)#
INSERT INTO grupo_cipa (cipa, tipo, id_intervalo, quantidade) VALUES('C29', 0, 18, 2)#
INSERT INTO grupo_cipa (cipa, tipo, id_intervalo, quantidade) VALUES('C29', 0, 19, 3)#
INSERT INTO grupo_cipa (cipa, tipo, id_intervalo, quantidade) VALUES('C29', 0, 20, 4)#
INSERT INTO grupo_cipa (cipa, tipo, id_intervalo, quantidade) VALUES('C29', 0, 21, 5)#
INSERT INTO grupo_cipa (cipa, tipo, id_intervalo, quantidade) VALUES('C29', 0, 22, 1)#
INSERT INTO grupo_cipa (cipa, tipo, id_intervalo, quantidade) VALUES('C29', 1, 9, 0)#
INSERT INTO grupo_cipa (cipa, tipo, id_intervalo, quantidade) VALUES('C29', 1, 10, 0)#
INSERT INTO grupo_cipa (cipa, tipo, id_intervalo, quantidade) VALUES('C29', 1, 11, 0)#
INSERT INTO grupo_cipa (cipa, tipo, id_intervalo, quantidade) VALUES('C29', 1, 12, 0)#
INSERT INTO grupo_cipa (cipa, tipo, id_intervalo, quantidade) VALUES('C29', 1, 13, 0)#
INSERT INTO grupo_cipa (cipa, tipo, id_intervalo, quantidade) VALUES('C29', 1, 14, 0)#
INSERT INTO grupo_cipa (cipa, tipo, id_intervalo, quantidade) VALUES('C29', 1, 15, 0)#
INSERT INTO grupo_cipa (cipa, tipo, id_intervalo, quantidade) VALUES('C29', 1, 16, 0)#
INSERT INTO grupo_cipa (cipa, tipo, id_intervalo, quantidade) VALUES('C29', 1, 17, 1)#
INSERT INTO grupo_cipa (cipa, tipo, id_intervalo, quantidade) VALUES('C29', 1, 18, 2)#
INSERT INTO grupo_cipa (cipa, tipo, id_intervalo, quantidade) VALUES('C29', 1, 19, 3)#
INSERT INTO grupo_cipa (cipa, tipo, id_intervalo, quantidade) VALUES('C29', 1, 20, 3)#
INSERT INTO grupo_cipa (cipa, tipo, id_intervalo, quantidade) VALUES('C29', 1, 21, 4)#
INSERT INTO grupo_cipa (cipa, tipo, id_intervalo, quantidade) VALUES('C29', 1, 22, 1)#
INSERT INTO grupo_cipa (cipa, tipo, id_intervalo, quantidade) VALUES('C3', 0, 9, 0)#
INSERT INTO grupo_cipa (cipa, tipo, id_intervalo, quantidade) VALUES('C3', 0, 10, 1)#
INSERT INTO grupo_cipa (cipa, tipo, id_intervalo, quantidade) VALUES('C3', 0, 11, 1)#
INSERT INTO grupo_cipa (cipa, tipo, id_intervalo, quantidade) VALUES('C3', 0, 12, 2)#
INSERT INTO grupo_cipa (cipa, tipo, id_intervalo, quantidade) VALUES('C3', 0, 13, 2)#
INSERT INTO grupo_cipa (cipa, tipo, id_intervalo, quantidade) VALUES('C3', 0, 14, 3)#
INSERT INTO grupo_cipa (cipa, tipo, id_intervalo, quantidade) VALUES('C3', 0, 15, 3)#
INSERT INTO grupo_cipa (cipa, tipo, id_intervalo, quantidade) VALUES('C3', 0, 16, 4)#
INSERT INTO grupo_cipa (cipa, tipo, id_intervalo, quantidade) VALUES('C3', 0, 17, 5)#
INSERT INTO grupo_cipa (cipa, tipo, id_intervalo, quantidade) VALUES('C3', 0, 18, 6)#
INSERT INTO grupo_cipa (cipa, tipo, id_intervalo, quantidade) VALUES('C3', 0, 19, 7)#
INSERT INTO grupo_cipa (cipa, tipo, id_intervalo, quantidade) VALUES('C3', 0, 20, 10)#
INSERT INTO grupo_cipa (cipa, tipo, id_intervalo, quantidade) VALUES('C3', 0, 21, 10)#
INSERT INTO grupo_cipa (cipa, tipo, id_intervalo, quantidade) VALUES('C3', 0, 22, 2)#
INSERT INTO grupo_cipa (cipa, tipo, id_intervalo, quantidade) VALUES('C3', 1, 9, 0)#
INSERT INTO grupo_cipa (cipa, tipo, id_intervalo, quantidade) VALUES('C3', 1, 10, 1)#
INSERT INTO grupo_cipa (cipa, tipo, id_intervalo, quantidade) VALUES('C3', 1, 11, 1)#
INSERT INTO grupo_cipa (cipa, tipo, id_intervalo, quantidade) VALUES('C3', 1, 12, 2)#
INSERT INTO grupo_cipa (cipa, tipo, id_intervalo, quantidade) VALUES('C3', 1, 13, 2)#
INSERT INTO grupo_cipa (cipa, tipo, id_intervalo, quantidade) VALUES('C3', 1, 14, 3)#
INSERT INTO grupo_cipa (cipa, tipo, id_intervalo, quantidade) VALUES('C3', 1, 15, 3)#
INSERT INTO grupo_cipa (cipa, tipo, id_intervalo, quantidade) VALUES('C3', 1, 16, 4)#
INSERT INTO grupo_cipa (cipa, tipo, id_intervalo, quantidade) VALUES('C3', 1, 17, 4)#
INSERT INTO grupo_cipa (cipa, tipo, id_intervalo, quantidade) VALUES('C3', 1, 18, 5)#
INSERT INTO grupo_cipa (cipa, tipo, id_intervalo, quantidade) VALUES('C3', 1, 19, 6)#
INSERT INTO grupo_cipa (cipa, tipo, id_intervalo, quantidade) VALUES('C3', 1, 20, 8)#
INSERT INTO grupo_cipa (cipa, tipo, id_intervalo, quantidade) VALUES('C3', 1, 21, 8)#
INSERT INTO grupo_cipa (cipa, tipo, id_intervalo, quantidade) VALUES('C3', 1, 22, 2)#
INSERT INTO grupo_cipa (cipa, tipo, id_intervalo, quantidade) VALUES('C30', 0, 9, 0)#
INSERT INTO grupo_cipa (cipa, tipo, id_intervalo, quantidade) VALUES('C30', 0, 10, 1)#
INSERT INTO grupo_cipa (cipa, tipo, id_intervalo, quantidade) VALUES('C30', 0, 11, 1)#
INSERT INTO grupo_cipa (cipa, tipo, id_intervalo, quantidade) VALUES('C30', 0, 12, 1)#
INSERT INTO grupo_cipa (cipa, tipo, id_intervalo, quantidade) VALUES('C30', 0, 13, 2)#
INSERT INTO grupo_cipa (cipa, tipo, id_intervalo, quantidade) VALUES('C30', 0, 14, 4)#
INSERT INTO grupo_cipa (cipa, tipo, id_intervalo, quantidade) VALUES('C30', 0, 15, 4)#
INSERT INTO grupo_cipa (cipa, tipo, id_intervalo, quantidade) VALUES('C30', 0, 16, 4)#
INSERT INTO grupo_cipa (cipa, tipo, id_intervalo, quantidade) VALUES('C30', 0, 17, 5)#
INSERT INTO grupo_cipa (cipa, tipo, id_intervalo, quantidade) VALUES('C30', 0, 18, 7)#
INSERT INTO grupo_cipa (cipa, tipo, id_intervalo, quantidade) VALUES('C30', 0, 19, 8)#
INSERT INTO grupo_cipa (cipa, tipo, id_intervalo, quantidade) VALUES('C30', 0, 20, 9)#
INSERT INTO grupo_cipa (cipa, tipo, id_intervalo, quantidade) VALUES('C30', 0, 21, 10)#
INSERT INTO grupo_cipa (cipa, tipo, id_intervalo, quantidade) VALUES('C30', 0, 22, 2)#
INSERT INTO grupo_cipa (cipa, tipo, id_intervalo, quantidade) VALUES('C30', 1, 9, 0)#
INSERT INTO grupo_cipa (cipa, tipo, id_intervalo, quantidade) VALUES('C30', 1, 10, 1)#
INSERT INTO grupo_cipa (cipa, tipo, id_intervalo, quantidade) VALUES('C30', 1, 11, 1)#
INSERT INTO grupo_cipa (cipa, tipo, id_intervalo, quantidade) VALUES('C30', 1, 12, 1)#
INSERT INTO grupo_cipa (cipa, tipo, id_intervalo, quantidade) VALUES('C30', 1, 13, 2)#
INSERT INTO grupo_cipa (cipa, tipo, id_intervalo, quantidade) VALUES('C30', 1, 14, 3)#
INSERT INTO grupo_cipa (cipa, tipo, id_intervalo, quantidade) VALUES('C30', 1, 15, 3)#
INSERT INTO grupo_cipa (cipa, tipo, id_intervalo, quantidade) VALUES('C30', 1, 16, 4)#
INSERT INTO grupo_cipa (cipa, tipo, id_intervalo, quantidade) VALUES('C30', 1, 17, 4)#
INSERT INTO grupo_cipa (cipa, tipo, id_intervalo, quantidade) VALUES('C30', 1, 18, 6)#
INSERT INTO grupo_cipa (cipa, tipo, id_intervalo, quantidade) VALUES('C30', 1, 19, 7)#
INSERT INTO grupo_cipa (cipa, tipo, id_intervalo, quantidade) VALUES('C30', 1, 20, 8)#
INSERT INTO grupo_cipa (cipa, tipo, id_intervalo, quantidade) VALUES('C30', 1, 21, 9)#
INSERT INTO grupo_cipa (cipa, tipo, id_intervalo, quantidade) VALUES('C30', 1, 22, 1)#
INSERT INTO grupo_cipa (cipa, tipo, id_intervalo, quantidade) VALUES('C31', 0, 9, 0)#
INSERT INTO grupo_cipa (cipa, tipo, id_intervalo, quantidade) VALUES('C31', 0, 10, 0)#
INSERT INTO grupo_cipa (cipa, tipo, id_intervalo, quantidade) VALUES('C31', 0, 11, 0)#
INSERT INTO grupo_cipa (cipa, tipo, id_intervalo, quantidade) VALUES('C31', 0, 12, 1)#
INSERT INTO grupo_cipa (cipa, tipo, id_intervalo, quantidade) VALUES('C31', 0, 13, 1)#
INSERT INTO grupo_cipa (cipa, tipo, id_intervalo, quantidade) VALUES('C31', 0, 14, 2)#
INSERT INTO grupo_cipa (cipa, tipo, id_intervalo, quantidade) VALUES('C31', 0, 15, 2)#
INSERT INTO grupo_cipa (cipa, tipo, id_intervalo, quantidade) VALUES('C31', 0, 16, 2)#
INSERT INTO grupo_cipa (cipa, tipo, id_intervalo, quantidade) VALUES('C31', 0, 17, 3)#
INSERT INTO grupo_cipa (cipa, tipo, id_intervalo, quantidade) VALUES('C31', 0, 18, 3)#
INSERT INTO grupo_cipa (cipa, tipo, id_intervalo, quantidade) VALUES('C31', 0, 19, 4)#
INSERT INTO grupo_cipa (cipa, tipo, id_intervalo, quantidade) VALUES('C31', 0, 20, 5)#
INSERT INTO grupo_cipa (cipa, tipo, id_intervalo, quantidade) VALUES('C31', 0, 21, 6)#
INSERT INTO grupo_cipa (cipa, tipo, id_intervalo, quantidade) VALUES('C31', 0, 22, 1)#
INSERT INTO grupo_cipa (cipa, tipo, id_intervalo, quantidade) VALUES('C31', 1, 9, 0)#
INSERT INTO grupo_cipa (cipa, tipo, id_intervalo, quantidade) VALUES('C31', 1, 10, 0)#
INSERT INTO grupo_cipa (cipa, tipo, id_intervalo, quantidade) VALUES('C31', 1, 11, 0)#
INSERT INTO grupo_cipa (cipa, tipo, id_intervalo, quantidade) VALUES('C31', 1, 12, 1)#
INSERT INTO grupo_cipa (cipa, tipo, id_intervalo, quantidade) VALUES('C31', 1, 13, 1)#
INSERT INTO grupo_cipa (cipa, tipo, id_intervalo, quantidade) VALUES('C31', 1, 14, 2)#
INSERT INTO grupo_cipa (cipa, tipo, id_intervalo, quantidade) VALUES('C31', 1, 15, 2)#
INSERT INTO grupo_cipa (cipa, tipo, id_intervalo, quantidade) VALUES('C31', 1, 16, 2)#
INSERT INTO grupo_cipa (cipa, tipo, id_intervalo, quantidade) VALUES('C31', 1, 17, 3)#
INSERT INTO grupo_cipa (cipa, tipo, id_intervalo, quantidade) VALUES('C31', 1, 18, 3)#
INSERT INTO grupo_cipa (cipa, tipo, id_intervalo, quantidade) VALUES('C31', 1, 19, 3)#
INSERT INTO grupo_cipa (cipa, tipo, id_intervalo, quantidade) VALUES('C31', 1, 20, 4)#
INSERT INTO grupo_cipa (cipa, tipo, id_intervalo, quantidade) VALUES('C31', 1, 21, 5)#
INSERT INTO grupo_cipa (cipa, tipo, id_intervalo, quantidade) VALUES('C31', 1, 22, 1)#
INSERT INTO grupo_cipa (cipa, tipo, id_intervalo, quantidade) VALUES('C32', 0, 9, 0)#
INSERT INTO grupo_cipa (cipa, tipo, id_intervalo, quantidade) VALUES('C32', 0, 10, 0)#
INSERT INTO grupo_cipa (cipa, tipo, id_intervalo, quantidade) VALUES('C32', 0, 11, 0)#
INSERT INTO grupo_cipa (cipa, tipo, id_intervalo, quantidade) VALUES('C32', 0, 12, 1)#
INSERT INTO grupo_cipa (cipa, tipo, id_intervalo, quantidade) VALUES('C32', 0, 13, 1)#
INSERT INTO grupo_cipa (cipa, tipo, id_intervalo, quantidade) VALUES('C32', 0, 14, 2)#
INSERT INTO grupo_cipa (cipa, tipo, id_intervalo, quantidade) VALUES('C32', 0, 15, 2)#
INSERT INTO grupo_cipa (cipa, tipo, id_intervalo, quantidade) VALUES('C32', 0, 16, 2)#
INSERT INTO grupo_cipa (cipa, tipo, id_intervalo, quantidade) VALUES('C32', 0, 17, 3)#
INSERT INTO grupo_cipa (cipa, tipo, id_intervalo, quantidade) VALUES('C32', 0, 18, 3)#
INSERT INTO grupo_cipa (cipa, tipo, id_intervalo, quantidade) VALUES('C32', 0, 19, 4)#
INSERT INTO grupo_cipa (cipa, tipo, id_intervalo, quantidade) VALUES('C32', 0, 20, 5)#
INSERT INTO grupo_cipa (cipa, tipo, id_intervalo, quantidade) VALUES('C32', 0, 21, 6)#
INSERT INTO grupo_cipa (cipa, tipo, id_intervalo, quantidade) VALUES('C32', 0, 22, 1)#
INSERT INTO grupo_cipa (cipa, tipo, id_intervalo, quantidade) VALUES('C32', 1, 9, 0)#
INSERT INTO grupo_cipa (cipa, tipo, id_intervalo, quantidade) VALUES('C32', 1, 10, 0)#
INSERT INTO grupo_cipa (cipa, tipo, id_intervalo, quantidade) VALUES('C32', 1, 11, 0)#
INSERT INTO grupo_cipa (cipa, tipo, id_intervalo, quantidade) VALUES('C32', 1, 12, 1)#
INSERT INTO grupo_cipa (cipa, tipo, id_intervalo, quantidade) VALUES('C32', 1, 13, 1)#
INSERT INTO grupo_cipa (cipa, tipo, id_intervalo, quantidade) VALUES('C32', 1, 14, 2)#
INSERT INTO grupo_cipa (cipa, tipo, id_intervalo, quantidade) VALUES('C32', 1, 15, 2)#
INSERT INTO grupo_cipa (cipa, tipo, id_intervalo, quantidade) VALUES('C32', 1, 16, 2)#
INSERT INTO grupo_cipa (cipa, tipo, id_intervalo, quantidade) VALUES('C32', 1, 17, 3)#
INSERT INTO grupo_cipa (cipa, tipo, id_intervalo, quantidade) VALUES('C32', 1, 18, 3)#
INSERT INTO grupo_cipa (cipa, tipo, id_intervalo, quantidade) VALUES('C32', 1, 19, 3)#
INSERT INTO grupo_cipa (cipa, tipo, id_intervalo, quantidade) VALUES('C32', 1, 20, 4)#
INSERT INTO grupo_cipa (cipa, tipo, id_intervalo, quantidade) VALUES('C32', 1, 21, 5)#
INSERT INTO grupo_cipa (cipa, tipo, id_intervalo, quantidade) VALUES('C32', 1, 22, 1)#
INSERT INTO grupo_cipa (cipa, tipo, id_intervalo, quantidade) VALUES('C33', 0, 9, 0)#
INSERT INTO grupo_cipa (cipa, tipo, id_intervalo, quantidade) VALUES('C33', 0, 10, 0)#
INSERT INTO grupo_cipa (cipa, tipo, id_intervalo, quantidade) VALUES('C33', 0, 11, 0)#
INSERT INTO grupo_cipa (cipa, tipo, id_intervalo, quantidade) VALUES('C33', 0, 12, 0)#
INSERT INTO grupo_cipa (cipa, tipo, id_intervalo, quantidade) VALUES('C33', 0, 13, 0)#
INSERT INTO grupo_cipa (cipa, tipo, id_intervalo, quantidade) VALUES('C33', 0, 14, 1)#
INSERT INTO grupo_cipa (cipa, tipo, id_intervalo, quantidade) VALUES('C33', 0, 15, 1)#
INSERT INTO grupo_cipa (cipa, tipo, id_intervalo, quantidade) VALUES('C33', 0, 16, 1)#
INSERT INTO grupo_cipa (cipa, tipo, id_intervalo, quantidade) VALUES('C33', 0, 17, 1)#
INSERT INTO grupo_cipa (cipa, tipo, id_intervalo, quantidade) VALUES('C33', 0, 18, 2)#
INSERT INTO grupo_cipa (cipa, tipo, id_intervalo, quantidade) VALUES('C33', 0, 19, 3)#
INSERT INTO grupo_cipa (cipa, tipo, id_intervalo, quantidade) VALUES('C33', 0, 20, 4)#
INSERT INTO grupo_cipa (cipa, tipo, id_intervalo, quantidade) VALUES('C33', 0, 21, 5)#
INSERT INTO grupo_cipa (cipa, tipo, id_intervalo, quantidade) VALUES('C33', 0, 22, 1)#
INSERT INTO grupo_cipa (cipa, tipo, id_intervalo, quantidade) VALUES('C33', 1, 9, 0)#
INSERT INTO grupo_cipa (cipa, tipo, id_intervalo, quantidade) VALUES('C33', 1, 10, 0)#
INSERT INTO grupo_cipa (cipa, tipo, id_intervalo, quantidade) VALUES('C33', 1, 11, 0)#
INSERT INTO grupo_cipa (cipa, tipo, id_intervalo, quantidade) VALUES('C33', 1, 12, 0)#
INSERT INTO grupo_cipa (cipa, tipo, id_intervalo, quantidade) VALUES('C33', 1, 13, 0)#
INSERT INTO grupo_cipa (cipa, tipo, id_intervalo, quantidade) VALUES('C33', 1, 14, 1)#
INSERT INTO grupo_cipa (cipa, tipo, id_intervalo, quantidade) VALUES('C33', 1, 15, 1)#
INSERT INTO grupo_cipa (cipa, tipo, id_intervalo, quantidade) VALUES('C33', 1, 16, 1)#
INSERT INTO grupo_cipa (cipa, tipo, id_intervalo, quantidade) VALUES('C33', 1, 17, 1)#
INSERT INTO grupo_cipa (cipa, tipo, id_intervalo, quantidade) VALUES('C33', 1, 18, 2)#
INSERT INTO grupo_cipa (cipa, tipo, id_intervalo, quantidade) VALUES('C33', 1, 19, 3)#
INSERT INTO grupo_cipa (cipa, tipo, id_intervalo, quantidade) VALUES('C33', 1, 20, 3)#
INSERT INTO grupo_cipa (cipa, tipo, id_intervalo, quantidade) VALUES('C33', 1, 21, 4)#
INSERT INTO grupo_cipa (cipa, tipo, id_intervalo, quantidade) VALUES('C33', 1, 22, 1)#
INSERT INTO grupo_cipa (cipa, tipo, id_intervalo, quantidade) VALUES('C34', 0, 9, 0)#
INSERT INTO grupo_cipa (cipa, tipo, id_intervalo, quantidade) VALUES('C34', 0, 10, 1)#
INSERT INTO grupo_cipa (cipa, tipo, id_intervalo, quantidade) VALUES('C34', 0, 11, 1)#
INSERT INTO grupo_cipa (cipa, tipo, id_intervalo, quantidade) VALUES('C34', 0, 12, 2)#
INSERT INTO grupo_cipa (cipa, tipo, id_intervalo, quantidade) VALUES('C34', 0, 13, 2)#
INSERT INTO grupo_cipa (cipa, tipo, id_intervalo, quantidade) VALUES('C34', 0, 14, 4)#
INSERT INTO grupo_cipa (cipa, tipo, id_intervalo, quantidade) VALUES('C34', 0, 15, 4)#
INSERT INTO grupo_cipa (cipa, tipo, id_intervalo, quantidade) VALUES('C34', 0, 16, 4)#
INSERT INTO grupo_cipa (cipa, tipo, id_intervalo, quantidade) VALUES('C34', 0, 17, 4)#
INSERT INTO grupo_cipa (cipa, tipo, id_intervalo, quantidade) VALUES('C34', 0, 18, 6)#
INSERT INTO grupo_cipa (cipa, tipo, id_intervalo, quantidade) VALUES('C34', 0, 19, 8)#
INSERT INTO grupo_cipa (cipa, tipo, id_intervalo, quantidade) VALUES('C34', 0, 20, 10)#
INSERT INTO grupo_cipa (cipa, tipo, id_intervalo, quantidade) VALUES('C34', 0, 21, 12)#
INSERT INTO grupo_cipa (cipa, tipo, id_intervalo, quantidade) VALUES('C34', 0, 22, 2)#
INSERT INTO grupo_cipa (cipa, tipo, id_intervalo, quantidade) VALUES('C34', 1, 9, 0)#
INSERT INTO grupo_cipa (cipa, tipo, id_intervalo, quantidade) VALUES('C34', 1, 10, 1)#
INSERT INTO grupo_cipa (cipa, tipo, id_intervalo, quantidade) VALUES('C34', 1, 11, 1)#
INSERT INTO grupo_cipa (cipa, tipo, id_intervalo, quantidade) VALUES('C34', 1, 12, 2)#
INSERT INTO grupo_cipa (cipa, tipo, id_intervalo, quantidade) VALUES('C34', 1, 13, 2)#
INSERT INTO grupo_cipa (cipa, tipo, id_intervalo, quantidade) VALUES('C34', 1, 14, 3)#
INSERT INTO grupo_cipa (cipa, tipo, id_intervalo, quantidade) VALUES('C34', 1, 15, 3)#
INSERT INTO grupo_cipa (cipa, tipo, id_intervalo, quantidade) VALUES('C34', 1, 16, 3)#
INSERT INTO grupo_cipa (cipa, tipo, id_intervalo, quantidade) VALUES('C34', 1, 17, 4)#
INSERT INTO grupo_cipa (cipa, tipo, id_intervalo, quantidade) VALUES('C34', 1, 18, 5)#
INSERT INTO grupo_cipa (cipa, tipo, id_intervalo, quantidade) VALUES('C34', 1, 19, 7)#
INSERT INTO grupo_cipa (cipa, tipo, id_intervalo, quantidade) VALUES('C34', 1, 20, 8)#
INSERT INTO grupo_cipa (cipa, tipo, id_intervalo, quantidade) VALUES('C34', 1, 21, 9)#
INSERT INTO grupo_cipa (cipa, tipo, id_intervalo, quantidade) VALUES('C34', 1, 22, 2)#
INSERT INTO grupo_cipa (cipa, tipo, id_intervalo, quantidade) VALUES('C35', 0, 9, 0)#
INSERT INTO grupo_cipa (cipa, tipo, id_intervalo, quantidade) VALUES('C35', 0, 10, 0)#
INSERT INTO grupo_cipa (cipa, tipo, id_intervalo, quantidade) VALUES('C35', 0, 11, 0)#
INSERT INTO grupo_cipa (cipa, tipo, id_intervalo, quantidade) VALUES('C35', 0, 12, 1)#
INSERT INTO grupo_cipa (cipa, tipo, id_intervalo, quantidade) VALUES('C35', 0, 13, 1)#
INSERT INTO grupo_cipa (cipa, tipo, id_intervalo, quantidade) VALUES('C35', 0, 14, 2)#
INSERT INTO grupo_cipa (cipa, tipo, id_intervalo, quantidade) VALUES('C35', 0, 15, 2)#
INSERT INTO grupo_cipa (cipa, tipo, id_intervalo, quantidade) VALUES('C35', 0, 16, 2)#
INSERT INTO grupo_cipa (cipa, tipo, id_intervalo, quantidade) VALUES('C35', 0, 17, 2)#
INSERT INTO grupo_cipa (cipa, tipo, id_intervalo, quantidade) VALUES('C35', 0, 18, 3)#
INSERT INTO grupo_cipa (cipa, tipo, id_intervalo, quantidade) VALUES('C35', 0, 19, 4)#
INSERT INTO grupo_cipa (cipa, tipo, id_intervalo, quantidade) VALUES('C35', 0, 20, 5)#
INSERT INTO grupo_cipa (cipa, tipo, id_intervalo, quantidade) VALUES('C35', 0, 21, 6)#
INSERT INTO grupo_cipa (cipa, tipo, id_intervalo, quantidade) VALUES('C35', 0, 22, 1)#
INSERT INTO grupo_cipa (cipa, tipo, id_intervalo, quantidade) VALUES('C35', 1, 9, 0)#
INSERT INTO grupo_cipa (cipa, tipo, id_intervalo, quantidade) VALUES('C35', 1, 10, 0)#
INSERT INTO grupo_cipa (cipa, tipo, id_intervalo, quantidade) VALUES('C35', 1, 11, 0)#
INSERT INTO grupo_cipa (cipa, tipo, id_intervalo, quantidade) VALUES('C35', 1, 12, 1)#
INSERT INTO grupo_cipa (cipa, tipo, id_intervalo, quantidade) VALUES('C35', 1, 13, 1)#
INSERT INTO grupo_cipa (cipa, tipo, id_intervalo, quantidade) VALUES('C35', 1, 14, 2)#
INSERT INTO grupo_cipa (cipa, tipo, id_intervalo, quantidade) VALUES('C35', 1, 15, 2)#
INSERT INTO grupo_cipa (cipa, tipo, id_intervalo, quantidade) VALUES('C35', 1, 16, 2)#
INSERT INTO grupo_cipa (cipa, tipo, id_intervalo, quantidade) VALUES('C35', 1, 17, 2)#
INSERT INTO grupo_cipa (cipa, tipo, id_intervalo, quantidade) VALUES('C35', 1, 18, 3)#
INSERT INTO grupo_cipa (cipa, tipo, id_intervalo, quantidade) VALUES('C35', 1, 19, 3)#
INSERT INTO grupo_cipa (cipa, tipo, id_intervalo, quantidade) VALUES('C35', 1, 20, 4)#
INSERT INTO grupo_cipa (cipa, tipo, id_intervalo, quantidade) VALUES('C35', 1, 21, 5)#
INSERT INTO grupo_cipa (cipa, tipo, id_intervalo, quantidade) VALUES('C35', 1, 22, 1)#
INSERT INTO grupo_cipa (cipa, tipo, id_intervalo, quantidade) VALUES('C3a', 0, 9, 0)#
INSERT INTO grupo_cipa (cipa, tipo, id_intervalo, quantidade) VALUES('C3a', 0, 10, 0)#
INSERT INTO grupo_cipa (cipa, tipo, id_intervalo, quantidade) VALUES('C3a', 0, 11, 0)#
INSERT INTO grupo_cipa (cipa, tipo, id_intervalo, quantidade) VALUES('C3a', 0, 12, 1)#
INSERT INTO grupo_cipa (cipa, tipo, id_intervalo, quantidade) VALUES('C3a', 0, 13, 1)#
INSERT INTO grupo_cipa (cipa, tipo, id_intervalo, quantidade) VALUES('C3a', 0, 14, 2)#
INSERT INTO grupo_cipa (cipa, tipo, id_intervalo, quantidade) VALUES('C3a', 0, 15, 2)#
INSERT INTO grupo_cipa (cipa, tipo, id_intervalo, quantidade) VALUES('C3a', 0, 16, 2)#
INSERT INTO grupo_cipa (cipa, tipo, id_intervalo, quantidade) VALUES('C3a', 0, 17, 3)#
INSERT INTO grupo_cipa (cipa, tipo, id_intervalo, quantidade) VALUES('C3a', 0, 18, 3)#
INSERT INTO grupo_cipa (cipa, tipo, id_intervalo, quantidade) VALUES('C3a', 0, 19, 4)#
INSERT INTO grupo_cipa (cipa, tipo, id_intervalo, quantidade) VALUES('C3a', 0, 20, 5)#
INSERT INTO grupo_cipa (cipa, tipo, id_intervalo, quantidade) VALUES('C3a', 0, 21, 6)#
INSERT INTO grupo_cipa (cipa, tipo, id_intervalo, quantidade) VALUES('C3a', 0, 22, 1)#
INSERT INTO grupo_cipa (cipa, tipo, id_intervalo, quantidade) VALUES('C3a', 1, 9, 0)#
INSERT INTO grupo_cipa (cipa, tipo, id_intervalo, quantidade) VALUES('C3a', 1, 10, 0)#
INSERT INTO grupo_cipa (cipa, tipo, id_intervalo, quantidade) VALUES('C3a', 1, 11, 0)#
INSERT INTO grupo_cipa (cipa, tipo, id_intervalo, quantidade) VALUES('C3a', 1, 12, 1)#
INSERT INTO grupo_cipa (cipa, tipo, id_intervalo, quantidade) VALUES('C3a', 1, 13, 1)#
INSERT INTO grupo_cipa (cipa, tipo, id_intervalo, quantidade) VALUES('C3a', 1, 14, 2)#
INSERT INTO grupo_cipa (cipa, tipo, id_intervalo, quantidade) VALUES('C3a', 1, 15, 2)#
INSERT INTO grupo_cipa (cipa, tipo, id_intervalo, quantidade) VALUES('C3a', 1, 16, 2)#
INSERT INTO grupo_cipa (cipa, tipo, id_intervalo, quantidade) VALUES('C3a', 1, 17, 3)#
INSERT INTO grupo_cipa (cipa, tipo, id_intervalo, quantidade) VALUES('C3a', 1, 18, 3)#
INSERT INTO grupo_cipa (cipa, tipo, id_intervalo, quantidade) VALUES('C3a', 1, 19, 3)#
INSERT INTO grupo_cipa (cipa, tipo, id_intervalo, quantidade) VALUES('C3a', 1, 20, 4)#
INSERT INTO grupo_cipa (cipa, tipo, id_intervalo, quantidade) VALUES('C3a', 1, 21, 5)#
INSERT INTO grupo_cipa (cipa, tipo, id_intervalo, quantidade) VALUES('C3a', 1, 22, 1)#
INSERT INTO grupo_cipa (cipa, tipo, id_intervalo, quantidade) VALUES('C4', 0, 9, 0)#
INSERT INTO grupo_cipa (cipa, tipo, id_intervalo, quantidade) VALUES('C4', 0, 10, 0)#
INSERT INTO grupo_cipa (cipa, tipo, id_intervalo, quantidade) VALUES('C4', 0, 11, 1)#
INSERT INTO grupo_cipa (cipa, tipo, id_intervalo, quantidade) VALUES('C4', 0, 12, 1)#
INSERT INTO grupo_cipa (cipa, tipo, id_intervalo, quantidade) VALUES('C4', 0, 13, 1)#
INSERT INTO grupo_cipa (cipa, tipo, id_intervalo, quantidade) VALUES('C4', 0, 14, 1)#
INSERT INTO grupo_cipa (cipa, tipo, id_intervalo, quantidade) VALUES('C4', 0, 15, 1)#
INSERT INTO grupo_cipa (cipa, tipo, id_intervalo, quantidade) VALUES('C4', 0, 16, 2)#
INSERT INTO grupo_cipa (cipa, tipo, id_intervalo, quantidade) VALUES('C4', 0, 17, 2)#
INSERT INTO grupo_cipa (cipa, tipo, id_intervalo, quantidade) VALUES('C4', 0, 18, 2)#
INSERT INTO grupo_cipa (cipa, tipo, id_intervalo, quantidade) VALUES('C4', 0, 19, 3)#
INSERT INTO grupo_cipa (cipa, tipo, id_intervalo, quantidade) VALUES('C4', 0, 20, 5)#
INSERT INTO grupo_cipa (cipa, tipo, id_intervalo, quantidade) VALUES('C4', 0, 21, 6)#
INSERT INTO grupo_cipa (cipa, tipo, id_intervalo, quantidade) VALUES('C4', 0, 22, 1)#
INSERT INTO grupo_cipa (cipa, tipo, id_intervalo, quantidade) VALUES('C4', 1, 9, 0)#
INSERT INTO grupo_cipa (cipa, tipo, id_intervalo, quantidade) VALUES('C4', 1, 10, 0)#
INSERT INTO grupo_cipa (cipa, tipo, id_intervalo, quantidade) VALUES('C4', 1, 11, 1)#
INSERT INTO grupo_cipa (cipa, tipo, id_intervalo, quantidade) VALUES('C4', 1, 12, 1)#
INSERT INTO grupo_cipa (cipa, tipo, id_intervalo, quantidade) VALUES('C4', 1, 13, 1)#
INSERT INTO grupo_cipa (cipa, tipo, id_intervalo, quantidade) VALUES('C4', 1, 14, 1)#
INSERT INTO grupo_cipa (cipa, tipo, id_intervalo, quantidade) VALUES('C4', 1, 15, 1)#
INSERT INTO grupo_cipa (cipa, tipo, id_intervalo, quantidade) VALUES('C4', 1, 16, 2)#
INSERT INTO grupo_cipa (cipa, tipo, id_intervalo, quantidade) VALUES('C4', 1, 17, 2)#
INSERT INTO grupo_cipa (cipa, tipo, id_intervalo, quantidade) VALUES('C4', 1, 18, 2)#
INSERT INTO grupo_cipa (cipa, tipo, id_intervalo, quantidade) VALUES('C4', 1, 19, 3)#
INSERT INTO grupo_cipa (cipa, tipo, id_intervalo, quantidade) VALUES('C4', 1, 20, 4)#
INSERT INTO grupo_cipa (cipa, tipo, id_intervalo, quantidade) VALUES('C4', 1, 21, 4)#
INSERT INTO grupo_cipa (cipa, tipo, id_intervalo, quantidade) VALUES('C4', 1, 22, 1)#
INSERT INTO grupo_cipa (cipa, tipo, id_intervalo, quantidade) VALUES('C5', 0, 9, 0)#
INSERT INTO grupo_cipa (cipa, tipo, id_intervalo, quantidade) VALUES('C5', 0, 10, 1)#
INSERT INTO grupo_cipa (cipa, tipo, id_intervalo, quantidade) VALUES('C5', 0, 11, 1)#
INSERT INTO grupo_cipa (cipa, tipo, id_intervalo, quantidade) VALUES('C5', 0, 12, 2)#
INSERT INTO grupo_cipa (cipa, tipo, id_intervalo, quantidade) VALUES('C5', 0, 13, 3)#
INSERT INTO grupo_cipa (cipa, tipo, id_intervalo, quantidade) VALUES('C5', 0, 14, 3)#
INSERT INTO grupo_cipa (cipa, tipo, id_intervalo, quantidade) VALUES('C5', 0, 15, 4)#
INSERT INTO grupo_cipa (cipa, tipo, id_intervalo, quantidade) VALUES('C5', 0, 16, 4)#
INSERT INTO grupo_cipa (cipa, tipo, id_intervalo, quantidade) VALUES('C5', 0, 17, 4)#
INSERT INTO grupo_cipa (cipa, tipo, id_intervalo, quantidade) VALUES('C5', 0, 18, 6)#
INSERT INTO grupo_cipa (cipa, tipo, id_intervalo, quantidade) VALUES('C5', 0, 19, 9)#
INSERT INTO grupo_cipa (cipa, tipo, id_intervalo, quantidade) VALUES('C5', 0, 20, 9)#
INSERT INTO grupo_cipa (cipa, tipo, id_intervalo, quantidade) VALUES('C5', 0, 21, 11)#
INSERT INTO grupo_cipa (cipa, tipo, id_intervalo, quantidade) VALUES('C5', 0, 22, 2)#
INSERT INTO grupo_cipa (cipa, tipo, id_intervalo, quantidade) VALUES('C5', 1, 9, 0)#
INSERT INTO grupo_cipa (cipa, tipo, id_intervalo, quantidade) VALUES('C5', 1, 10, 1)#
INSERT INTO grupo_cipa (cipa, tipo, id_intervalo, quantidade) VALUES('C5', 1, 11, 1)#
INSERT INTO grupo_cipa (cipa, tipo, id_intervalo, quantidade) VALUES('C5', 1, 12, 2)#
INSERT INTO grupo_cipa (cipa, tipo, id_intervalo, quantidade) VALUES('C5', 1, 13, 3)#
INSERT INTO grupo_cipa (cipa, tipo, id_intervalo, quantidade) VALUES('C5', 1, 14, 3)#
INSERT INTO grupo_cipa (cipa, tipo, id_intervalo, quantidade) VALUES('C5', 1, 15, 3)#
INSERT INTO grupo_cipa (cipa, tipo, id_intervalo, quantidade) VALUES('C5', 1, 16, 4)#
INSERT INTO grupo_cipa (cipa, tipo, id_intervalo, quantidade) VALUES('C5', 1, 17, 4)#
INSERT INTO grupo_cipa (cipa, tipo, id_intervalo, quantidade) VALUES('C5', 1, 18, 5)#
INSERT INTO grupo_cipa (cipa, tipo, id_intervalo, quantidade) VALUES('C5', 1, 19, 7)#
INSERT INTO grupo_cipa (cipa, tipo, id_intervalo, quantidade) VALUES('C5', 1, 20, 7)#
INSERT INTO grupo_cipa (cipa, tipo, id_intervalo, quantidade) VALUES('C5', 1, 21, 9)#
INSERT INTO grupo_cipa (cipa, tipo, id_intervalo, quantidade) VALUES('C5', 1, 22, 2)#
INSERT INTO grupo_cipa (cipa, tipo, id_intervalo, quantidade) VALUES('C5a', 0, 9, 0)#
INSERT INTO grupo_cipa (cipa, tipo, id_intervalo, quantidade) VALUES('C5a', 0, 10, 0)#
INSERT INTO grupo_cipa (cipa, tipo, id_intervalo, quantidade) VALUES('C5a', 0, 11, 0)#
INSERT INTO grupo_cipa (cipa, tipo, id_intervalo, quantidade) VALUES('C5a', 0, 12, 1)#
INSERT INTO grupo_cipa (cipa, tipo, id_intervalo, quantidade) VALUES('C5a', 0, 13, 1)#
INSERT INTO grupo_cipa (cipa, tipo, id_intervalo, quantidade) VALUES('C5a', 0, 14, 2)#
INSERT INTO grupo_cipa (cipa, tipo, id_intervalo, quantidade) VALUES('C5a', 0, 15, 2)#
INSERT INTO grupo_cipa (cipa, tipo, id_intervalo, quantidade) VALUES('C5a', 0, 16, 2)#
INSERT INTO grupo_cipa (cipa, tipo, id_intervalo, quantidade) VALUES('C5a', 0, 17, 3)#
INSERT INTO grupo_cipa (cipa, tipo, id_intervalo, quantidade) VALUES('C5a', 0, 18, 3)#
INSERT INTO grupo_cipa (cipa, tipo, id_intervalo, quantidade) VALUES('C5a', 0, 19, 4)#
INSERT INTO grupo_cipa (cipa, tipo, id_intervalo, quantidade) VALUES('C5a', 0, 20, 6)#
INSERT INTO grupo_cipa (cipa, tipo, id_intervalo, quantidade) VALUES('C5a', 0, 21, 7)#
INSERT INTO grupo_cipa (cipa, tipo, id_intervalo, quantidade) VALUES('C5a', 0, 22, 1)#
INSERT INTO grupo_cipa (cipa, tipo, id_intervalo, quantidade) VALUES('C5a', 1, 9, 0)#
INSERT INTO grupo_cipa (cipa, tipo, id_intervalo, quantidade) VALUES('C5a', 1, 10, 0)#
INSERT INTO grupo_cipa (cipa, tipo, id_intervalo, quantidade) VALUES('C5a', 1, 11, 0)#
INSERT INTO grupo_cipa (cipa, tipo, id_intervalo, quantidade) VALUES('C5a', 1, 12, 1)#
INSERT INTO grupo_cipa (cipa, tipo, id_intervalo, quantidade) VALUES('C5a', 1, 13, 1)#
INSERT INTO grupo_cipa (cipa, tipo, id_intervalo, quantidade) VALUES('C5a', 1, 14, 2)#
INSERT INTO grupo_cipa (cipa, tipo, id_intervalo, quantidade) VALUES('C5a', 1, 15, 2)#
INSERT INTO grupo_cipa (cipa, tipo, id_intervalo, quantidade) VALUES('C5a', 1, 16, 2)#
INSERT INTO grupo_cipa (cipa, tipo, id_intervalo, quantidade) VALUES('C5a', 1, 17, 3)#
INSERT INTO grupo_cipa (cipa, tipo, id_intervalo, quantidade) VALUES('C5a', 1, 18, 3)#
INSERT INTO grupo_cipa (cipa, tipo, id_intervalo, quantidade) VALUES('C5a', 1, 19, 3)#
INSERT INTO grupo_cipa (cipa, tipo, id_intervalo, quantidade) VALUES('C5a', 1, 20, 4)#
INSERT INTO grupo_cipa (cipa, tipo, id_intervalo, quantidade) VALUES('C5a', 1, 21, 5)#
INSERT INTO grupo_cipa (cipa, tipo, id_intervalo, quantidade) VALUES('C5a', 1, 22, 1)#
INSERT INTO grupo_cipa (cipa, tipo, id_intervalo, quantidade) VALUES('C6', 0, 9, 0)#
INSERT INTO grupo_cipa (cipa, tipo, id_intervalo, quantidade) VALUES('C6', 0, 10, 1)#
INSERT INTO grupo_cipa (cipa, tipo, id_intervalo, quantidade) VALUES('C6', 0, 11, 1)#
INSERT INTO grupo_cipa (cipa, tipo, id_intervalo, quantidade) VALUES('C6', 0, 12, 2)#
INSERT INTO grupo_cipa (cipa, tipo, id_intervalo, quantidade) VALUES('C6', 0, 13, 3)#
INSERT INTO grupo_cipa (cipa, tipo, id_intervalo, quantidade) VALUES('C6', 0, 14, 3)#
INSERT INTO grupo_cipa (cipa, tipo, id_intervalo, quantidade) VALUES('C6', 0, 15, 4)#
INSERT INTO grupo_cipa (cipa, tipo, id_intervalo, quantidade) VALUES('C6', 0, 16, 5)#
INSERT INTO grupo_cipa (cipa, tipo, id_intervalo, quantidade) VALUES('C6', 0, 17, 5)#
INSERT INTO grupo_cipa (cipa, tipo, id_intervalo, quantidade) VALUES('C6', 0, 18, 6)#
INSERT INTO grupo_cipa (cipa, tipo, id_intervalo, quantidade) VALUES('C6', 0, 19, 8)#
INSERT INTO grupo_cipa (cipa, tipo, id_intervalo, quantidade) VALUES('C6', 0, 20, 10)#
INSERT INTO grupo_cipa (cipa, tipo, id_intervalo, quantidade) VALUES('C6', 0, 21, 12)#
INSERT INTO grupo_cipa (cipa, tipo, id_intervalo, quantidade) VALUES('C6', 0, 22, 2)#
INSERT INTO grupo_cipa (cipa, tipo, id_intervalo, quantidade) VALUES('C6', 1, 9, 0)#
INSERT INTO grupo_cipa (cipa, tipo, id_intervalo, quantidade) VALUES('C6', 1, 10, 1)#
INSERT INTO grupo_cipa (cipa, tipo, id_intervalo, quantidade) VALUES('C6', 1, 11, 1)#
INSERT INTO grupo_cipa (cipa, tipo, id_intervalo, quantidade) VALUES('C6', 1, 12, 2)#
INSERT INTO grupo_cipa (cipa, tipo, id_intervalo, quantidade) VALUES('C6', 1, 13, 3)#
INSERT INTO grupo_cipa (cipa, tipo, id_intervalo, quantidade) VALUES('C6', 1, 14, 3)#
INSERT INTO grupo_cipa (cipa, tipo, id_intervalo, quantidade) VALUES('C6', 1, 15, 3)#
INSERT INTO grupo_cipa (cipa, tipo, id_intervalo, quantidade) VALUES('C6', 1, 16, 4)#
INSERT INTO grupo_cipa (cipa, tipo, id_intervalo, quantidade) VALUES('C6', 1, 17, 4)#
INSERT INTO grupo_cipa (cipa, tipo, id_intervalo, quantidade) VALUES('C6', 1, 18, 4)#
INSERT INTO grupo_cipa (cipa, tipo, id_intervalo, quantidade) VALUES('C6', 1, 19, 6)#
INSERT INTO grupo_cipa (cipa, tipo, id_intervalo, quantidade) VALUES('C6', 1, 20, 8)#
INSERT INTO grupo_cipa (cipa, tipo, id_intervalo, quantidade) VALUES('C6', 1, 21, 10)#
INSERT INTO grupo_cipa (cipa, tipo, id_intervalo, quantidade) VALUES('C6', 1, 22, 2)#
INSERT INTO grupo_cipa (cipa, tipo, id_intervalo, quantidade) VALUES('C7', 0, 9, 0)#
INSERT INTO grupo_cipa (cipa, tipo, id_intervalo, quantidade) VALUES('C7', 0, 10, 0)#
INSERT INTO grupo_cipa (cipa, tipo, id_intervalo, quantidade) VALUES('C7', 0, 11, 0)#
INSERT INTO grupo_cipa (cipa, tipo, id_intervalo, quantidade) VALUES('C7', 0, 12, 1)#
INSERT INTO grupo_cipa (cipa, tipo, id_intervalo, quantidade) VALUES('C7', 0, 13, 1)#
INSERT INTO grupo_cipa (cipa, tipo, id_intervalo, quantidade) VALUES('C7', 0, 14, 2)#
INSERT INTO grupo_cipa (cipa, tipo, id_intervalo, quantidade) VALUES('C7', 0, 15, 2)#
INSERT INTO grupo_cipa (cipa, tipo, id_intervalo, quantidade) VALUES('C7', 0, 16, 2)#
INSERT INTO grupo_cipa (cipa, tipo, id_intervalo, quantidade) VALUES('C7', 0, 17, 2)#
INSERT INTO grupo_cipa (cipa, tipo, id_intervalo, quantidade) VALUES('C7', 0, 18, 3)#
INSERT INTO grupo_cipa (cipa, tipo, id_intervalo, quantidade) VALUES('C7', 0, 19, 4)#
INSERT INTO grupo_cipa (cipa, tipo, id_intervalo, quantidade) VALUES('C7', 0, 20, 5)#
INSERT INTO grupo_cipa (cipa, tipo, id_intervalo, quantidade) VALUES('C7', 0, 21, 6)#
INSERT INTO grupo_cipa (cipa, tipo, id_intervalo, quantidade) VALUES('C7', 0, 22, 1)#
INSERT INTO grupo_cipa (cipa, tipo, id_intervalo, quantidade) VALUES('C7', 1, 9, 0)#
INSERT INTO grupo_cipa (cipa, tipo, id_intervalo, quantidade) VALUES('C7', 1, 10, 0)#
INSERT INTO grupo_cipa (cipa, tipo, id_intervalo, quantidade) VALUES('C7', 1, 11, 0)#
INSERT INTO grupo_cipa (cipa, tipo, id_intervalo, quantidade) VALUES('C7', 1, 12, 1)#
INSERT INTO grupo_cipa (cipa, tipo, id_intervalo, quantidade) VALUES('C7', 1, 13, 1)#
INSERT INTO grupo_cipa (cipa, tipo, id_intervalo, quantidade) VALUES('C7', 1, 14, 2)#
INSERT INTO grupo_cipa (cipa, tipo, id_intervalo, quantidade) VALUES('C7', 1, 15, 2)#
INSERT INTO grupo_cipa (cipa, tipo, id_intervalo, quantidade) VALUES('C7', 1, 16, 2)#
INSERT INTO grupo_cipa (cipa, tipo, id_intervalo, quantidade) VALUES('C7', 1, 17, 2)#
INSERT INTO grupo_cipa (cipa, tipo, id_intervalo, quantidade) VALUES('C7', 1, 18, 3)#
INSERT INTO grupo_cipa (cipa, tipo, id_intervalo, quantidade) VALUES('C7', 1, 19, 3)#
INSERT INTO grupo_cipa (cipa, tipo, id_intervalo, quantidade) VALUES('C7', 1, 20, 4)#
INSERT INTO grupo_cipa (cipa, tipo, id_intervalo, quantidade) VALUES('C7', 1, 21, 4)#
INSERT INTO grupo_cipa (cipa, tipo, id_intervalo, quantidade) VALUES('C7', 1, 22, 1)#
INSERT INTO grupo_cipa (cipa, tipo, id_intervalo, quantidade) VALUES('C7a', 0, 9, 0)#
INSERT INTO grupo_cipa (cipa, tipo, id_intervalo, quantidade) VALUES('C7a', 0, 10, 1)#
INSERT INTO grupo_cipa (cipa, tipo, id_intervalo, quantidade) VALUES('C7a', 0, 11, 1)#
INSERT INTO grupo_cipa (cipa, tipo, id_intervalo, quantidade) VALUES('C7a', 0, 12, 2)#
INSERT INTO grupo_cipa (cipa, tipo, id_intervalo, quantidade) VALUES('C7a', 0, 13, 2)#
INSERT INTO grupo_cipa (cipa, tipo, id_intervalo, quantidade) VALUES('C7a', 0, 14, 3)#
INSERT INTO grupo_cipa (cipa, tipo, id_intervalo, quantidade) VALUES('C7a', 0, 15, 3)#
INSERT INTO grupo_cipa (cipa, tipo, id_intervalo, quantidade) VALUES('C7a', 0, 16, 4)#
INSERT INTO grupo_cipa (cipa, tipo, id_intervalo, quantidade) VALUES('C7a', 0, 17, 5)#
INSERT INTO grupo_cipa (cipa, tipo, id_intervalo, quantidade) VALUES('C7a', 0, 18, 6)#
INSERT INTO grupo_cipa (cipa, tipo, id_intervalo, quantidade) VALUES('C7a', 0, 19, 8)#
INSERT INTO grupo_cipa (cipa, tipo, id_intervalo, quantidade) VALUES('C7a', 0, 20, 9)#
INSERT INTO grupo_cipa (cipa, tipo, id_intervalo, quantidade) VALUES('C7a', 0, 21, 10)#
INSERT INTO grupo_cipa (cipa, tipo, id_intervalo, quantidade) VALUES('C7a', 0, 22, 2)#
INSERT INTO grupo_cipa (cipa, tipo, id_intervalo, quantidade) VALUES('C7a', 1, 9, 0)#
INSERT INTO grupo_cipa (cipa, tipo, id_intervalo, quantidade) VALUES('C7a', 1, 10, 1)#
INSERT INTO grupo_cipa (cipa, tipo, id_intervalo, quantidade) VALUES('C7a', 1, 11, 1)#
INSERT INTO grupo_cipa (cipa, tipo, id_intervalo, quantidade) VALUES('C7a', 1, 12, 2)#
INSERT INTO grupo_cipa (cipa, tipo, id_intervalo, quantidade) VALUES('C7a', 1, 13, 2)#
INSERT INTO grupo_cipa (cipa, tipo, id_intervalo, quantidade) VALUES('C7a', 1, 14, 3)#
INSERT INTO grupo_cipa (cipa, tipo, id_intervalo, quantidade) VALUES('C7a', 1, 15, 3)#
INSERT INTO grupo_cipa (cipa, tipo, id_intervalo, quantidade) VALUES('C7a', 1, 16, 3)#
INSERT INTO grupo_cipa (cipa, tipo, id_intervalo, quantidade) VALUES('C7a', 1, 17, 4)#
INSERT INTO grupo_cipa (cipa, tipo, id_intervalo, quantidade) VALUES('C7a', 1, 18, 5)#
INSERT INTO grupo_cipa (cipa, tipo, id_intervalo, quantidade) VALUES('C7a', 1, 19, 7)#
INSERT INTO grupo_cipa (cipa, tipo, id_intervalo, quantidade) VALUES('C7a', 1, 20, 8)#
INSERT INTO grupo_cipa (cipa, tipo, id_intervalo, quantidade) VALUES('C7a', 1, 21, 8)#
INSERT INTO grupo_cipa (cipa, tipo, id_intervalo, quantidade) VALUES('C7a', 1, 22, 2)#
INSERT INTO grupo_cipa (cipa, tipo, id_intervalo, quantidade) VALUES('C8', 0, 9, 0)#
INSERT INTO grupo_cipa (cipa, tipo, id_intervalo, quantidade) VALUES('C8', 0, 10, 1)#
INSERT INTO grupo_cipa (cipa, tipo, id_intervalo, quantidade) VALUES('C8', 0, 11, 1)#
INSERT INTO grupo_cipa (cipa, tipo, id_intervalo, quantidade) VALUES('C8', 0, 12, 2)#
INSERT INTO grupo_cipa (cipa, tipo, id_intervalo, quantidade) VALUES('C8', 0, 13, 2)#
INSERT INTO grupo_cipa (cipa, tipo, id_intervalo, quantidade) VALUES('C8', 0, 14, 3)#
INSERT INTO grupo_cipa (cipa, tipo, id_intervalo, quantidade) VALUES('C8', 0, 15, 3)#
INSERT INTO grupo_cipa (cipa, tipo, id_intervalo, quantidade) VALUES('C8', 0, 16, 4)#
INSERT INTO grupo_cipa (cipa, tipo, id_intervalo, quantidade) VALUES('C8', 0, 17, 5)#
INSERT INTO grupo_cipa (cipa, tipo, id_intervalo, quantidade) VALUES('C8', 0, 18, 6)#
INSERT INTO grupo_cipa (cipa, tipo, id_intervalo, quantidade) VALUES('C8', 0, 19, 7)#
INSERT INTO grupo_cipa (cipa, tipo, id_intervalo, quantidade) VALUES('C8', 0, 20, 8)#
INSERT INTO grupo_cipa (cipa, tipo, id_intervalo, quantidade) VALUES('C8', 0, 21, 10)#
INSERT INTO grupo_cipa (cipa, tipo, id_intervalo, quantidade) VALUES('C8', 0, 22, 1)#
INSERT INTO grupo_cipa (cipa, tipo, id_intervalo, quantidade) VALUES('C8', 1, 9, 0)#
INSERT INTO grupo_cipa (cipa, tipo, id_intervalo, quantidade) VALUES('C8', 1, 10, 1)#
INSERT INTO grupo_cipa (cipa, tipo, id_intervalo, quantidade) VALUES('C8', 1, 11, 1)#
INSERT INTO grupo_cipa (cipa, tipo, id_intervalo, quantidade) VALUES('C8', 1, 12, 2)#
INSERT INTO grupo_cipa (cipa, tipo, id_intervalo, quantidade) VALUES('C8', 1, 13, 2)#
INSERT INTO grupo_cipa (cipa, tipo, id_intervalo, quantidade) VALUES('C8', 1, 14, 3)#
INSERT INTO grupo_cipa (cipa, tipo, id_intervalo, quantidade) VALUES('C8', 1, 15, 3)#
INSERT INTO grupo_cipa (cipa, tipo, id_intervalo, quantidade) VALUES('C8', 1, 16, 3)#
INSERT INTO grupo_cipa (cipa, tipo, id_intervalo, quantidade) VALUES('C8', 1, 17, 4)#
INSERT INTO grupo_cipa (cipa, tipo, id_intervalo, quantidade) VALUES('C8', 1, 18, 4)#
INSERT INTO grupo_cipa (cipa, tipo, id_intervalo, quantidade) VALUES('C8', 1, 19, 5)#
INSERT INTO grupo_cipa (cipa, tipo, id_intervalo, quantidade) VALUES('C8', 1, 20, 6)#
INSERT INTO grupo_cipa (cipa, tipo, id_intervalo, quantidade) VALUES('C8', 1, 21, 8)#
INSERT INTO grupo_cipa (cipa, tipo, id_intervalo, quantidade) VALUES('C8', 1, 22, 1)#
INSERT INTO grupo_cipa (cipa, tipo, id_intervalo, quantidade) VALUES('C9', 0, 9, 0)#
INSERT INTO grupo_cipa (cipa, tipo, id_intervalo, quantidade) VALUES('C9', 0, 10, 0)#
INSERT INTO grupo_cipa (cipa, tipo, id_intervalo, quantidade) VALUES('C9', 0, 11, 0)#
INSERT INTO grupo_cipa (cipa, tipo, id_intervalo, quantidade) VALUES('C9', 0, 12, 1)#
INSERT INTO grupo_cipa (cipa, tipo, id_intervalo, quantidade) VALUES('C9', 0, 13, 1)#
INSERT INTO grupo_cipa (cipa, tipo, id_intervalo, quantidade) VALUES('C9', 0, 14, 1)#
INSERT INTO grupo_cipa (cipa, tipo, id_intervalo, quantidade) VALUES('C9', 0, 15, 2)#
INSERT INTO grupo_cipa (cipa, tipo, id_intervalo, quantidade) VALUES('C9', 0, 16, 2)#
INSERT INTO grupo_cipa (cipa, tipo, id_intervalo, quantidade) VALUES('C9', 0, 17, 2)#
INSERT INTO grupo_cipa (cipa, tipo, id_intervalo, quantidade) VALUES('C9', 0, 18, 3)#
INSERT INTO grupo_cipa (cipa, tipo, id_intervalo, quantidade) VALUES('C9', 0, 19, 5)#
INSERT INTO grupo_cipa (cipa, tipo, id_intervalo, quantidade) VALUES('C9', 0, 20, 6)#
INSERT INTO grupo_cipa (cipa, tipo, id_intervalo, quantidade) VALUES('C9', 0, 21, 7)#
INSERT INTO grupo_cipa (cipa, tipo, id_intervalo, quantidade) VALUES('C9', 0, 22, 1)#
INSERT INTO grupo_cipa (cipa, tipo, id_intervalo, quantidade) VALUES('C9', 1, 9, 0)#
INSERT INTO grupo_cipa (cipa, tipo, id_intervalo, quantidade) VALUES('C9', 1, 10, 0)#
INSERT INTO grupo_cipa (cipa, tipo, id_intervalo, quantidade) VALUES('C9', 1, 11, 0)#
INSERT INTO grupo_cipa (cipa, tipo, id_intervalo, quantidade) VALUES('C9', 1, 12, 1)#
INSERT INTO grupo_cipa (cipa, tipo, id_intervalo, quantidade) VALUES('C9', 1, 13, 1)#
INSERT INTO grupo_cipa (cipa, tipo, id_intervalo, quantidade) VALUES('C9', 1, 14, 1)#
INSERT INTO grupo_cipa (cipa, tipo, id_intervalo, quantidade) VALUES('C9', 1, 15, 2)#
INSERT INTO grupo_cipa (cipa, tipo, id_intervalo, quantidade) VALUES('C9', 1, 16, 2)#
INSERT INTO grupo_cipa (cipa, tipo, id_intervalo, quantidade) VALUES('C9', 1, 17, 2)#
INSERT INTO grupo_cipa (cipa, tipo, id_intervalo, quantidade) VALUES('C9', 1, 18, 3)#
INSERT INTO grupo_cipa (cipa, tipo, id_intervalo, quantidade) VALUES('C9', 1, 19, 4)#
INSERT INTO grupo_cipa (cipa, tipo, id_intervalo, quantidade) VALUES('C9', 1, 20, 4)#
INSERT INTO grupo_cipa (cipa, tipo, id_intervalo, quantidade) VALUES('C9', 1, 21, 5)#
INSERT INTO grupo_cipa (cipa, tipo, id_intervalo, quantidade) VALUES('C9', 1, 22, 1)#

INSERT INTO grupo_cnae (cipa, num_cnae) VALUES('C1', '05003')#
INSERT INTO grupo_cnae (cipa, num_cnae) VALUES('C1', '06000')#
INSERT INTO grupo_cnae (cipa, num_cnae) VALUES('C1', '07103')#
INSERT INTO grupo_cnae (cipa, num_cnae) VALUES('C1', '07219')#
INSERT INTO grupo_cnae (cipa, num_cnae) VALUES('C1', '07227')#
INSERT INTO grupo_cnae (cipa, num_cnae) VALUES('C1', '07235')#
INSERT INTO grupo_cnae (cipa, num_cnae) VALUES('C1', '07243')#
INSERT INTO grupo_cnae (cipa, num_cnae) VALUES('C1', '07251')#
INSERT INTO grupo_cnae (cipa, num_cnae) VALUES('C1', '07294')#
INSERT INTO grupo_cnae (cipa, num_cnae) VALUES('C1', '08100')#
INSERT INTO grupo_cnae (cipa, num_cnae) VALUES('C1', '08916')#
INSERT INTO grupo_cnae (cipa, num_cnae) VALUES('C1', '08924')#
INSERT INTO grupo_cnae (cipa, num_cnae) VALUES('C1', '08932')#
INSERT INTO grupo_cnae (cipa, num_cnae) VALUES('C1', '08991')#
INSERT INTO grupo_cnae (cipa, num_cnae) VALUES('C1', '09106')#
INSERT INTO grupo_cnae (cipa, num_cnae) VALUES('C1', '09904')#
INSERT INTO grupo_cnae (cipa, num_cnae) VALUES('C1', '19101')#
INSERT INTO grupo_cnae (cipa, num_cnae) VALUES('C1', '23206')#
INSERT INTO grupo_cnae (cipa, num_cnae) VALUES('C1', '23915')#
INSERT INTO grupo_cnae (cipa, num_cnae) VALUES('C10', '19322')#
INSERT INTO grupo_cnae (cipa, num_cnae) VALUES('C10', '20118')#
INSERT INTO grupo_cnae (cipa, num_cnae) VALUES('C10', '20126')#
INSERT INTO grupo_cnae (cipa, num_cnae) VALUES('C10', '20134')#
INSERT INTO grupo_cnae (cipa, num_cnae) VALUES('C10', '20142')#
INSERT INTO grupo_cnae (cipa, num_cnae) VALUES('C10', '20193')#
INSERT INTO grupo_cnae (cipa, num_cnae) VALUES('C10', '20215')#
INSERT INTO grupo_cnae (cipa, num_cnae) VALUES('C10', '20223')#
INSERT INTO grupo_cnae (cipa, num_cnae) VALUES('C10', '20291')#
INSERT INTO grupo_cnae (cipa, num_cnae) VALUES('C10', '20312')#
INSERT INTO grupo_cnae (cipa, num_cnae) VALUES('C10', '20321')#
INSERT INTO grupo_cnae (cipa, num_cnae) VALUES('C10', '20339')#
INSERT INTO grupo_cnae (cipa, num_cnae) VALUES('C10', '20401')#
INSERT INTO grupo_cnae (cipa, num_cnae) VALUES('C10', '20517')#
INSERT INTO grupo_cnae (cipa, num_cnae) VALUES('C10', '20525')#
INSERT INTO grupo_cnae (cipa, num_cnae) VALUES('C10', '20614')#
INSERT INTO grupo_cnae (cipa, num_cnae) VALUES('C10', '20622')#
INSERT INTO grupo_cnae (cipa, num_cnae) VALUES('C10', '20631')#
INSERT INTO grupo_cnae (cipa, num_cnae) VALUES('C10', '20711')#
INSERT INTO grupo_cnae (cipa, num_cnae) VALUES('C10', '20720')#
INSERT INTO grupo_cnae (cipa, num_cnae) VALUES('C10', '20738')#
INSERT INTO grupo_cnae (cipa, num_cnae) VALUES('C10', '20916')#
INSERT INTO grupo_cnae (cipa, num_cnae) VALUES('C10', '20932')#
INSERT INTO grupo_cnae (cipa, num_cnae) VALUES('C10', '20941')#
INSERT INTO grupo_cnae (cipa, num_cnae) VALUES('C10', '20991')#
INSERT INTO grupo_cnae (cipa, num_cnae) VALUES('C10', '21106')#
INSERT INTO grupo_cnae (cipa, num_cnae) VALUES('C10', '21211')#
INSERT INTO grupo_cnae (cipa, num_cnae) VALUES('C10', '21220')#
INSERT INTO grupo_cnae (cipa, num_cnae) VALUES('C10', '21238')#
INSERT INTO grupo_cnae (cipa, num_cnae) VALUES('C10', '22218')#
INSERT INTO grupo_cnae (cipa, num_cnae) VALUES('C10', '22226')#
INSERT INTO grupo_cnae (cipa, num_cnae) VALUES('C10', '22234')#
INSERT INTO grupo_cnae (cipa, num_cnae) VALUES('C10', '22293')#
INSERT INTO grupo_cnae (cipa, num_cnae) VALUES('C10', '26809')#
INSERT INTO grupo_cnae (cipa, num_cnae) VALUES('C10', '27210')#
INSERT INTO grupo_cnae (cipa, num_cnae) VALUES('C10', '27228')#
INSERT INTO grupo_cnae (cipa, num_cnae) VALUES('C10', '31047')#
INSERT INTO grupo_cnae (cipa, num_cnae) VALUES('C11', '22111')#
INSERT INTO grupo_cnae (cipa, num_cnae) VALUES('C11', '22129')#
INSERT INTO grupo_cnae (cipa, num_cnae) VALUES('C11', '22196')#
INSERT INTO grupo_cnae (cipa, num_cnae) VALUES('C12', '23117')#
INSERT INTO grupo_cnae (cipa, num_cnae) VALUES('C12', '23125')#
INSERT INTO grupo_cnae (cipa, num_cnae) VALUES('C12', '23192')#
INSERT INTO grupo_cnae (cipa, num_cnae) VALUES('C12', '23303')#
INSERT INTO grupo_cnae (cipa, num_cnae) VALUES('C12', '23419')#
INSERT INTO grupo_cnae (cipa, num_cnae) VALUES('C12', '23427')#
INSERT INTO grupo_cnae (cipa, num_cnae) VALUES('C12', '23494')#
INSERT INTO grupo_cnae (cipa, num_cnae) VALUES('C12', '23923')#
INSERT INTO grupo_cnae (cipa, num_cnae) VALUES('C12', '23991')#
INSERT INTO grupo_cnae (cipa, num_cnae) VALUES('C12', '32116')#
INSERT INTO grupo_cnae (cipa, num_cnae) VALUES('C12', '38327')#
INSERT INTO grupo_cnae (cipa, num_cnae) VALUES('C12', '38394')#
INSERT INTO grupo_cnae (cipa, num_cnae) VALUES('C13', '24113')#
INSERT INTO grupo_cnae (cipa, num_cnae) VALUES('C13', '24121')#
INSERT INTO grupo_cnae (cipa, num_cnae) VALUES('C13', '24211')#
INSERT INTO grupo_cnae (cipa, num_cnae) VALUES('C13', '24229')#
INSERT INTO grupo_cnae (cipa, num_cnae) VALUES('C13', '24237')#
INSERT INTO grupo_cnae (cipa, num_cnae) VALUES('C13', '24245')#
INSERT INTO grupo_cnae (cipa, num_cnae) VALUES('C13', '24318')#
INSERT INTO grupo_cnae (cipa, num_cnae) VALUES('C13', '24393')#
INSERT INTO grupo_cnae (cipa, num_cnae) VALUES('C13', '24415')#
INSERT INTO grupo_cnae (cipa, num_cnae) VALUES('C13', '24423')#
INSERT INTO grupo_cnae (cipa, num_cnae) VALUES('C13', '24431')#
INSERT INTO grupo_cnae (cipa, num_cnae) VALUES('C13', '24491')#
INSERT INTO grupo_cnae (cipa, num_cnae) VALUES('C13', '24512')#
INSERT INTO grupo_cnae (cipa, num_cnae) VALUES('C13', '24521')#
INSERT INTO grupo_cnae (cipa, num_cnae) VALUES('C13', '25110')#
INSERT INTO grupo_cnae (cipa, num_cnae) VALUES('C13', '25136')#
INSERT INTO grupo_cnae (cipa, num_cnae) VALUES('C13', '25314')#
INSERT INTO grupo_cnae (cipa, num_cnae) VALUES('C13', '25322')#
INSERT INTO grupo_cnae (cipa, num_cnae) VALUES('C13', '25390')#
INSERT INTO grupo_cnae (cipa, num_cnae) VALUES('C13', '25926')#
INSERT INTO grupo_cnae (cipa, num_cnae) VALUES('C14', '25128')#
INSERT INTO grupo_cnae (cipa, num_cnae) VALUES('C14', '25217')#
INSERT INTO grupo_cnae (cipa, num_cnae) VALUES('C14', '25225')#
INSERT INTO grupo_cnae (cipa, num_cnae) VALUES('C14', '25411')#
INSERT INTO grupo_cnae (cipa, num_cnae) VALUES('C14', '25420')#
INSERT INTO grupo_cnae (cipa, num_cnae) VALUES('C14', '25438')#
INSERT INTO grupo_cnae (cipa, num_cnae) VALUES('C14', '25918')#
INSERT INTO grupo_cnae (cipa, num_cnae) VALUES('C14', '25934')#
INSERT INTO grupo_cnae (cipa, num_cnae) VALUES('C14', '25993')#
INSERT INTO grupo_cnae (cipa, num_cnae) VALUES('C14', '26108')#
INSERT INTO grupo_cnae (cipa, num_cnae) VALUES('C14', '26213')#
INSERT INTO grupo_cnae (cipa, num_cnae) VALUES('C14', '26221')#
INSERT INTO grupo_cnae (cipa, num_cnae) VALUES('C14', '26311')#
INSERT INTO grupo_cnae (cipa, num_cnae) VALUES('C14', '26329')#
INSERT INTO grupo_cnae (cipa, num_cnae) VALUES('C14', '26400')#
INSERT INTO grupo_cnae (cipa, num_cnae) VALUES('C14', '26515')#
INSERT INTO grupo_cnae (cipa, num_cnae) VALUES('C14', '26523')#
INSERT INTO grupo_cnae (cipa, num_cnae) VALUES('C14', '26604')#
INSERT INTO grupo_cnae (cipa, num_cnae) VALUES('C14', '26701')#
INSERT INTO grupo_cnae (cipa, num_cnae) VALUES('C14', '27104')#
INSERT INTO grupo_cnae (cipa, num_cnae) VALUES('C14', '27317')#
INSERT INTO grupo_cnae (cipa, num_cnae) VALUES('C14', '27325')#
INSERT INTO grupo_cnae (cipa, num_cnae) VALUES('C14', '27333')#
INSERT INTO grupo_cnae (cipa, num_cnae) VALUES('C14', '27406')#
INSERT INTO grupo_cnae (cipa, num_cnae) VALUES('C14', '27511')#
INSERT INTO grupo_cnae (cipa, num_cnae) VALUES('C14', '27597')#
INSERT INTO grupo_cnae (cipa, num_cnae) VALUES('C14', '27902')#
INSERT INTO grupo_cnae (cipa, num_cnae) VALUES('C14', '28119')#
INSERT INTO grupo_cnae (cipa, num_cnae) VALUES('C14', '28127')#
INSERT INTO grupo_cnae (cipa, num_cnae) VALUES('C14', '28135')#
INSERT INTO grupo_cnae (cipa, num_cnae) VALUES('C14', '28143')#
INSERT INTO grupo_cnae (cipa, num_cnae) VALUES('C14', '28151')#
INSERT INTO grupo_cnae (cipa, num_cnae) VALUES('C14', '28216')#
INSERT INTO grupo_cnae (cipa, num_cnae) VALUES('C14', '28224')#
INSERT INTO grupo_cnae (cipa, num_cnae) VALUES('C14', '28232')#
INSERT INTO grupo_cnae (cipa, num_cnae) VALUES('C14', '28241')#
INSERT INTO grupo_cnae (cipa, num_cnae) VALUES('C14', '28259')#
INSERT INTO grupo_cnae (cipa, num_cnae) VALUES('C14', '28321')#
INSERT INTO grupo_cnae (cipa, num_cnae) VALUES('C14', '28330')#
INSERT INTO grupo_cnae (cipa, num_cnae) VALUES('C14', '28402')#
INSERT INTO grupo_cnae (cipa, num_cnae) VALUES('C14', '28518')#
INSERT INTO grupo_cnae (cipa, num_cnae) VALUES('C14', '28526')#
INSERT INTO grupo_cnae (cipa, num_cnae) VALUES('C14', '28542')#
INSERT INTO grupo_cnae (cipa, num_cnae) VALUES('C14', '28615')#
INSERT INTO grupo_cnae (cipa, num_cnae) VALUES('C14', '28623')#
INSERT INTO grupo_cnae (cipa, num_cnae) VALUES('C14', '28631')#
INSERT INTO grupo_cnae (cipa, num_cnae) VALUES('C14', '28640')#
INSERT INTO grupo_cnae (cipa, num_cnae) VALUES('C14', '28658')#
INSERT INTO grupo_cnae (cipa, num_cnae) VALUES('C14', '28666')#
INSERT INTO grupo_cnae (cipa, num_cnae) VALUES('C14', '28691')#
INSERT INTO grupo_cnae (cipa, num_cnae) VALUES('C14', '29450')#
INSERT INTO grupo_cnae (cipa, num_cnae) VALUES('C14', '31021')#
INSERT INTO grupo_cnae (cipa, num_cnae) VALUES('C14', '31039')#
INSERT INTO grupo_cnae (cipa, num_cnae) VALUES('C14', '32302')#
INSERT INTO grupo_cnae (cipa, num_cnae) VALUES('C14', '32400')#
INSERT INTO grupo_cnae (cipa, num_cnae) VALUES('C14', '32507')#
INSERT INTO grupo_cnae (cipa, num_cnae) VALUES('C14', '33112')#
INSERT INTO grupo_cnae (cipa, num_cnae) VALUES('C14', '33121')#
INSERT INTO grupo_cnae (cipa, num_cnae) VALUES('C14', '33139')#
INSERT INTO grupo_cnae (cipa, num_cnae) VALUES('C14', '33147')#
INSERT INTO grupo_cnae (cipa, num_cnae) VALUES('C14', '33198')#
INSERT INTO grupo_cnae (cipa, num_cnae) VALUES('C14', '33210')#
INSERT INTO grupo_cnae (cipa, num_cnae) VALUES('C14', '38319')#
INSERT INTO grupo_cnae (cipa, num_cnae) VALUES('C14', '95126')#
INSERT INTO grupo_cnae (cipa, num_cnae) VALUES('C14', '95215')#
INSERT INTO grupo_cnae (cipa, num_cnae) VALUES('C14a', '28291')#
INSERT INTO grupo_cnae (cipa, num_cnae) VALUES('C14a', '32124')#
INSERT INTO grupo_cnae (cipa, num_cnae) VALUES('C14a', '32205')#
INSERT INTO grupo_cnae (cipa, num_cnae) VALUES('C14a', '32914')#
INSERT INTO grupo_cnae (cipa, num_cnae) VALUES('C14a', '32990')#
INSERT INTO grupo_cnae (cipa, num_cnae) VALUES('C14a', '33295')#
INSERT INTO grupo_cnae (cipa, num_cnae) VALUES('C14a', '95118')#
INSERT INTO grupo_cnae (cipa, num_cnae) VALUES('C15', '20924')#
INSERT INTO grupo_cnae (cipa, num_cnae) VALUES('C15', '25501')#
INSERT INTO grupo_cnae (cipa, num_cnae) VALUES('C16', '28313')#
INSERT INTO grupo_cnae (cipa, num_cnae) VALUES('C16', '28534')#
INSERT INTO grupo_cnae (cipa, num_cnae) VALUES('C16', '29107')#
INSERT INTO grupo_cnae (cipa, num_cnae) VALUES('C16', '29204')#
INSERT INTO grupo_cnae (cipa, num_cnae) VALUES('C16', '29301')#
INSERT INTO grupo_cnae (cipa, num_cnae) VALUES('C16', '29417')#
INSERT INTO grupo_cnae (cipa, num_cnae) VALUES('C16', '29425')#
INSERT INTO grupo_cnae (cipa, num_cnae) VALUES('C16', '29433')#
INSERT INTO grupo_cnae (cipa, num_cnae) VALUES('C16', '29441')#
INSERT INTO grupo_cnae (cipa, num_cnae) VALUES('C16', '29492')#
INSERT INTO grupo_cnae (cipa, num_cnae) VALUES('C16', '29506')#
INSERT INTO grupo_cnae (cipa, num_cnae) VALUES('C16', '30113')#
INSERT INTO grupo_cnae (cipa, num_cnae) VALUES('C16', '30121')#
INSERT INTO grupo_cnae (cipa, num_cnae) VALUES('C16', '30318')#
INSERT INTO grupo_cnae (cipa, num_cnae) VALUES('C16', '30326')#
INSERT INTO grupo_cnae (cipa, num_cnae) VALUES('C16', '30415')#
INSERT INTO grupo_cnae (cipa, num_cnae) VALUES('C16', '30423')#
INSERT INTO grupo_cnae (cipa, num_cnae) VALUES('C16', '30504')#
INSERT INTO grupo_cnae (cipa, num_cnae) VALUES('C16', '30911')#
INSERT INTO grupo_cnae (cipa, num_cnae) VALUES('C16', '30920')#
INSERT INTO grupo_cnae (cipa, num_cnae) VALUES('C16', '30997')#
INSERT INTO grupo_cnae (cipa, num_cnae) VALUES('C16', '33155')#
INSERT INTO grupo_cnae (cipa, num_cnae) VALUES('C16', '33163')#
INSERT INTO grupo_cnae (cipa, num_cnae) VALUES('C16', '33171')#
INSERT INTO grupo_cnae (cipa, num_cnae) VALUES('C16', '45200')#
INSERT INTO grupo_cnae (cipa, num_cnae) VALUES('C16', '45439')#
INSERT INTO grupo_cnae (cipa, num_cnae) VALUES('C17', '35115')#
INSERT INTO grupo_cnae (cipa, num_cnae) VALUES('C17', '35123')#
INSERT INTO grupo_cnae (cipa, num_cnae) VALUES('C17', '35131')#
INSERT INTO grupo_cnae (cipa, num_cnae) VALUES('C17', '35140')#
INSERT INTO grupo_cnae (cipa, num_cnae) VALUES('C17', '35204')#
INSERT INTO grupo_cnae (cipa, num_cnae) VALUES('C17', '35301')#
INSERT INTO grupo_cnae (cipa, num_cnae) VALUES('C17', '36006')#
INSERT INTO grupo_cnae (cipa, num_cnae) VALUES('C17', '37011')#
INSERT INTO grupo_cnae (cipa, num_cnae) VALUES('C17', '37029')#
INSERT INTO grupo_cnae (cipa, num_cnae) VALUES('C17', '38114')#
INSERT INTO grupo_cnae (cipa, num_cnae) VALUES('C17', '38122')#
INSERT INTO grupo_cnae (cipa, num_cnae) VALUES('C17', '38211')#
INSERT INTO grupo_cnae (cipa, num_cnae) VALUES('C17', '38220')#
INSERT INTO grupo_cnae (cipa, num_cnae) VALUES('C17', '39005')#
INSERT INTO grupo_cnae (cipa, num_cnae) VALUES('C18', '42227')#
INSERT INTO grupo_cnae (cipa, num_cnae) VALUES('C18', '42235')#
INSERT INTO grupo_cnae (cipa, num_cnae) VALUES('C18', '42910')#
INSERT INTO grupo_cnae (cipa, num_cnae) VALUES('C18', '42995')#
INSERT INTO grupo_cnae (cipa, num_cnae) VALUES('C18', '43215')#
INSERT INTO grupo_cnae (cipa, num_cnae) VALUES('C18', '43223')#
INSERT INTO grupo_cnae (cipa, num_cnae) VALUES('C18', '43291')#
INSERT INTO grupo_cnae (cipa, num_cnae) VALUES('C18', '43304')#
INSERT INTO grupo_cnae (cipa, num_cnae) VALUES('C18', '43991')#
INSERT INTO grupo_cnae (cipa, num_cnae) VALUES('C18a', '41204')#
INSERT INTO grupo_cnae (cipa, num_cnae) VALUES('C18a', '42111')#
INSERT INTO grupo_cnae (cipa, num_cnae) VALUES('C18a', '42120')#
INSERT INTO grupo_cnae (cipa, num_cnae) VALUES('C18a', '42138')#
INSERT INTO grupo_cnae (cipa, num_cnae) VALUES('C18a', '42219')#
INSERT INTO grupo_cnae (cipa, num_cnae) VALUES('C18a', '42928')#
INSERT INTO grupo_cnae (cipa, num_cnae) VALUES('C18a', '43118')#
INSERT INTO grupo_cnae (cipa, num_cnae) VALUES('C18a', '43126')#
INSERT INTO grupo_cnae (cipa, num_cnae) VALUES('C18a', '43134')#
INSERT INTO grupo_cnae (cipa, num_cnae) VALUES('C18a', '43193')#
INSERT INTO grupo_cnae (cipa, num_cnae) VALUES('C18a', '43916')#
INSERT INTO grupo_cnae (cipa, num_cnae) VALUES('C19', '46117')#
INSERT INTO grupo_cnae (cipa, num_cnae) VALUES('C19', '46141')#
INSERT INTO grupo_cnae (cipa, num_cnae) VALUES('C19', '46150')#
INSERT INTO grupo_cnae (cipa, num_cnae) VALUES('C19', '46168')#
INSERT INTO grupo_cnae (cipa, num_cnae) VALUES('C19', '46176')#
INSERT INTO grupo_cnae (cipa, num_cnae) VALUES('C19', '46184')#
INSERT INTO grupo_cnae (cipa, num_cnae) VALUES('C19', '46192')#
INSERT INTO grupo_cnae (cipa, num_cnae) VALUES('C1a', '19217')#
INSERT INTO grupo_cnae (cipa, num_cnae) VALUES('C1a', '19225')#
INSERT INTO grupo_cnae (cipa, num_cnae) VALUES('C1a', '19314')#
INSERT INTO grupo_cnae (cipa, num_cnae) VALUES('C2', '10112')#
INSERT INTO grupo_cnae (cipa, num_cnae) VALUES('C2', '10121')#
INSERT INTO grupo_cnae (cipa, num_cnae) VALUES('C2', '10139')#
INSERT INTO grupo_cnae (cipa, num_cnae) VALUES('C2', '10201')#
INSERT INTO grupo_cnae (cipa, num_cnae) VALUES('C2', '10317')#
INSERT INTO grupo_cnae (cipa, num_cnae) VALUES('C2', '10325')#
INSERT INTO grupo_cnae (cipa, num_cnae) VALUES('C2', '10333')#
INSERT INTO grupo_cnae (cipa, num_cnae) VALUES('C2', '10414')#
INSERT INTO grupo_cnae (cipa, num_cnae) VALUES('C2', '10422')#
INSERT INTO grupo_cnae (cipa, num_cnae) VALUES('C2', '10431')#
INSERT INTO grupo_cnae (cipa, num_cnae) VALUES('C2', '10511')#
INSERT INTO grupo_cnae (cipa, num_cnae) VALUES('C2', '10520')#
INSERT INTO grupo_cnae (cipa, num_cnae) VALUES('C2', '10538')#
INSERT INTO grupo_cnae (cipa, num_cnae) VALUES('C2', '10619')#
INSERT INTO grupo_cnae (cipa, num_cnae) VALUES('C2', '10627')#
INSERT INTO grupo_cnae (cipa, num_cnae) VALUES('C2', '10635')#
INSERT INTO grupo_cnae (cipa, num_cnae) VALUES('C2', '10643')#
INSERT INTO grupo_cnae (cipa, num_cnae) VALUES('C2', '10651')#
INSERT INTO grupo_cnae (cipa, num_cnae) VALUES('C2', '10660')#
INSERT INTO grupo_cnae (cipa, num_cnae) VALUES('C2', '10694')#
INSERT INTO grupo_cnae (cipa, num_cnae) VALUES('C2', '10716')#
INSERT INTO grupo_cnae (cipa, num_cnae) VALUES('C2', '10724')#
INSERT INTO grupo_cnae (cipa, num_cnae) VALUES('C2', '10813')#
INSERT INTO grupo_cnae (cipa, num_cnae) VALUES('C2', '10821')#
INSERT INTO grupo_cnae (cipa, num_cnae) VALUES('C2', '10911')#
INSERT INTO grupo_cnae (cipa, num_cnae) VALUES('C2', '10929')#
INSERT INTO grupo_cnae (cipa, num_cnae) VALUES('C2', '10937')#
INSERT INTO grupo_cnae (cipa, num_cnae) VALUES('C2', '10945')#
INSERT INTO grupo_cnae (cipa, num_cnae) VALUES('C2', '10953')#
INSERT INTO grupo_cnae (cipa, num_cnae) VALUES('C2', '10961')#
INSERT INTO grupo_cnae (cipa, num_cnae) VALUES('C2', '10996')#
INSERT INTO grupo_cnae (cipa, num_cnae) VALUES('C2', '11119')#
INSERT INTO grupo_cnae (cipa, num_cnae) VALUES('C2', '11127')#
INSERT INTO grupo_cnae (cipa, num_cnae) VALUES('C2', '11135')#
INSERT INTO grupo_cnae (cipa, num_cnae) VALUES('C2', '11216')#
INSERT INTO grupo_cnae (cipa, num_cnae) VALUES('C2', '11224')#
INSERT INTO grupo_cnae (cipa, num_cnae) VALUES('C2', '12107')#
INSERT INTO grupo_cnae (cipa, num_cnae) VALUES('C2', '12204')#
INSERT INTO grupo_cnae (cipa, num_cnae) VALUES('C20', '46133')#
INSERT INTO grupo_cnae (cipa, num_cnae) VALUES('C20', '46214')#
INSERT INTO grupo_cnae (cipa, num_cnae) VALUES('C20', '46222')#
INSERT INTO grupo_cnae (cipa, num_cnae) VALUES('C20', '46231')#
INSERT INTO grupo_cnae (cipa, num_cnae) VALUES('C20', '46311')#
INSERT INTO grupo_cnae (cipa, num_cnae) VALUES('C20', '46320')#
INSERT INTO grupo_cnae (cipa, num_cnae) VALUES('C20', '46338')#
INSERT INTO grupo_cnae (cipa, num_cnae) VALUES('C20', '46346')#
INSERT INTO grupo_cnae (cipa, num_cnae) VALUES('C20', '46354')#
INSERT INTO grupo_cnae (cipa, num_cnae) VALUES('C20', '46362')#
INSERT INTO grupo_cnae (cipa, num_cnae) VALUES('C20', '46371')#
INSERT INTO grupo_cnae (cipa, num_cnae) VALUES('C20', '46397')#
INSERT INTO grupo_cnae (cipa, num_cnae) VALUES('C20', '46419')#
INSERT INTO grupo_cnae (cipa, num_cnae) VALUES('C20', '46427')#
INSERT INTO grupo_cnae (cipa, num_cnae) VALUES('C20', '46435')#
INSERT INTO grupo_cnae (cipa, num_cnae) VALUES('C20', '46443')#
INSERT INTO grupo_cnae (cipa, num_cnae) VALUES('C20', '46451')#
INSERT INTO grupo_cnae (cipa, num_cnae) VALUES('C20', '46478')#
INSERT INTO grupo_cnae (cipa, num_cnae) VALUES('C20', '46494')#
INSERT INTO grupo_cnae (cipa, num_cnae) VALUES('C20', '46516')#
INSERT INTO grupo_cnae (cipa, num_cnae) VALUES('C20', '46524')#
INSERT INTO grupo_cnae (cipa, num_cnae) VALUES('C20', '46613')#
INSERT INTO grupo_cnae (cipa, num_cnae) VALUES('C20', '46621')#
INSERT INTO grupo_cnae (cipa, num_cnae) VALUES('C20', '46630')#
INSERT INTO grupo_cnae (cipa, num_cnae) VALUES('C20', '46648')#
INSERT INTO grupo_cnae (cipa, num_cnae) VALUES('C20', '46656')#
INSERT INTO grupo_cnae (cipa, num_cnae) VALUES('C20', '46699')#
INSERT INTO grupo_cnae (cipa, num_cnae) VALUES('C20', '46711')#
INSERT INTO grupo_cnae (cipa, num_cnae) VALUES('C20', '46729')#
INSERT INTO grupo_cnae (cipa, num_cnae) VALUES('C20', '46737')#
INSERT INTO grupo_cnae (cipa, num_cnae) VALUES('C20', '46745')#
INSERT INTO grupo_cnae (cipa, num_cnae) VALUES('C20', '46796')#
INSERT INTO grupo_cnae (cipa, num_cnae) VALUES('C20', '46851')#
INSERT INTO grupo_cnae (cipa, num_cnae) VALUES('C20', '46869')#
INSERT INTO grupo_cnae (cipa, num_cnae) VALUES('C20', '46893')#
INSERT INTO grupo_cnae (cipa, num_cnae) VALUES('C20', '46915')#
INSERT INTO grupo_cnae (cipa, num_cnae) VALUES('C20', '46923')#
INSERT INTO grupo_cnae (cipa, num_cnae) VALUES('C20', '46931')#
INSERT INTO grupo_cnae (cipa, num_cnae) VALUES('C21', '45111')#
INSERT INTO grupo_cnae (cipa, num_cnae) VALUES('C21', '45129')#
INSERT INTO grupo_cnae (cipa, num_cnae) VALUES('C21', '45307')#
INSERT INTO grupo_cnae (cipa, num_cnae) VALUES('C21', '45412')#
INSERT INTO grupo_cnae (cipa, num_cnae) VALUES('C21', '45421')#
INSERT INTO grupo_cnae (cipa, num_cnae) VALUES('C21', '47113')#
INSERT INTO grupo_cnae (cipa, num_cnae) VALUES('C21', '47121')#
INSERT INTO grupo_cnae (cipa, num_cnae) VALUES('C21', '47130')#
INSERT INTO grupo_cnae (cipa, num_cnae) VALUES('C21', '47211')#
INSERT INTO grupo_cnae (cipa, num_cnae) VALUES('C21', '47229')#
INSERT INTO grupo_cnae (cipa, num_cnae) VALUES('C21', '47237')#
INSERT INTO grupo_cnae (cipa, num_cnae) VALUES('C21', '47245')#
INSERT INTO grupo_cnae (cipa, num_cnae) VALUES('C21', '47296')#
INSERT INTO grupo_cnae (cipa, num_cnae) VALUES('C21', '47415')#
INSERT INTO grupo_cnae (cipa, num_cnae) VALUES('C21', '47423')#
INSERT INTO grupo_cnae (cipa, num_cnae) VALUES('C21', '47431')#
INSERT INTO grupo_cnae (cipa, num_cnae) VALUES('C21', '47440')#
INSERT INTO grupo_cnae (cipa, num_cnae) VALUES('C21', '47512')#
INSERT INTO grupo_cnae (cipa, num_cnae) VALUES('C21', '47521')#
INSERT INTO grupo_cnae (cipa, num_cnae) VALUES('C21', '47539')#
INSERT INTO grupo_cnae (cipa, num_cnae) VALUES('C21', '47547')#
INSERT INTO grupo_cnae (cipa, num_cnae) VALUES('C21', '47555')#
INSERT INTO grupo_cnae (cipa, num_cnae) VALUES('C21', '47563')#
INSERT INTO grupo_cnae (cipa, num_cnae) VALUES('C21', '47571')#
INSERT INTO grupo_cnae (cipa, num_cnae) VALUES('C21', '47598')#
INSERT INTO grupo_cnae (cipa, num_cnae) VALUES('C21', '47610')#
INSERT INTO grupo_cnae (cipa, num_cnae) VALUES('C21', '47628')#
INSERT INTO grupo_cnae (cipa, num_cnae) VALUES('C21', '47636')#
INSERT INTO grupo_cnae (cipa, num_cnae) VALUES('C21', '47717')#
INSERT INTO grupo_cnae (cipa, num_cnae) VALUES('C21', '47725')#
INSERT INTO grupo_cnae (cipa, num_cnae) VALUES('C21', '47733')#
INSERT INTO grupo_cnae (cipa, num_cnae) VALUES('C21', '47741')#
INSERT INTO grupo_cnae (cipa, num_cnae) VALUES('C21', '47814')#
INSERT INTO grupo_cnae (cipa, num_cnae) VALUES('C21', '47822')#
INSERT INTO grupo_cnae (cipa, num_cnae) VALUES('C21', '47831')#
INSERT INTO grupo_cnae (cipa, num_cnae) VALUES('C21', '47857')#
INSERT INTO grupo_cnae (cipa, num_cnae) VALUES('C21', '47890')#
INSERT INTO grupo_cnae (cipa, num_cnae) VALUES('C21', '47903')#
INSERT INTO grupo_cnae (cipa, num_cnae) VALUES('C22', '46125')#
INSERT INTO grupo_cnae (cipa, num_cnae) VALUES('C22', '46460')#
INSERT INTO grupo_cnae (cipa, num_cnae) VALUES('C22', '46818')#
INSERT INTO grupo_cnae (cipa, num_cnae) VALUES('C22', '46826')#
INSERT INTO grupo_cnae (cipa, num_cnae) VALUES('C22', '46834')#
INSERT INTO grupo_cnae (cipa, num_cnae) VALUES('C22', '46842')#
INSERT INTO grupo_cnae (cipa, num_cnae) VALUES('C22', '46877')#
INSERT INTO grupo_cnae (cipa, num_cnae) VALUES('C22', '47318')#
INSERT INTO grupo_cnae (cipa, num_cnae) VALUES('C22', '47326')#
INSERT INTO grupo_cnae (cipa, num_cnae) VALUES('C22', '47849')#
INSERT INTO grupo_cnae (cipa, num_cnae) VALUES('C23', '55108')#
INSERT INTO grupo_cnae (cipa, num_cnae) VALUES('C23', '55906')#
INSERT INTO grupo_cnae (cipa, num_cnae) VALUES('C23', '56112')#
INSERT INTO grupo_cnae (cipa, num_cnae) VALUES('C23', '56121')#
INSERT INTO grupo_cnae (cipa, num_cnae) VALUES('C23', '56201')#
INSERT INTO grupo_cnae (cipa, num_cnae) VALUES('C23', '88006')#
INSERT INTO grupo_cnae (cipa, num_cnae) VALUES('C24', '49400')#
INSERT INTO grupo_cnae (cipa, num_cnae) VALUES('C24', '49507')#
INSERT INTO grupo_cnae (cipa, num_cnae) VALUES('C24', '50220')#
INSERT INTO grupo_cnae (cipa, num_cnae) VALUES('C24', '50912')#
INSERT INTO grupo_cnae (cipa, num_cnae) VALUES('C24', '50998')#
INSERT INTO grupo_cnae (cipa, num_cnae) VALUES('C24', '51111')#
INSERT INTO grupo_cnae (cipa, num_cnae) VALUES('C24', '51129')#
INSERT INTO grupo_cnae (cipa, num_cnae) VALUES('C24', '51200')#
INSERT INTO grupo_cnae (cipa, num_cnae) VALUES('C24', '52117')#
INSERT INTO grupo_cnae (cipa, num_cnae) VALUES('C24', '52125')#
INSERT INTO grupo_cnae (cipa, num_cnae) VALUES('C24', '52401')#
INSERT INTO grupo_cnae (cipa, num_cnae) VALUES('C24a', '50301')#
INSERT INTO grupo_cnae (cipa, num_cnae) VALUES('C24a', '52214')#
INSERT INTO grupo_cnae (cipa, num_cnae) VALUES('C24a', '52222')#
INSERT INTO grupo_cnae (cipa, num_cnae) VALUES('C24a', '52231')#
INSERT INTO grupo_cnae (cipa, num_cnae) VALUES('C24a', '52290')#
INSERT INTO grupo_cnae (cipa, num_cnae) VALUES('C24a', '52311')#
INSERT INTO grupo_cnae (cipa, num_cnae) VALUES('C24a', '52320')#
INSERT INTO grupo_cnae (cipa, num_cnae) VALUES('C24a', '52397')#
INSERT INTO grupo_cnae (cipa, num_cnae) VALUES('C24a', '52508')#
INSERT INTO grupo_cnae (cipa, num_cnae) VALUES('C24b', '50114')#
INSERT INTO grupo_cnae (cipa, num_cnae) VALUES('C24b', '50122')#
INSERT INTO grupo_cnae (cipa, num_cnae) VALUES('C24b', '50211')#
INSERT INTO grupo_cnae (cipa, num_cnae) VALUES('C24b', '51307')#
INSERT INTO grupo_cnae (cipa, num_cnae) VALUES('C24c', '49213')#
INSERT INTO grupo_cnae (cipa, num_cnae) VALUES('C24c', '49221')#
INSERT INTO grupo_cnae (cipa, num_cnae) VALUES('C24c', '49230')#
INSERT INTO grupo_cnae (cipa, num_cnae) VALUES('C24c', '49248')#
INSERT INTO grupo_cnae (cipa, num_cnae) VALUES('C24c', '49299')#
INSERT INTO grupo_cnae (cipa, num_cnae) VALUES('C24c', '49302')#
INSERT INTO grupo_cnae (cipa, num_cnae) VALUES('C24d', '49116')#
INSERT INTO grupo_cnae (cipa, num_cnae) VALUES('C24d', '49124')#
INSERT INTO grupo_cnae (cipa, num_cnae) VALUES('C25', '53105')#
INSERT INTO grupo_cnae (cipa, num_cnae) VALUES('C25', '53202')#
INSERT INTO grupo_cnae (cipa, num_cnae) VALUES('C25', '61108')#
INSERT INTO grupo_cnae (cipa, num_cnae) VALUES('C25', '61205')#
INSERT INTO grupo_cnae (cipa, num_cnae) VALUES('C25', '61302')#
INSERT INTO grupo_cnae (cipa, num_cnae) VALUES('C25', '61418')#
INSERT INTO grupo_cnae (cipa, num_cnae) VALUES('C25', '61426')#
INSERT INTO grupo_cnae (cipa, num_cnae) VALUES('C25', '61434')#
INSERT INTO grupo_cnae (cipa, num_cnae) VALUES('C25', '61906')#
INSERT INTO grupo_cnae (cipa, num_cnae) VALUES('C26', '65111')#
INSERT INTO grupo_cnae (cipa, num_cnae) VALUES('C26', '65120')#
INSERT INTO grupo_cnae (cipa, num_cnae) VALUES('C26', '65201')#
INSERT INTO grupo_cnae (cipa, num_cnae) VALUES('C26', '65308')#
INSERT INTO grupo_cnae (cipa, num_cnae) VALUES('C26', '65413')#
INSERT INTO grupo_cnae (cipa, num_cnae) VALUES('C26', '65421')#
INSERT INTO grupo_cnae (cipa, num_cnae) VALUES('C26', '65502')#
INSERT INTO grupo_cnae (cipa, num_cnae) VALUES('C27', '66118')#
INSERT INTO grupo_cnae (cipa, num_cnae) VALUES('C27', '66126')#
INSERT INTO grupo_cnae (cipa, num_cnae) VALUES('C27', '66193')#
INSERT INTO grupo_cnae (cipa, num_cnae) VALUES('C27', '66215')#
INSERT INTO grupo_cnae (cipa, num_cnae) VALUES('C27', '66223')#
INSERT INTO grupo_cnae (cipa, num_cnae) VALUES('C27', '66291')#
INSERT INTO grupo_cnae (cipa, num_cnae) VALUES('C27', '66304')#
INSERT INTO grupo_cnae (cipa, num_cnae) VALUES('C28', '64107')#
INSERT INTO grupo_cnae (cipa, num_cnae) VALUES('C28', '64212')#
INSERT INTO grupo_cnae (cipa, num_cnae) VALUES('C28', '64221')#
INSERT INTO grupo_cnae (cipa, num_cnae) VALUES('C28', '64239')#
INSERT INTO grupo_cnae (cipa, num_cnae) VALUES('C28', '64247')#
INSERT INTO grupo_cnae (cipa, num_cnae) VALUES('C28', '64310')#
INSERT INTO grupo_cnae (cipa, num_cnae) VALUES('C28', '64328')#
INSERT INTO grupo_cnae (cipa, num_cnae) VALUES('C28', '64336')#
INSERT INTO grupo_cnae (cipa, num_cnae) VALUES('C28', '64344')#
INSERT INTO grupo_cnae (cipa, num_cnae) VALUES('C28', '64352')#
INSERT INTO grupo_cnae (cipa, num_cnae) VALUES('C28', '64361')#
INSERT INTO grupo_cnae (cipa, num_cnae) VALUES('C28', '64379')#
INSERT INTO grupo_cnae (cipa, num_cnae) VALUES('C28', '64409')#
INSERT INTO grupo_cnae (cipa, num_cnae) VALUES('C28', '64506')#
INSERT INTO grupo_cnae (cipa, num_cnae) VALUES('C28', '64611')#
INSERT INTO grupo_cnae (cipa, num_cnae) VALUES('C28', '64638')#
INSERT INTO grupo_cnae (cipa, num_cnae) VALUES('C28', '64701')#
INSERT INTO grupo_cnae (cipa, num_cnae) VALUES('C28', '64913')#
INSERT INTO grupo_cnae (cipa, num_cnae) VALUES('C28', '64921')#
INSERT INTO grupo_cnae (cipa, num_cnae) VALUES('C28', '64930')#
INSERT INTO grupo_cnae (cipa, num_cnae) VALUES('C28', '64999')#
INSERT INTO grupo_cnae (cipa, num_cnae) VALUES('C28', '66134')#
INSERT INTO grupo_cnae (cipa, num_cnae) VALUES('C28', '77403')#
INSERT INTO grupo_cnae (cipa, num_cnae) VALUES('C29', '41107')#
INSERT INTO grupo_cnae (cipa, num_cnae) VALUES('C29', '64620')#
INSERT INTO grupo_cnae (cipa, num_cnae) VALUES('C29', '68102')#
INSERT INTO grupo_cnae (cipa, num_cnae) VALUES('C29', '68218')#
INSERT INTO grupo_cnae (cipa, num_cnae) VALUES('C29', '68226')#
INSERT INTO grupo_cnae (cipa, num_cnae) VALUES('C29', '69117')#
INSERT INTO grupo_cnae (cipa, num_cnae) VALUES('C29', '69125')#
INSERT INTO grupo_cnae (cipa, num_cnae) VALUES('C29', '69206')#
INSERT INTO grupo_cnae (cipa, num_cnae) VALUES('C29', '70107')#
INSERT INTO grupo_cnae (cipa, num_cnae) VALUES('C29', '70204')#
INSERT INTO grupo_cnae (cipa, num_cnae) VALUES('C29', '73203')#
INSERT INTO grupo_cnae (cipa, num_cnae) VALUES('C29', '77217')#
INSERT INTO grupo_cnae (cipa, num_cnae) VALUES('C29', '77225')#
INSERT INTO grupo_cnae (cipa, num_cnae) VALUES('C29', '77233')#
INSERT INTO grupo_cnae (cipa, num_cnae) VALUES('C29', '77292')#
INSERT INTO grupo_cnae (cipa, num_cnae) VALUES('C29', '79112')#
INSERT INTO grupo_cnae (cipa, num_cnae) VALUES('C29', '79121')#
INSERT INTO grupo_cnae (cipa, num_cnae) VALUES('C29', '79902')#
INSERT INTO grupo_cnae (cipa, num_cnae) VALUES('C29', '81117')#
INSERT INTO grupo_cnae (cipa, num_cnae) VALUES('C29', '85503')#
INSERT INTO grupo_cnae (cipa, num_cnae) VALUES('C29', '94111')#
INSERT INTO grupo_cnae (cipa, num_cnae) VALUES('C29', '94120')#
INSERT INTO grupo_cnae (cipa, num_cnae) VALUES('C29', '94201')#
INSERT INTO grupo_cnae (cipa, num_cnae) VALUES('C29', '94308')#
INSERT INTO grupo_cnae (cipa, num_cnae) VALUES('C29', '94910')#
INSERT INTO grupo_cnae (cipa, num_cnae) VALUES('C29', '94928')#
INSERT INTO grupo_cnae (cipa, num_cnae) VALUES('C29', '94936')#
INSERT INTO grupo_cnae (cipa, num_cnae) VALUES('C29', '94995')#
INSERT INTO grupo_cnae (cipa, num_cnae) VALUES('C3', '13111')#
INSERT INTO grupo_cnae (cipa, num_cnae) VALUES('C3', '13120')#
INSERT INTO grupo_cnae (cipa, num_cnae) VALUES('C3', '13138')#
INSERT INTO grupo_cnae (cipa, num_cnae) VALUES('C3', '13146')#
INSERT INTO grupo_cnae (cipa, num_cnae) VALUES('C3', '13219')#
INSERT INTO grupo_cnae (cipa, num_cnae) VALUES('C3', '13227')#
INSERT INTO grupo_cnae (cipa, num_cnae) VALUES('C3', '13235')#
INSERT INTO grupo_cnae (cipa, num_cnae) VALUES('C3', '13405')#
INSERT INTO grupo_cnae (cipa, num_cnae) VALUES('C30', '80111')#
INSERT INTO grupo_cnae (cipa, num_cnae) VALUES('C30', '80129')#
INSERT INTO grupo_cnae (cipa, num_cnae) VALUES('C30', '80200')#
INSERT INTO grupo_cnae (cipa, num_cnae) VALUES('C30', '80307')#
INSERT INTO grupo_cnae (cipa, num_cnae) VALUES('C30', '81214')#
INSERT INTO grupo_cnae (cipa, num_cnae) VALUES('C30', '81222')#
INSERT INTO grupo_cnae (cipa, num_cnae) VALUES('C30', '81290')#
INSERT INTO grupo_cnae (cipa, num_cnae) VALUES('C30', '81303')#
INSERT INTO grupo_cnae (cipa, num_cnae) VALUES('C30', '96017')#
INSERT INTO grupo_cnae (cipa, num_cnae) VALUES('C31', '85112')#
INSERT INTO grupo_cnae (cipa, num_cnae) VALUES('C31', '85121')#
INSERT INTO grupo_cnae (cipa, num_cnae) VALUES('C31', '85139')#
INSERT INTO grupo_cnae (cipa, num_cnae) VALUES('C31', '85201')#
INSERT INTO grupo_cnae (cipa, num_cnae) VALUES('C31', '85317')#
INSERT INTO grupo_cnae (cipa, num_cnae) VALUES('C31', '85325')#
INSERT INTO grupo_cnae (cipa, num_cnae) VALUES('C31', '85333')#
INSERT INTO grupo_cnae (cipa, num_cnae) VALUES('C31', '85414')#
INSERT INTO grupo_cnae (cipa, num_cnae) VALUES('C31', '85422')#
INSERT INTO grupo_cnae (cipa, num_cnae) VALUES('C31', '85911')#
INSERT INTO grupo_cnae (cipa, num_cnae) VALUES('C31', '85929')#
INSERT INTO grupo_cnae (cipa, num_cnae) VALUES('C31', '85937')#
INSERT INTO grupo_cnae (cipa, num_cnae) VALUES('C31', '85996')#
INSERT INTO grupo_cnae (cipa, num_cnae) VALUES('C31', '91015')#
INSERT INTO grupo_cnae (cipa, num_cnae) VALUES('C31', '91023')#
INSERT INTO grupo_cnae (cipa, num_cnae) VALUES('C31', '91031')#
INSERT INTO grupo_cnae (cipa, num_cnae) VALUES('C31', '93115')#
INSERT INTO grupo_cnae (cipa, num_cnae) VALUES('C31', '93123')#
INSERT INTO grupo_cnae (cipa, num_cnae) VALUES('C31', '93131')#
INSERT INTO grupo_cnae (cipa, num_cnae) VALUES('C31', '93191')#
INSERT INTO grupo_cnae (cipa, num_cnae) VALUES('C32', '71201')#
INSERT INTO grupo_cnae (cipa, num_cnae) VALUES('C32', '72100')#
INSERT INTO grupo_cnae (cipa, num_cnae) VALUES('C32', '72207')#
INSERT INTO grupo_cnae (cipa, num_cnae) VALUES('C33', '84116')#
INSERT INTO grupo_cnae (cipa, num_cnae) VALUES('C33', '84124')#
INSERT INTO grupo_cnae (cipa, num_cnae) VALUES('C33', '84132')#
INSERT INTO grupo_cnae (cipa, num_cnae) VALUES('C33', '84213')#
INSERT INTO grupo_cnae (cipa, num_cnae) VALUES('C33', '84221')#
INSERT INTO grupo_cnae (cipa, num_cnae) VALUES('C33', '84230')#
INSERT INTO grupo_cnae (cipa, num_cnae) VALUES('C33', '84248')#
INSERT INTO grupo_cnae (cipa, num_cnae) VALUES('C33', '84256')#
INSERT INTO grupo_cnae (cipa, num_cnae) VALUES('C33', '84302')#
INSERT INTO grupo_cnae (cipa, num_cnae) VALUES('C33', '99008')#
INSERT INTO grupo_cnae (cipa, num_cnae) VALUES('C34', '75001')#
INSERT INTO grupo_cnae (cipa, num_cnae) VALUES('C34', '86101')#
INSERT INTO grupo_cnae (cipa, num_cnae) VALUES('C34', '86216')#
INSERT INTO grupo_cnae (cipa, num_cnae) VALUES('C34', '86224')#
INSERT INTO grupo_cnae (cipa, num_cnae) VALUES('C34', '86305')#
INSERT INTO grupo_cnae (cipa, num_cnae) VALUES('C34', '86402')#
INSERT INTO grupo_cnae (cipa, num_cnae) VALUES('C34', '86500')#
INSERT INTO grupo_cnae (cipa, num_cnae) VALUES('C34', '86607')#
INSERT INTO grupo_cnae (cipa, num_cnae) VALUES('C34', '86909')#
INSERT INTO grupo_cnae (cipa, num_cnae) VALUES('C34', '87115')#
INSERT INTO grupo_cnae (cipa, num_cnae) VALUES('C34', '87123')#
INSERT INTO grupo_cnae (cipa, num_cnae) VALUES('C34', '87204')#
INSERT INTO grupo_cnae (cipa, num_cnae) VALUES('C34', '87301')#
INSERT INTO grupo_cnae (cipa, num_cnae) VALUES('C34', '96033')#
INSERT INTO grupo_cnae (cipa, num_cnae) VALUES('C35', '62015')#
INSERT INTO grupo_cnae (cipa, num_cnae) VALUES('C35', '62023')#
INSERT INTO grupo_cnae (cipa, num_cnae) VALUES('C35', '62031')#
INSERT INTO grupo_cnae (cipa, num_cnae) VALUES('C35', '62040')#
INSERT INTO grupo_cnae (cipa, num_cnae) VALUES('C35', '62091')#
INSERT INTO grupo_cnae (cipa, num_cnae) VALUES('C35', '63119')#
INSERT INTO grupo_cnae (cipa, num_cnae) VALUES('C35', '63194')#
INSERT INTO grupo_cnae (cipa, num_cnae) VALUES('C35', '63992')#
INSERT INTO grupo_cnae (cipa, num_cnae) VALUES('C35', '71111')#
INSERT INTO grupo_cnae (cipa, num_cnae) VALUES('C35', '71120')#
INSERT INTO grupo_cnae (cipa, num_cnae) VALUES('C35', '71197')#
INSERT INTO grupo_cnae (cipa, num_cnae) VALUES('C35', '73114')#
INSERT INTO grupo_cnae (cipa, num_cnae) VALUES('C35', '73122')#
INSERT INTO grupo_cnae (cipa, num_cnae) VALUES('C35', '73190')#
INSERT INTO grupo_cnae (cipa, num_cnae) VALUES('C35', '74102')#
INSERT INTO grupo_cnae (cipa, num_cnae) VALUES('C35', '74901')#
INSERT INTO grupo_cnae (cipa, num_cnae) VALUES('C35', '77110')#
INSERT INTO grupo_cnae (cipa, num_cnae) VALUES('C35', '77195')#
INSERT INTO grupo_cnae (cipa, num_cnae) VALUES('C35', '77314')#
INSERT INTO grupo_cnae (cipa, num_cnae) VALUES('C35', '77322')#
INSERT INTO grupo_cnae (cipa, num_cnae) VALUES('C35', '77331')#
INSERT INTO grupo_cnae (cipa, num_cnae) VALUES('C35', '77390')#
INSERT INTO grupo_cnae (cipa, num_cnae) VALUES('C35', '78108')#
INSERT INTO grupo_cnae (cipa, num_cnae) VALUES('C35', '78205')#
INSERT INTO grupo_cnae (cipa, num_cnae) VALUES('C35', '78302')#
INSERT INTO grupo_cnae (cipa, num_cnae) VALUES('C35', '81125')#
INSERT INTO grupo_cnae (cipa, num_cnae) VALUES('C35', '82113')#
INSERT INTO grupo_cnae (cipa, num_cnae) VALUES('C35', '82199')#
INSERT INTO grupo_cnae (cipa, num_cnae) VALUES('C35', '82202')#
INSERT INTO grupo_cnae (cipa, num_cnae) VALUES('C35', '82300')#
INSERT INTO grupo_cnae (cipa, num_cnae) VALUES('C35', '82911')#
INSERT INTO grupo_cnae (cipa, num_cnae) VALUES('C35', '82920')#
INSERT INTO grupo_cnae (cipa, num_cnae) VALUES('C35', '82997')#
INSERT INTO grupo_cnae (cipa, num_cnae) VALUES('C35', '92003')#
INSERT INTO grupo_cnae (cipa, num_cnae) VALUES('C35', '93212')#
INSERT INTO grupo_cnae (cipa, num_cnae) VALUES('C35', '93298')#
INSERT INTO grupo_cnae (cipa, num_cnae) VALUES('C35', '95291')#
INSERT INTO grupo_cnae (cipa, num_cnae) VALUES('C35', '96025')#
INSERT INTO grupo_cnae (cipa, num_cnae) VALUES('C35', '96092')#
INSERT INTO grupo_cnae (cipa, num_cnae) VALUES('C35', '97005')#
INSERT INTO grupo_cnae (cipa, num_cnae) VALUES('C3a', '13308')#
INSERT INTO grupo_cnae (cipa, num_cnae) VALUES('C3a', '13511')#
INSERT INTO grupo_cnae (cipa, num_cnae) VALUES('C3a', '13529')#
INSERT INTO grupo_cnae (cipa, num_cnae) VALUES('C3a', '13537')#
INSERT INTO grupo_cnae (cipa, num_cnae) VALUES('C3a', '13545')#
INSERT INTO grupo_cnae (cipa, num_cnae) VALUES('C3a', '13596')#
INSERT INTO grupo_cnae (cipa, num_cnae) VALUES('C3a', '14215')#
INSERT INTO grupo_cnae (cipa, num_cnae) VALUES('C3a', '14223')#
INSERT INTO grupo_cnae (cipa, num_cnae) VALUES('C4', '14118')#
INSERT INTO grupo_cnae (cipa, num_cnae) VALUES('C4', '14126')#
INSERT INTO grupo_cnae (cipa, num_cnae) VALUES('C4', '14134')#
INSERT INTO grupo_cnae (cipa, num_cnae) VALUES('C4', '14142')#
INSERT INTO grupo_cnae (cipa, num_cnae) VALUES('C4', '32922')#
INSERT INTO grupo_cnae (cipa, num_cnae) VALUES('C5', '15106')#
INSERT INTO grupo_cnae (cipa, num_cnae) VALUES('C5', '15319')#
INSERT INTO grupo_cnae (cipa, num_cnae) VALUES('C5', '15327')#
INSERT INTO grupo_cnae (cipa, num_cnae) VALUES('C5', '15335')#
INSERT INTO grupo_cnae (cipa, num_cnae) VALUES('C5', '15394')#
INSERT INTO grupo_cnae (cipa, num_cnae) VALUES('C5', '15408')#
INSERT INTO grupo_cnae (cipa, num_cnae) VALUES('C5a', '15211')#
INSERT INTO grupo_cnae (cipa, num_cnae) VALUES('C5a', '15297')#
INSERT INTO grupo_cnae (cipa, num_cnae) VALUES('C6', '16102')#
INSERT INTO grupo_cnae (cipa, num_cnae) VALUES('C6', '16218')#
INSERT INTO grupo_cnae (cipa, num_cnae) VALUES('C6', '16226')#
INSERT INTO grupo_cnae (cipa, num_cnae) VALUES('C6', '16234')#
INSERT INTO grupo_cnae (cipa, num_cnae) VALUES('C6', '16293')#
INSERT INTO grupo_cnae (cipa, num_cnae) VALUES('C6', '31012')#
INSERT INTO grupo_cnae (cipa, num_cnae) VALUES('C7', '17311')#
INSERT INTO grupo_cnae (cipa, num_cnae) VALUES('C7', '17320')#
INSERT INTO grupo_cnae (cipa, num_cnae) VALUES('C7', '17338')#
INSERT INTO grupo_cnae (cipa, num_cnae) VALUES('C7', '17419')#
INSERT INTO grupo_cnae (cipa, num_cnae) VALUES('C7', '17427')#
INSERT INTO grupo_cnae (cipa, num_cnae) VALUES('C7', '17494')#
INSERT INTO grupo_cnae (cipa, num_cnae) VALUES('C7a', '17109')#
INSERT INTO grupo_cnae (cipa, num_cnae) VALUES('C7a', '17214')#
INSERT INTO grupo_cnae (cipa, num_cnae) VALUES('C7a', '17222')#
INSERT INTO grupo_cnae (cipa, num_cnae) VALUES('C8', '18113')#
INSERT INTO grupo_cnae (cipa, num_cnae) VALUES('C8', '18121')#
INSERT INTO grupo_cnae (cipa, num_cnae) VALUES('C8', '18130')#
INSERT INTO grupo_cnae (cipa, num_cnae) VALUES('C8', '18211')#
INSERT INTO grupo_cnae (cipa, num_cnae) VALUES('C8', '18229')#
INSERT INTO grupo_cnae (cipa, num_cnae) VALUES('C8', '58115')#
INSERT INTO grupo_cnae (cipa, num_cnae) VALUES('C8', '58123')#
INSERT INTO grupo_cnae (cipa, num_cnae) VALUES('C8', '58131')#
INSERT INTO grupo_cnae (cipa, num_cnae) VALUES('C8', '58191')#
INSERT INTO grupo_cnae (cipa, num_cnae) VALUES('C8', '58212')#
INSERT INTO grupo_cnae (cipa, num_cnae) VALUES('C8', '58221')#
INSERT INTO grupo_cnae (cipa, num_cnae) VALUES('C8', '58239')#
INSERT INTO grupo_cnae (cipa, num_cnae) VALUES('C8', '58298')#
INSERT INTO grupo_cnae (cipa, num_cnae) VALUES('C8', '63917')#
INSERT INTO grupo_cnae (cipa, num_cnae) VALUES('C9', '18300')#
INSERT INTO grupo_cnae (cipa, num_cnae) VALUES('C9', '59111')#
INSERT INTO grupo_cnae (cipa, num_cnae) VALUES('C9', '59120')#
INSERT INTO grupo_cnae (cipa, num_cnae) VALUES('C9', '59138')#
INSERT INTO grupo_cnae (cipa, num_cnae) VALUES('C9', '59146')#
INSERT INTO grupo_cnae (cipa, num_cnae) VALUES('C9', '59201')#
INSERT INTO grupo_cnae (cipa, num_cnae) VALUES('C9', '60101')#
INSERT INTO grupo_cnae (cipa, num_cnae) VALUES('C9', '60217')#
INSERT INTO grupo_cnae (cipa, num_cnae) VALUES('C9', '60225')#
INSERT INTO grupo_cnae (cipa, num_cnae) VALUES('C9', '74200')#
INSERT INTO grupo_cnae (cipa, num_cnae) VALUES('C9', '90019')#
INSERT INTO grupo_cnae (cipa, num_cnae) VALUES('C9', '90027')#
INSERT INTO grupo_cnae (cipa, num_cnae) VALUES('C9', '90035')#

INSERT INTO intervalo (id_intervalo, minimo, maximo) VALUES(1, 50, 100)#
INSERT INTO intervalo (id_intervalo, minimo, maximo) VALUES(2, 101, 250)#
INSERT INTO intervalo (id_intervalo, minimo, maximo) VALUES(3, 251, 500)#
INSERT INTO intervalo (id_intervalo, minimo, maximo) VALUES(4, 501, 1000)#
INSERT INTO intervalo (id_intervalo, minimo, maximo) VALUES(5, 1001, 2000)#
INSERT INTO intervalo (id_intervalo, minimo, maximo) VALUES(6, 2001, 3500)#
INSERT INTO intervalo (id_intervalo, minimo, maximo) VALUES(7, 3501, 5000)#
INSERT INTO intervalo (id_intervalo, minimo, maximo) VALUES(8, 5001, 99999)#
INSERT INTO intervalo (id_intervalo, minimo, maximo) VALUES(9, 0, 19)#
INSERT INTO intervalo (id_intervalo, minimo, maximo) VALUES(10, 20, 29)#
INSERT INTO intervalo (id_intervalo, minimo, maximo) VALUES(11, 30, 50)#
INSERT INTO intervalo (id_intervalo, minimo, maximo) VALUES(12, 51, 80)#
INSERT INTO intervalo (id_intervalo, minimo, maximo) VALUES(13, 81, 100)#
INSERT INTO intervalo (id_intervalo, minimo, maximo) VALUES(14, 101, 120)#
INSERT INTO intervalo (id_intervalo, minimo, maximo) VALUES(15, 121, 140)#
INSERT INTO intervalo (id_intervalo, minimo, maximo) VALUES(16, 141, 300)#
INSERT INTO intervalo (id_intervalo, minimo, maximo) VALUES(17, 301, 500)#
INSERT INTO intervalo (id_intervalo, minimo, maximo) VALUES(18, 501, 1000)#
INSERT INTO intervalo (id_intervalo, minimo, maximo) VALUES(19, 1001, 2500)#
INSERT INTO intervalo (id_intervalo, minimo, maximo) VALUES(20, 2501, 5000)#
INSERT INTO intervalo (id_intervalo, minimo, maximo) VALUES(21, 5001, 10000)#
INSERT INTO intervalo (id_intervalo, minimo, maximo) VALUES(22, 10001, 99999)#
INSERT INTO observacao (id_observacao, observacao) VALUES(1, 'Tempo parcial (mínimo de três horas)')#
INSERT INTO observacao (id_observacao, observacao) VALUES(2, 'O dimensionamento total deverá ser feito levando-se em consideração o dimensionamento da faixa de 3.501 a 5.000 mais o dimensionamento do(s) grupo(s) de 4.000 ou fração de 2.000.')#
INSERT INTO observacao (id_observacao, observacao) VALUES(3, 'Hospitais, Ambulatórios, Maternidades, Casas de Saúde e Repouso, Clínicas e estabelecimentos similares com mais de 500 (quinhentos) empregados deverão contratar um Enfermeiro do Trabalho em tempo integral.')#
INSERT INTO risco (id_risco, risco, descricao) VALUES(1, 1, 'Baixo Risco')#
INSERT INTO risco (id_risco, risco, descricao) VALUES(2, 2, 'Médio-Baixo Risco')#
INSERT INTO risco (id_risco, risco, descricao) VALUES(3, 3, 'Médio-Alto Risco')#
INSERT INTO risco (id_risco, risco, descricao) VALUES(4, 4, 'Alto Risco')#