-- INICIO DA SQL PARA INSERIR RISCOS --
INSERT INTO risco (id_risco, risco, descricao) VALUES (1, 1, 'Baixo Risco');
INSERT INTO risco (id_risco, risco, descricao) VALUES (2, 2, 'Médio-Baixo Risco');
INSERT INTO risco (id_risco, risco, descricao) VALUES (3, 3, 'Médio-Alto Risco');
INSERT INTO risco (id_risco, risco, descricao) VALUES (4, 4, 'Alto Risco');
-- FIM DA SQL PARA INSERIR RISCOS --

-- INICIO DA SQL PARA INSERIR empregados --
INSERT INTO empregado (id_empregado, descricao) VALUES (1, 'Técnico Seg. Trabalho');
INSERT INTO empregado (id_empregado, descricao) VALUES (2, 'Engenheiro Seg. Trabalho');
INSERT INTO empregado (id_empregado, descricao) VALUES (3, 'Aux. Enfermagem Trabalho');
INSERT INTO empregado (id_empregado, descricao) VALUES (4, 'Enfermeiro do Trabalho');
INSERT INTO empregado (id_empregado, descricao) VALUES (5, 'Médico do Trabalho');
-- FIM DA SQL PARA INSERIR empregados --

-- INICIO DA SQL PARA INSERIR observacoes --
INSERT INTO observacao (id_observacao, observacao) VALUES (1, 'Tempo parcial (mínimo de três horas)');
INSERT INTO observacao (id_observacao, observacao) VALUES (2, 'O dimensionamento total deverá ser feito levando-se em consideração o dimensionamento da faixa de 3.501 a 5.000 mais o dimensionamento do(s) grupo(s) de 4.000 ou fração de 2.000.');
INSERT INTO observacao (id_observacao, observacao) VALUES (3, 'Hospitais, Ambulatórios, Maternidades, Casas de Saúde e Repouso, Clínicas e estabelecimentos similares com mais de 500 (quinhentos) empregados deverão contratar um Enfermeiro do Trabalho em tempo integral.');
-- FIM DA SQL PARA INSERIR observacoes --

-- INICIO DA SQL PARA INSERIR intervalo --
INSERT INTO intervalo (id_intervalo, minimo, maximo) VALUES (1, 50, 100);
INSERT INTO intervalo (id_intervalo, minimo, maximo) VALUES (2, 101, 250);
INSERT INTO intervalo (id_intervalo, minimo, maximo) VALUES (3, 251, 500);
INSERT INTO intervalo (id_intervalo, minimo, maximo) VALUES (4, 501, 1000);
INSERT INTO intervalo (id_intervalo, minimo, maximo) VALUES (5, 1001, 2000);
INSERT INTO intervalo (id_intervalo, minimo, maximo) VALUES (6, 2001, 3500);
INSERT INTO intervalo (id_intervalo, minimo, maximo) VALUES (7, 3501, 5000);
INSERT INTO intervalo (id_intervalo, minimo, maximo) VALUES (8, 5000, 99999);
INSERT INTO intervalo (id_intervalo, minimo, maximo) VALUES (9, 0, 19);
INSERT INTO intervalo (id_intervalo, minimo, maximo) VALUES (10, 20, 29);
INSERT INTO intervalo (id_intervalo, minimo, maximo) VALUES (11, 30, 50);
INSERT INTO intervalo (id_intervalo, minimo, maximo) VALUES (12, 51, 80);
INSERT INTO intervalo (id_intervalo, minimo, maximo) VALUES (13, 81, 100);
INSERT INTO intervalo (id_intervalo, minimo, maximo) VALUES (14, 101, 120);
INSERT INTO intervalo (id_intervalo, minimo, maximo) VALUES (15, 121, 140);
INSERT INTO intervalo (id_intervalo, minimo, maximo) VALUES (16, 141, 300);
INSERT INTO intervalo (id_intervalo, minimo, maximo) VALUES (17, 301, 500);
INSERT INTO intervalo (id_intervalo, minimo, maximo) VALUES (18, 501, 1000);
INSERT INTO intervalo (id_intervalo, minimo, maximo) VALUES (19, 1001, 2500);
INSERT INTO intervalo (id_intervalo, minimo, maximo) VALUES (20, 2501, 5000);
INSERT INTO intervalo (id_intervalo, minimo, maximo) VALUES (21, 5001, 10000);
INSERT INTO intervalo (id_intervalo, minimo, maximo) VALUES (22, 10001, 99999);
-- FIM DA SQL PARA INSERIR intervalo --

-- INICIO DA SQL PARA INSERIR cnae --
INSERT INTO cnae (num_cnae, descricao, id_risco) VALUES ('10694', 'Moagem e fabricação de produtos de origem vegetal não especificados', 3);
-- FIM DA SQL PARA INSERIR cnae --

INSERT INTO cnae (num_cnae, descricao, id_risco) VALUES ('01113', 'Cultivo de cereais', 3);
INSERT INTO cnae (num_cnae, descricao, id_risco) VALUES ('01121', 'Cultivo de algodão herbáceo e de outras fibras de lavoura temporária', 3);
INSERT INTO cnae (num_cnae, descricao, id_risco) VALUES ('01130', 'Cultivo de cana-de-açúcar', 3);
INSERT INTO cnae (num_cnae, descricao, id_risco) VALUES ('01148', 'Cultivo de fumo', 3);
INSERT INTO cnae (num_cnae, descricao, id_risco) VALUES ('01156', 'Cultivo de soja', 3);
INSERT INTO cnae (num_cnae, descricao, id_risco) VALUES ('01164', 'Cultivo de oleaginosas de lavoura temporária, exceto soja', 3);
INSERT INTO cnae (num_cnae, descricao, id_risco) VALUES ('01199', 'Cultivo de plantas de lavoura temporária não especificadas anteriormente', 3);
INSERT INTO cnae (num_cnae, descricao, id_risco) VALUES ('01211', 'Horticultura', 3);
INSERT INTO cnae (num_cnae, descricao, id_risco) VALUES ('01229', 'Cultivo de flores e plantas ornamentais', 3);
INSERT INTO cnae (num_cnae, descricao, id_risco) VALUES ('01318', 'Cultivo de laranja', 3);
INSERT INTO cnae (num_cnae, descricao, id_risco) VALUES ('01326', 'Cultivo de uva', 3);
INSERT INTO cnae (num_cnae, descricao, id_risco) VALUES ('01334', 'Cultivo de frutas de lavoura permanente, exceto laranja e uva', 3);
INSERT INTO cnae (num_cnae, descricao, id_risco) VALUES ('01342', 'Cultivo de café', 3);
INSERT INTO cnae (num_cnae, descricao, id_risco) VALUES ('01351', 'Cultivo de cacau', 3);
INSERT INTO cnae (num_cnae, descricao, id_risco) VALUES ('01393', 'Cultivo de plantas de lavoura permanente não especificadas anteriormente', 3);
INSERT INTO cnae (num_cnae, descricao, id_risco) VALUES ('01415', 'Produção de sementes certificadas', 3);
INSERT INTO cnae (num_cnae, descricao, id_risco) VALUES ('01423', 'Produção de mudas e outras formas de propagação vegetal, certificadas', 3);
INSERT INTO cnae (num_cnae, descricao, id_risco) VALUES ('01512', 'Criação de bovinos', 3);
INSERT INTO cnae (num_cnae, descricao, id_risco) VALUES ('01521', 'Criação de outros animais de grande porte', 3);
INSERT INTO cnae (num_cnae, descricao, id_risco) VALUES ('01539', 'Criação de caprinos e ovinos', 3);
INSERT INTO cnae (num_cnae, descricao, id_risco) VALUES ('01547', 'Criação de suínos', 3);
INSERT INTO cnae (num_cnae, descricao, id_risco) VALUES ('01555', 'Criação de aves', 3);
INSERT INTO cnae (num_cnae, descricao, id_risco) VALUES ('01598', 'Criação de animais não especificados anteriormente', 3);
INSERT INTO cnae (num_cnae, descricao, id_risco) VALUES ('01610', 'Atividades de apoio à agricultura', 3);
INSERT INTO cnae (num_cnae, descricao, id_risco) VALUES ('01628', 'Atividades de apoio à pecuária', 3);
INSERT INTO cnae (num_cnae, descricao, id_risco) VALUES ('01636', 'Atividades de pós-colheita', 3);
INSERT INTO cnae (num_cnae, descricao, id_risco) VALUES ('01709', 'Caça e serviços relacionados', 3);
INSERT INTO cnae (num_cnae, descricao, id_risco) VALUES ('02101', 'Produção florestal - florestas plantadas', 3);
INSERT INTO cnae (num_cnae, descricao, id_risco) VALUES ('02209', 'Produção florestal - florestas nativas', 4);
INSERT INTO cnae (num_cnae, descricao, id_risco) VALUES ('02306', 'Atividades de apoio à produção florestal', 3);
INSERT INTO cnae (num_cnae, descricao, id_risco) VALUES ('03116', 'Pesca em água salgada', 3);
INSERT INTO cnae (num_cnae, descricao, id_risco) VALUES ('03124', 'Pesca em água doce', 3);
INSERT INTO cnae (num_cnae, descricao, id_risco) VALUES ('03213', 'Aquicultura em água salgada e salobra', 3);
INSERT INTO cnae (num_cnae, descricao, id_risco) VALUES ('03221', 'Aquicultura em água doce', 3);
INSERT INTO cnae (num_cnae, descricao, id_risco) VALUES ('05003', 'Extração de carvão mineral', 4);
INSERT INTO cnae (num_cnae, descricao, id_risco) VALUES ('06000', 'Extração de petróleo e gás natural', 4);
INSERT INTO cnae (num_cnae, descricao, id_risco) VALUES ('07103', 'Extração de minério de ferro', 4);
INSERT INTO cnae (num_cnae, descricao, id_risco) VALUES ('07219', 'Extração de minério de alumínio', 4);
INSERT INTO cnae (num_cnae, descricao, id_risco) VALUES ('07227', 'Extração de minério de estanho', 4);
INSERT INTO cnae (num_cnae, descricao, id_risco) VALUES ('07235', 'Extração de minério de manganês', 4);
INSERT INTO cnae (num_cnae, descricao, id_risco) VALUES ('07243', 'Extração de minério de metais preciosos', 4);
INSERT INTO cnae (num_cnae, descricao, id_risco) VALUES ('07251', 'Extração de minerais radioativos', 4);
INSERT INTO cnae (num_cnae, descricao, id_risco) VALUES ('07294', 'Extração de minerais metálicos não ferrosos não especificados anteriormente', 4);
INSERT INTO cnae (num_cnae, descricao, id_risco) VALUES ('08100', 'Extração de pedra, areia e argila', 4);
INSERT INTO cnae (num_cnae, descricao, id_risco) VALUES ('08916', 'Extração de minerais para fabricação de adubos, fertilizantes e outros produtos químicos', 4);
INSERT INTO cnae (num_cnae, descricao, id_risco) VALUES ('08924', 'Extração e refino de sal marinho e sal-gema', 4);
INSERT INTO cnae (num_cnae, descricao, id_risco) VALUES ('08932', 'Extração de gemas (pedras preciosas e semipreciosas)', 4);
INSERT INTO cnae (num_cnae, descricao, id_risco) VALUES ('08991', 'Extração de minerais não metálicos não especificados anteriormente', 4);
INSERT INTO cnae (num_cnae, descricao, id_risco) VALUES ('09106', 'Atividades de apoio à extração de petróleo e gás natural', 4);
INSERT INTO cnae (num_cnae, descricao, id_risco) VALUES ('09904', 'Atividades de apoio à extração de minerais, exceto petróleo e gás natural', 4);
INSERT INTO cnae (num_cnae, descricao, id_risco) VALUES ('10112', 'Abate de reses, exceto suínos', 3);
INSERT INTO cnae (num_cnae, descricao, id_risco) VALUES ('10121', 'Abate de suínos, aves e outros pequenos animais', 3);
INSERT INTO cnae (num_cnae, descricao, id_risco) VALUES ('10139', 'Fabricação de produtos de carne', 3);
INSERT INTO cnae (num_cnae, descricao, id_risco) VALUES ('10201', 'Preservação do pescado e fabricação de produtos do pescado', 3);
INSERT INTO cnae (num_cnae, descricao, id_risco) VALUES ('10317', 'Fabricação de conservas de frutas', 3);
INSERT INTO cnae (num_cnae, descricao, id_risco) VALUES ('10325', 'Fabricação de conservas de legumes e outros vegetais', 3);
INSERT INTO cnae (num_cnae, descricao, id_risco) VALUES ('10333', 'Fabricação de sucos de frutas, hortaliças e legumes', 3);
INSERT INTO cnae (num_cnae, descricao, id_risco) VALUES ('10414', 'Fabricação de óleos vegetais em bruto, exceto óleo de milho', 3);
INSERT INTO cnae (num_cnae, descricao, id_risco) VALUES ('10422', 'Fabricação de óleos vegetais refinados, exceto óleo de milho', 3);
INSERT INTO cnae (num_cnae, descricao, id_risco) VALUES ('10431', 'Fabricação de margarina e outras gorduras vegetais e de óleos não comestíveis de animais', 3);
INSERT INTO cnae (num_cnae, descricao, id_risco) VALUES ('10511', 'Preparação do leite', 3);
INSERT INTO cnae (num_cnae, descricao, id_risco) VALUES ('10520', 'Fabricação de laticínios', 3);
INSERT INTO cnae (num_cnae, descricao, id_risco) VALUES ('10538', 'Fabricação de sorvetes e outros gelados comestíveis', 3);
INSERT INTO cnae (num_cnae, descricao, id_risco) VALUES ('10619', 'Beneficiamento de arroz e fabricação de produtos do arroz', 3);
INSERT INTO cnae (num_cnae, descricao, id_risco) VALUES ('10627', 'Moagem de trigo e fabricação de derivados', 3);
INSERT INTO cnae (num_cnae, descricao, id_risco) VALUES ('10635', 'Fabricação de farinha de mandioca e derivados', 3);
INSERT INTO cnae (num_cnae, descricao, id_risco) VALUES ('10643', 'Fabricação de farinha de milho e derivados, exceto óleos de milho', 3);
INSERT INTO cnae (num_cnae, descricao, id_risco) VALUES ('10651', 'Fabricação de amidos e féculas de vegetais e de óleos de milho', 3);
INSERT INTO cnae (num_cnae, descricao, id_risco) VALUES ('10660', 'Fabricação de alimentos para animais', 3);
INSERT INTO cnae (num_cnae, descricao, id_risco) VALUES ('10716', 'Fabricação de açúcar em bruto', 3);
INSERT INTO cnae (num_cnae, descricao, id_risco) VALUES ('10724', 'Fabricação de açúcar refinado', 3);
INSERT INTO cnae (num_cnae, descricao, id_risco) VALUES ('10813', 'Torrefação e moagem de café', 3);
INSERT INTO cnae (num_cnae, descricao, id_risco) VALUES ('10821', 'Fabricação de produtos à base de café', 3);
INSERT INTO cnae (num_cnae, descricao, id_risco) VALUES ('10911', 'Fabricação de produtos de panificação', 3);
INSERT INTO cnae (num_cnae, descricao, id_risco) VALUES ('10929', 'Fabricação de biscoitos e bolachas', 3);
INSERT INTO cnae (num_cnae, descricao, id_risco) VALUES ('10937', 'Fabricação de produtos derivados do cacau, de chocolates e confeitos', 3);
INSERT INTO cnae (num_cnae, descricao, id_risco) VALUES ('10945', 'Fabricação de massas alimentícias', 3);
INSERT INTO cnae (num_cnae, descricao, id_risco) VALUES ('10953', 'Fabricação de especiarias, molhos, temperos e condimentos', 3);
INSERT INTO cnae (num_cnae, descricao, id_risco) VALUES ('10961', 'Fabricação de alimentos e pratos prontos', 3);
INSERT INTO cnae (num_cnae, descricao, id_risco) VALUES ('10996', 'Fabricação de produtos alimentícios não especificados anteriormente', 3);
INSERT INTO cnae (num_cnae, descricao, id_risco) VALUES ('11119', 'Fabricação de aguardentes e outras bebidas destiladas', 3);
INSERT INTO cnae (num_cnae, descricao, id_risco) VALUES ('11127', 'Fabricação de vinho', 3);
INSERT INTO cnae (num_cnae, descricao, id_risco) VALUES ('11135', 'Fabricação de malte, cervejas e chopes', 3);
INSERT INTO cnae (num_cnae, descricao, id_risco) VALUES ('11216', 'Fabricação de águas envasadas', 3);
INSERT INTO cnae (num_cnae, descricao, id_risco) VALUES ('11224', 'Fabricação de refrigerantes e de outras bebidas não alcoólicas', 3);
INSERT INTO cnae (num_cnae, descricao, id_risco) VALUES ('12107', 'Processamento industrial do fumo', 3);
INSERT INTO cnae (num_cnae, descricao, id_risco) VALUES ('12204', 'Fabricação de produtos do fumo', 3);
INSERT INTO cnae (num_cnae, descricao, id_risco) VALUES ('13111', 'Preparação e fiação de fibras de algodão', 3);
INSERT INTO cnae (num_cnae, descricao, id_risco) VALUES ('13120', 'Preparação e fiação de fibras têxteis naturais, exceto algodão', 3);
INSERT INTO cnae (num_cnae, descricao, id_risco) VALUES ('13138', 'Fiação de fibras artificiais e sintéticas', 3);
INSERT INTO cnae (num_cnae, descricao, id_risco) VALUES ('13146', 'Fabricação de linhas para costurar e bordar', 3);
INSERT INTO cnae (num_cnae, descricao, id_risco) VALUES ('13219', 'Tecelagem de fios de algodão', 3);
INSERT INTO cnae (num_cnae, descricao, id_risco) VALUES ('13227', 'Tecelagem de fios de fibras têxteis naturais, exceto algodão', 3);
INSERT INTO cnae (num_cnae, descricao, id_risco) VALUES ('13235', 'Tecelagem de fios de fibras artificiais e sintéticas', 3);
INSERT INTO cnae (num_cnae, descricao, id_risco) VALUES ('13308', 'Fabricação de tecidos de malha', 3);
INSERT INTO cnae (num_cnae, descricao, id_risco) VALUES ('13405', 'Acabamentos em fios, tecidos e artefatos têxteis', 3);
INSERT INTO cnae (num_cnae, descricao, id_risco) VALUES ('13511', 'Fabricação de artefatos têxteis para uso doméstico', 3);
INSERT INTO cnae (num_cnae, descricao, id_risco) VALUES ('13529', 'Fabricação de artefatos de tapeçaria', 3);
INSERT INTO cnae (num_cnae, descricao, id_risco) VALUES ('13537', 'Fabricação de artefatos de cordoaria', 3);
INSERT INTO cnae (num_cnae, descricao, id_risco) VALUES ('13545', 'Fabricação de tecidos especiais, inclusive artefatos', 3);
INSERT INTO cnae (num_cnae, descricao, id_risco) VALUES ('13596', 'Fabricação de outros produtos têxteis não especificados anteriormente', 3);
INSERT INTO cnae (num_cnae, descricao, id_risco) VALUES ('14118', 'Confecção de roupas íntimas', 2);
INSERT INTO cnae (num_cnae, descricao, id_risco) VALUES ('14126', 'Confecção de peças do vestuário, exceto roupas íntimas', 2);
INSERT INTO cnae (num_cnae, descricao, id_risco) VALUES ('14134', 'Confecção de roupas profissionais', 2);
INSERT INTO cnae (num_cnae, descricao, id_risco) VALUES ('14142', 'Fabricação de acessórios do vestuário, exceto para segurança e proteção', 2);
INSERT INTO cnae (num_cnae, descricao, id_risco) VALUES ('14215', 'Fabricação de meias', 2);
INSERT INTO cnae (num_cnae, descricao, id_risco) VALUES ('14223', 'Fabricação de artigos do vestuário, produzidos em malharias e tricotagens, exceto meias', 2);
INSERT INTO cnae (num_cnae, descricao, id_risco) VALUES ('15106', 'Curtimento e outras preparações de couro', 3);
INSERT INTO cnae (num_cnae, descricao, id_risco) VALUES ('15211', 'Fabricação de artigos para viagem, bolsas e semelhantes de qualquer material', 2);
INSERT INTO cnae (num_cnae, descricao, id_risco) VALUES ('15297', 'Fabricação de artefatos de couro não especificados anteriormente', 2);
INSERT INTO cnae (num_cnae, descricao, id_risco) VALUES ('15319', 'Fabricação de calçados de couro', 3);
INSERT INTO cnae (num_cnae, descricao, id_risco) VALUES ('15327', 'Fabricação de tênis de qualquer material', 3);
INSERT INTO cnae (num_cnae, descricao, id_risco) VALUES ('15335', 'Fabricação de calçados de material sintético', 3);
INSERT INTO cnae (num_cnae, descricao, id_risco) VALUES ('15394', 'Fabricação de calçados de materiais não especificados anteriormente', 3);
INSERT INTO cnae (num_cnae, descricao, id_risco) VALUES ('15408', 'Fabricação de partes para calçados, de qualquer material', 3);
INSERT INTO cnae (num_cnae, descricao, id_risco) VALUES ('16102', 'Desdobramento de madeira', 3);
INSERT INTO cnae (num_cnae, descricao, id_risco) VALUES ('16218', 'Fabricação de madeira laminada e de chapas de madeira compensada, prensada e aglomerada', 3);
INSERT INTO cnae (num_cnae, descricao, id_risco) VALUES ('16226', 'Fabricação de estruturas de madeira e de artigos de carpintaria para construção', 3);
INSERT INTO cnae (num_cnae, descricao, id_risco) VALUES ('16234', 'Fabricação de artefatos de tanoaria e de embalagens de madeira', 3);
INSERT INTO cnae (num_cnae, descricao, id_risco) VALUES ('16293', 'Fabricação de artefatos de madeira, palha, cortiça, vime e material trançado não especificados anteriormente, exceto móveis', 3);
INSERT INTO cnae (num_cnae, descricao, id_risco) VALUES ('17109', 'Fabricação de celulose e outras pastas para a fabricação de papel', 3);
INSERT INTO cnae (num_cnae, descricao, id_risco) VALUES ('17214', 'Fabricação de papel', 3);
INSERT INTO cnae (num_cnae, descricao, id_risco) VALUES ('17222', 'Fabricação de cartolina e papel-cartão', 3);
INSERT INTO cnae (num_cnae, descricao, id_risco) VALUES ('17311', 'Fabricação de embalagens de papel', 2);
INSERT INTO cnae (num_cnae, descricao, id_risco) VALUES ('17320', 'Fabricação de embalagens de cartolina e papel-cartão', 2);
INSERT INTO cnae (num_cnae, descricao, id_risco) VALUES ('17338', 'Fabricação de chapas e de embalagens de papelão ondulado', 2);
INSERT INTO cnae (num_cnae, descricao, id_risco) VALUES ('17419', 'Fabricação de produtos de papel, cartolina, papel-cartão e papelão ondulado para uso comercial e de escritório', 2);
INSERT INTO cnae (num_cnae, descricao, id_risco) VALUES ('17427', 'Fabricação de produtos de papel para usos doméstico e higiênico-sanitário', 2);
INSERT INTO cnae (num_cnae, descricao, id_risco) VALUES ('17494', 'Fabricação de produtos de pastas celulósicas, papel, cartolina, papel-cartão e papelão ondulado não especificados anteriormente', 2);
INSERT INTO cnae (num_cnae, descricao, id_risco) VALUES ('18113', 'Impressão de jornais, livros, revistas e outras publicações periódicas', 3);
INSERT INTO cnae (num_cnae, descricao, id_risco) VALUES ('18121', 'Impressão de material de segurança', 3);
INSERT INTO cnae (num_cnae, descricao, id_risco) VALUES ('18130', 'Impressão de materiais para outros usos', 3);
INSERT INTO cnae (num_cnae, descricao, id_risco) VALUES ('18211', 'Serviços de pré-impressão', 3);
INSERT INTO cnae (num_cnae, descricao, id_risco) VALUES ('18229', 'Serviços de acabamentos gráficos', 3);
INSERT INTO cnae (num_cnae, descricao, id_risco) VALUES ('18300', 'Reprodução de materiais gravados em qualquer suporte', 3);
INSERT INTO cnae (num_cnae, descricao, id_risco) VALUES ('19101', 'Coquerias', 3);
INSERT INTO cnae (num_cnae, descricao, id_risco) VALUES ('19217', 'Fabricação de produtos do refino de petróleo', 3);
INSERT INTO cnae (num_cnae, descricao, id_risco) VALUES ('19225', 'Fabricação de produtos derivados do petróleo, exceto produtos do refino', 3);
INSERT INTO cnae (num_cnae, descricao, id_risco) VALUES ('19314', 'Fabricação de álcool', 3);
INSERT INTO cnae (num_cnae, descricao, id_risco) VALUES ('19322', 'Fabricação de biocombustíveis, exceto álcool', 3);
INSERT INTO cnae (num_cnae, descricao, id_risco) VALUES ('20118', 'Fabricação de cloro e álcalis', 3);
INSERT INTO cnae (num_cnae, descricao, id_risco) VALUES ('20126', 'Fabricação de intermediários para fertilizantes', 3);
INSERT INTO cnae (num_cnae, descricao, id_risco) VALUES ('20134', 'Fabricação de adubos e fertilizantes', 3);
INSERT INTO cnae (num_cnae, descricao, id_risco) VALUES ('20142', 'Fabricação de gases industriais', 3);
INSERT INTO cnae (num_cnae, descricao, id_risco) VALUES ('20193', 'Fabricação de produtos químicos inorgânicos não especificados anteriormente', 3);
INSERT INTO cnae (num_cnae, descricao, id_risco) VALUES ('20215', 'Fabricação de produtos petroquímicos básicos', 3);
INSERT INTO cnae (num_cnae, descricao, id_risco) VALUES ('20223', 'Fabricação de intermediários para plastificantes, resinas e fibras', 3);
INSERT INTO cnae (num_cnae, descricao, id_risco) VALUES ('20291', 'Fabricação de produtos químicos orgânicos não especificados anteriormente', 3);
INSERT INTO cnae (num_cnae, descricao, id_risco) VALUES ('20312', 'Fabricação de resinas termoplásticas', 3);
INSERT INTO cnae (num_cnae, descricao, id_risco) VALUES ('20321', 'Fabricação de resinas termofixas', 3);
INSERT INTO cnae (num_cnae, descricao, id_risco) VALUES ('20339', 'Fabricação de elastômeros', 3);
INSERT INTO cnae (num_cnae, descricao, id_risco) VALUES ('20401', 'Fabricação de fibras artificiais e sintéticas', 3);
INSERT INTO cnae (num_cnae, descricao, id_risco) VALUES ('20517', 'Fabricação de defensivos agrícolas', 3);
INSERT INTO cnae (num_cnae, descricao, id_risco) VALUES ('20525', 'Fabricação de desinfetantes domissanitários', 3);
INSERT INTO cnae (num_cnae, descricao, id_risco) VALUES ('20614', 'Fabricação de sabões e detergentes sintéticos', 3);
INSERT INTO cnae (num_cnae, descricao, id_risco) VALUES ('20622', 'Fabricação de produtos de limpeza e polimento', 3);
INSERT INTO cnae (num_cnae, descricao, id_risco) VALUES ('20631', 'Fabricação de cosméticos, produtos de perfumaria e de higiene pessoal', 2);
INSERT INTO cnae (num_cnae, descricao, id_risco) VALUES ('20711', 'Fabricação de tintas, vernizes, esmaltes e lacas', 3);
INSERT INTO cnae (num_cnae, descricao, id_risco) VALUES ('20720', 'Fabricação de tintas de impressão', 3);
INSERT INTO cnae (num_cnae, descricao, id_risco) VALUES ('20738', 'Fabricação de impermeabilizantes, solventes e produtos afins', 3);
INSERT INTO cnae (num_cnae, descricao, id_risco) VALUES ('20916', 'Fabricação de adesivos e selantes', 3);
INSERT INTO cnae (num_cnae, descricao, id_risco) VALUES ('20924', 'Fabricação de explosivos', 4);
INSERT INTO cnae (num_cnae, descricao, id_risco) VALUES ('20932', 'Fabricação de aditivos de uso industrial', 3);
INSERT INTO cnae (num_cnae, descricao, id_risco) VALUES ('20941', 'Fabricação de catalisadores', 3);
INSERT INTO cnae (num_cnae, descricao, id_risco) VALUES ('20991', 'Fabricação de produtos químicos não especificados anteriormente', 3);
INSERT INTO cnae (num_cnae, descricao, id_risco) VALUES ('21106', 'Fabricação de produtos farmoquímicos', 3);
INSERT INTO cnae (num_cnae, descricao, id_risco) VALUES ('21211', 'Fabricação de medicamentos para uso humano', 3);
INSERT INTO cnae (num_cnae, descricao, id_risco) VALUES ('21220', 'Fabricação de medicamentos para uso veterinário', 3);
INSERT INTO cnae (num_cnae, descricao, id_risco) VALUES ('21238', 'Fabricação de preparações farmacêuticas', 3);
INSERT INTO cnae (num_cnae, descricao, id_risco) VALUES ('22111', 'Fabricação de pneumáticos e de câmaras de ar', 3);
INSERT INTO cnae (num_cnae, descricao, id_risco) VALUES ('22129', 'Reforma de pneumáticos usados', 3);
INSERT INTO cnae (num_cnae, descricao, id_risco) VALUES ('22196', 'Fabricação de artefatos de borracha não especificados anteriormente', 3);
INSERT INTO cnae (num_cnae, descricao, id_risco) VALUES ('22218', 'Fabricação de laminados planos e tubulares de material plástico', 3);
INSERT INTO cnae (num_cnae, descricao, id_risco) VALUES ('22226', 'Fabricação de embalagens de material plástico', 3);
INSERT INTO cnae (num_cnae, descricao, id_risco) VALUES ('22234', 'Fabricação de tubos e acessórios de material plástico para uso na construção', 3);
INSERT INTO cnae (num_cnae, descricao, id_risco) VALUES ('22293', 'Fabricação de artefatos de material plástico não especificados anteriormente', 3);
INSERT INTO cnae (num_cnae, descricao, id_risco) VALUES ('23117', 'Fabricação de vidro plano e de segurança', 3);
INSERT INTO cnae (num_cnae, descricao, id_risco) VALUES ('23125', 'Fabricação de embalagens de vidro', 3);
INSERT INTO cnae (num_cnae, descricao, id_risco) VALUES ('23192', 'Fabricação de artigos de vidro', 3);
INSERT INTO cnae (num_cnae, descricao, id_risco) VALUES ('23206', 'Fabricação de cimento', 4);
INSERT INTO cnae (num_cnae, descricao, id_risco) VALUES ('23303', 'Fabricação de artefatos de concreto, cimento, fibrocimento, gesso e materiais semelhantes', 4);
INSERT INTO cnae (num_cnae, descricao, id_risco) VALUES ('23419', 'Fabricação de produtos cerâmicos refratários', 4);
INSERT INTO cnae (num_cnae, descricao, id_risco) VALUES ('23427', 'Fabricação de produtos cerâmicos não-refratários para uso estrutural na construção', 3);
INSERT INTO cnae (num_cnae, descricao, id_risco) VALUES ('23494', 'Fabricação de produtos cerâmicos não refratários não especificados anteriormente', 4);
INSERT INTO cnae (num_cnae, descricao, id_risco) VALUES ('23915', 'Aparelhamento e outros trabalhos em pedras', 3);
INSERT INTO cnae (num_cnae, descricao, id_risco) VALUES ('23923', 'Fabricação de cal e gesso', 4);
INSERT INTO cnae (num_cnae, descricao, id_risco) VALUES ('23991', 'Fabricação de produtos de minerais não metálicos não especificados anteriormente', 3);
INSERT INTO cnae (num_cnae, descricao, id_risco) VALUES ('24113', 'Produção de ferro-gusa', 4);
INSERT INTO cnae (num_cnae, descricao, id_risco) VALUES ('24121', 'Produção de ferroligas', 4);
INSERT INTO cnae (num_cnae, descricao, id_risco) VALUES ('24211', 'Produção de semi-acabados de aço', 4);
INSERT INTO cnae (num_cnae, descricao, id_risco) VALUES ('24229', 'Produção de laminados planos de aço', 4);
INSERT INTO cnae (num_cnae, descricao, id_risco) VALUES ('24237', 'Produção de laminados longos de aço', 4);
INSERT INTO cnae (num_cnae, descricao, id_risco) VALUES ('24245', 'Produção de relaminados, trefilados e perfilados de aço', 4);
INSERT INTO cnae (num_cnae, descricao, id_risco) VALUES ('24318', 'Produção de tubos de aço com costura', 4);
INSERT INTO cnae (num_cnae, descricao, id_risco) VALUES ('24393', 'Produção de outros tubos de ferro e aço', 4);
INSERT INTO cnae (num_cnae, descricao, id_risco) VALUES ('24415', 'Metalurgia do alumínio e suas ligas', 4);
INSERT INTO cnae (num_cnae, descricao, id_risco) VALUES ('24423', 'Metalurgia dos metais preciosos', 4);
INSERT INTO cnae (num_cnae, descricao, id_risco) VALUES ('24431', 'Metalurgia do cobre', 4);
INSERT INTO cnae (num_cnae, descricao, id_risco) VALUES ('24491', 'Metalurgia dos metais não-ferrosos e suas ligas não especificados anteriormente', 4);
INSERT INTO cnae (num_cnae, descricao, id_risco) VALUES ('24512', 'Fundição de ferro e aço', 4);
INSERT INTO cnae (num_cnae, descricao, id_risco) VALUES ('24521', 'Fundição de metais não-ferrosos e suas ligas', 4);
INSERT INTO cnae (num_cnae, descricao, id_risco) VALUES ('25110', 'Fabricação de estruturas metálicas', 4);
INSERT INTO cnae (num_cnae, descricao, id_risco) VALUES ('25128', 'Fabricação de esquadrias de metal', 3);
INSERT INTO cnae (num_cnae, descricao, id_risco) VALUES ('25136', 'Fabricação de obras de caldeiraria pesada', 3);
INSERT INTO cnae (num_cnae, descricao, id_risco) VALUES ('25217', 'Fabricação de tanques, reservatórios metálicos e caldeiras para aquecimento central', 3);
INSERT INTO cnae (num_cnae, descricao, id_risco) VALUES ('25225', 'Fabricação de caldeiras geradoras de vapor, exceto para aquecimento central e para veículos', 3);
INSERT INTO cnae (num_cnae, descricao, id_risco) VALUES ('25314', 'Produção de forjados de aço e de metais não-ferrosos e suas ligas', 4);
--INSERT INTO cnae (num_cnae, descricao, id_risco) VALUES ('25322', 'Produção de artefatos estampados de metal; metalurgia do pó', 4);
INSERT INTO cnae (num_cnae, descricao, id_risco) VALUES ('25322', 'Producao de artefatos estampados de metal metalurgia do po', 4);
INSERT INTO cnae (num_cnae, descricao, id_risco) VALUES ('25390', 'Serviços de usinagem, solda, tratamento e revestimento em metais', 4);
INSERT INTO cnae (num_cnae, descricao, id_risco) VALUES ('25411', 'Fabricação de artigos de cutelaria', 3);
INSERT INTO cnae (num_cnae, descricao, id_risco) VALUES ('25420', 'Fabricação de artigos de serralheria, exceto esquadrias', 3);
INSERT INTO cnae (num_cnae, descricao, id_risco) VALUES ('25438', 'Fabricação de ferramentas', 3);
INSERT INTO cnae (num_cnae, descricao, id_risco) VALUES ('25501', 'Fabricação de equipamento bélico pesado, armas de fogo e munições', 4);
INSERT INTO cnae (num_cnae, descricao, id_risco) VALUES ('25918', 'Fabricação de embalagens metálicas', 3);
INSERT INTO cnae (num_cnae, descricao, id_risco) VALUES ('25926', 'Fabricação de produtos de trefilados de metal', 4);
INSERT INTO cnae (num_cnae, descricao, id_risco) VALUES ('25934', 'Fabricação de artigos de metal para uso doméstico e pessoal', 3);
INSERT INTO cnae (num_cnae, descricao, id_risco) VALUES ('25993', 'Fabricação de produtos de metal não especificados anteriormente', 3);
INSERT INTO cnae (num_cnae, descricao, id_risco) VALUES ('26108', 'Fabricação de componentes eletrônicos', 3);
INSERT INTO cnae (num_cnae, descricao, id_risco) VALUES ('26213', 'Fabricação de equipamentos de informática', 3);
INSERT INTO cnae (num_cnae, descricao, id_risco) VALUES ('26221', 'Fabricação de periféricos para equipamentos de informática', 3);
INSERT INTO cnae (num_cnae, descricao, id_risco) VALUES ('26311', 'Fabricação de equipamentos transmissores de comunicação', 3);
INSERT INTO cnae (num_cnae, descricao, id_risco) VALUES ('26329', 'Fabricação de aparelhos telefônicos e de outros equipamentos de comunicação', 3);
INSERT INTO cnae (num_cnae, descricao, id_risco) VALUES ('26400', 'Fabricação de aparelhos de recepção, reprodução, gravação e amplificação de áudio e vídeo', 3);
INSERT INTO cnae (num_cnae, descricao, id_risco) VALUES ('26515', 'Fabricação de aparelhos e equipamentos de medida, teste e controle', 3);
INSERT INTO cnae (num_cnae, descricao, id_risco) VALUES ('26523', 'Fabricação de cronômetros e relógios', 3);
INSERT INTO cnae (num_cnae, descricao, id_risco) VALUES ('26604', 'Fabricação de aparelhos eletromédicos e eletroterapêuticos e equipamentos de irradiação', 3);
INSERT INTO cnae (num_cnae, descricao, id_risco) VALUES ('26701', 'Fabricação de equipamentos e instrumentos ópticos, fotográficos e cinematográficos', 3);
INSERT INTO cnae (num_cnae, descricao, id_risco) VALUES ('26809', 'Fabricação de mídias virgens, magnéticas e ópticas', 3);
INSERT INTO cnae (num_cnae, descricao, id_risco) VALUES ('27104', 'Fabricação de geradores, transformadores e motores elétricos', 3);
INSERT INTO cnae (num_cnae, descricao, id_risco) VALUES ('27210', 'Fabricação de pilhas, baterias e acumuladores elétricos, exceto para veículos automotores', 3);
INSERT INTO cnae (num_cnae, descricao, id_risco) VALUES ('27228', 'Fabricação de baterias e acumuladores para veículos automotores', 3);
INSERT INTO cnae (num_cnae, descricao, id_risco) VALUES ('27317', 'Fabricação de aparelhos e equipamentos para distribuição e controle de energia elétrica', 3);
INSERT INTO cnae (num_cnae, descricao, id_risco) VALUES ('27325', 'Fabricação de material elétrico para instalações em circuito de consumo', 3);
INSERT INTO cnae (num_cnae, descricao, id_risco) VALUES ('27333', 'Fabricação de fios, cabos e condutores elétricos isolados', 3);
INSERT INTO cnae (num_cnae, descricao, id_risco) VALUES ('27406', 'Fabricação de lâmpadas e outros equipamentos de iluminação', 3);
INSERT INTO cnae (num_cnae, descricao, id_risco) VALUES ('27511', 'Fabricação de fogões, refrigeradores e máquinas de lavar e secar para uso doméstico', 3);
INSERT INTO cnae (num_cnae, descricao, id_risco) VALUES ('27597', 'Fabricação de aparelhos eletrodomésticos não especificados anteriormente', 3);
INSERT INTO cnae (num_cnae, descricao, id_risco) VALUES ('27902', 'Fabricação de equipamentos e aparelhos elétricos não especificados anteriormente', 3);
INSERT INTO cnae (num_cnae, descricao, id_risco) VALUES ('28119', 'Fabricação de motores e turbinas, exceto para aviões e veículos rodoviários', 3);
INSERT INTO cnae (num_cnae, descricao, id_risco) VALUES ('28127', 'Fabricação de equipamentos hidráulicos e pneumáticos, exceto válvulas', 3);
INSERT INTO cnae (num_cnae, descricao, id_risco) VALUES ('28135', 'Fabricação de válvulas, registros e dispositivos semelhantes', 3);
INSERT INTO cnae (num_cnae, descricao, id_risco) VALUES ('28143', 'Fabricação de compressores', 3);
INSERT INTO cnae (num_cnae, descricao, id_risco) VALUES ('28151', 'Fabricação de equipamentos de transmissão para fins industriais', 3);
INSERT INTO cnae (num_cnae, descricao, id_risco) VALUES ('28216', 'Fabricação de aparelhos e equipamentos para instalações térmicas', 3);
INSERT INTO cnae (num_cnae, descricao, id_risco) VALUES ('28224', 'Fabricação de máquinas, equipamentos e aparelhos para transporte e elevação de cargas e pessoas', 3);
INSERT INTO cnae (num_cnae, descricao, id_risco) VALUES ('28232', 'Fabricação de máquinas e aparelhos de refrigeração e ventilação para uso industrial e comercial', 3);
INSERT INTO cnae (num_cnae, descricao, id_risco) VALUES ('28241', 'Fabricação de aparelhos e equipamentos de ar condicionado', 3);
INSERT INTO cnae (num_cnae, descricao, id_risco) VALUES ('28259', 'Fabricação de máquinas e equipamentos para saneamento básico e ambiental', 3);
INSERT INTO cnae (num_cnae, descricao, id_risco) VALUES ('28291', 'Fabricação de máquinas e equipamentos de uso geral não especificados anteriormente', 3);
INSERT INTO cnae (num_cnae, descricao, id_risco) VALUES ('28313', 'Fabricação de tratores agrícolas', 3);
INSERT INTO cnae (num_cnae, descricao, id_risco) VALUES ('28321', 'Fabricação de equipamentos para irrigação agrícola', 3);
INSERT INTO cnae (num_cnae, descricao, id_risco) VALUES ('28330', 'Fabricação de máquinas e equipamentos para a agricultura e pecuária, exceto para irrigação', 3);
INSERT INTO cnae (num_cnae, descricao, id_risco) VALUES ('28402', 'Fabricação de máquinas-ferramenta', 3);
INSERT INTO cnae (num_cnae, descricao, id_risco) VALUES ('28518', 'Fabricação de máquinas e equipamentos para a prospecção e extração de petróleo', 3);
INSERT INTO cnae (num_cnae, descricao, id_risco) VALUES ('28526', 'Fabricação de outras máquinas e equipamentos para uso na extração mineral, exceto na extração de petróleo', 3);
INSERT INTO cnae (num_cnae, descricao, id_risco) VALUES ('28534', 'Fabricação de tratores, exceto agrícolas', 3);
INSERT INTO cnae (num_cnae, descricao, id_risco) VALUES ('28542', 'Fabricação de máquinas e equipamentos para terraplenagem, pavimentação e construção, exceto tratores', 3);
INSERT INTO cnae (num_cnae, descricao, id_risco) VALUES ('28615', 'Fabricação de máquinas para a indústria metalúrgica, exceto máquinas-ferramenta', 3);
INSERT INTO cnae (num_cnae, descricao, id_risco) VALUES ('28623', 'Fabricação de máquinas e equipamentos para as indústrias de alimentos, bebidas e fumo', 3);
INSERT INTO cnae (num_cnae, descricao, id_risco) VALUES ('28631', 'Fabricação de máquinas e equipamentos para a indústria têxtil', 3);
INSERT INTO cnae (num_cnae, descricao, id_risco) VALUES ('28640', 'Fabricação de máquinas e equipamentos para as indústrias do vestuário, do couro e de calçados', 3);
INSERT INTO cnae (num_cnae, descricao, id_risco) VALUES ('28658', 'Fabricação de máquinas e equipamentos para as indústrias de celulose, papel e papelão e artefatos', 3);
INSERT INTO cnae (num_cnae, descricao, id_risco) VALUES ('28666', 'Fabricação de máquinas e equipamentos para a indústria do plástico', 3);
INSERT INTO cnae (num_cnae, descricao, id_risco) VALUES ('28691', 'Fabricação de máquinas e equipamentos para uso industrial específico não especificados anteriormente', 3);
INSERT INTO cnae (num_cnae, descricao, id_risco) VALUES ('29107', 'Fabricação de automóveis, camionetas e utilitários', 3);
INSERT INTO cnae (num_cnae, descricao, id_risco) VALUES ('29204', 'Fabricação de caminhões e ônibus', 3);
INSERT INTO cnae (num_cnae, descricao, id_risco) VALUES ('29301', 'Fabricação de cabines, carrocerias e reboques para veículos automotores', 3);
INSERT INTO cnae (num_cnae, descricao, id_risco) VALUES ('29417', 'Fabricação de peças e acessórios para o sistema motor de veículos automotores', 3);
INSERT INTO cnae (num_cnae, descricao, id_risco) VALUES ('29425', 'Fabricação de peças e acessórios para os sistemas de marcha e transmissão de veículos automotores', 3);
INSERT INTO cnae (num_cnae, descricao, id_risco) VALUES ('29433', 'Fabricação de peças e acessórios para o sistema de freios de veículos automotores', 3);
INSERT INTO cnae (num_cnae, descricao, id_risco) VALUES ('29441', 'Fabricação de peças e acessórios para o sistema de direção e suspensão de veículos automotores', 3);
INSERT INTO cnae (num_cnae, descricao, id_risco) VALUES ('29450', 'Fabricação de material elétrico e eletrônico para veículos automotores, exceto baterias', 3);
INSERT INTO cnae (num_cnae, descricao, id_risco) VALUES ('29492', 'Fabricação de peças e acessórios para veículos automotores não especificados anteriormente', 3);
INSERT INTO cnae (num_cnae, descricao, id_risco) VALUES ('29506', 'Recondicionamento e recuperação de motores para veículos automotores', 3);
INSERT INTO cnae (num_cnae, descricao, id_risco) VALUES ('30113', 'Construção de embarcações e estruturas flutuantes', 3);
INSERT INTO cnae (num_cnae, descricao, id_risco) VALUES ('30121', 'Construção de embarcações para esporte e lazer', 3);
INSERT INTO cnae (num_cnae, descricao, id_risco) VALUES ('30318', 'Fabricação de locomotivas, vagões e outros materiais rodantes', 3);
INSERT INTO cnae (num_cnae, descricao, id_risco) VALUES ('30326', 'Fabricação de peças e acessórios para veículos ferroviários', 3);
INSERT INTO cnae (num_cnae, descricao, id_risco) VALUES ('30415', 'Fabricação de aeronaves', 3);
INSERT INTO cnae (num_cnae, descricao, id_risco) VALUES ('30423', 'Fabricação de turbinas, motores e outros componentes e peças para aeronaves', 3);
INSERT INTO cnae (num_cnae, descricao, id_risco) VALUES ('30504', 'Fabricação de veículos militares de combate', 3);
INSERT INTO cnae (num_cnae, descricao, id_risco) VALUES ('30911', 'Fabricação de motocicletas', 3);
INSERT INTO cnae (num_cnae, descricao, id_risco) VALUES ('30920', 'Fabricação de bicicletas e triciclos não motorizados', 3);
INSERT INTO cnae (num_cnae, descricao, id_risco) VALUES ('30997', 'Fabricação de equipamentos de transporte não especificados anteriormente', 3);
INSERT INTO cnae (num_cnae, descricao, id_risco) VALUES ('31012', 'Fabricação de móveis com predominância de madeira', 3);
INSERT INTO cnae (num_cnae, descricao, id_risco) VALUES ('31021', 'Fabricação de móveis com predominância de metal', 3);
INSERT INTO cnae (num_cnae, descricao, id_risco) VALUES ('31039', 'Fabricação de móveis de outros materiais, exceto madeira e metal', 3);
INSERT INTO cnae (num_cnae, descricao, id_risco) VALUES ('31047', 'Fabricação de colchões', 2);
INSERT INTO cnae (num_cnae, descricao, id_risco) VALUES ('32116', 'Lapidação de gemas e fabricação de artefatos de ourivesaria e joalheria', 3);
INSERT INTO cnae (num_cnae, descricao, id_risco) VALUES ('32124', 'Fabricação de bijuterias e artefatos semelhantes', 3);
INSERT INTO cnae (num_cnae, descricao, id_risco) VALUES ('32205', 'Fabricação de instrumentos musicais', 3);
INSERT INTO cnae (num_cnae, descricao, id_risco) VALUES ('32302', 'Fabricação de artefatos para pesca e esporte', 3);
INSERT INTO cnae (num_cnae, descricao, id_risco) VALUES ('32400', 'Fabricação de brinquedos e jogos recreativos', 3);
INSERT INTO cnae (num_cnae, descricao, id_risco) VALUES ('32507', 'Fabricação de instrumentos e materiais para uso médico e odontológico e de artigos ópticos', 3);
INSERT INTO cnae (num_cnae, descricao, id_risco) VALUES ('32914', 'Fabricação de escovas, pincéis e vassouras', 3);
INSERT INTO cnae (num_cnae, descricao, id_risco) VALUES ('32922', 'Fabricação de equipamentos e acessórios para segurança e proteção pessoal e profissional', 3);
INSERT INTO cnae (num_cnae, descricao, id_risco) VALUES ('32990', 'Fabricação de produtos diversos não especificados anteriormente', 3);
INSERT INTO cnae (num_cnae, descricao, id_risco) VALUES ('33112', 'Manutenção e reparação de tanques, reservatórios metálicos e caldeiras, exceto para veículos', 3);
INSERT INTO cnae (num_cnae, descricao, id_risco) VALUES ('33121', 'Manutenção e reparação de equipamentos eletrônicos e ópticos', 3);
INSERT INTO cnae (num_cnae, descricao, id_risco) VALUES ('33139', 'Manutenção e reparação de máquinas e equipamentos elétricos', 3);
INSERT INTO cnae (num_cnae, descricao, id_risco) VALUES ('33147', 'Manutenção e reparação de máquinas e equipamentos da indústria mecânica', 3);
INSERT INTO cnae (num_cnae, descricao, id_risco) VALUES ('33155', 'Manutenção e reparação de veículos ferroviários', 3);
INSERT INTO cnae (num_cnae, descricao, id_risco) VALUES ('33163', 'Manutenção e reparação de aeronaves', 3);
INSERT INTO cnae (num_cnae, descricao, id_risco) VALUES ('33171', 'Manutenção e reparação de embarcações', 3);
INSERT INTO cnae (num_cnae, descricao, id_risco) VALUES ('33198', 'Manutenção e reparação de equipamentos e produtos não especificados anteriormente', 3);
INSERT INTO cnae (num_cnae, descricao, id_risco) VALUES ('33210', 'Instalação de máquinas e equipamentos industriais', 3);
INSERT INTO cnae (num_cnae, descricao, id_risco) VALUES ('33295', 'Instalação de equipamentos não especificados anteriormente', 3);
INSERT INTO cnae (num_cnae, descricao, id_risco) VALUES ('35115', 'Geração de energia elétrica', 3);
INSERT INTO cnae (num_cnae, descricao, id_risco) VALUES ('35123', 'Transmissão de energia elétrica', 3);
INSERT INTO cnae (num_cnae, descricao, id_risco) VALUES ('35131', 'Comércio atacadista de energia elétrica', 3);
INSERT INTO cnae (num_cnae, descricao, id_risco) VALUES ('35140', 'Distribuição de energia elétrica', 3);
INSERT INTO cnae (num_cnae, descricao, id_risco) VALUES ('35204', 'Produção de gás; processamento de gás natural; distribuição de combustíveis gasosos por redes urbanas', 3);
INSERT INTO cnae (num_cnae, descricao, id_risco) VALUES ('35301', 'Produção e distribuição de vapor, água quente e ar condicionado', 3);
INSERT INTO cnae (num_cnae, descricao, id_risco) VALUES ('36006', 'Captação, tratamento e distribuição de água', 3);
INSERT INTO cnae (num_cnae, descricao, id_risco) VALUES ('37011', 'Gestão de redes de esgoto', 3);
INSERT INTO cnae (num_cnae, descricao, id_risco) VALUES ('37029', 'Atividades relacionadas a esgoto, exceto a gestão de redes', 3);
INSERT INTO cnae (num_cnae, descricao, id_risco) VALUES ('38114', 'Coleta de resíduos não perigosos', 3);
INSERT INTO cnae (num_cnae, descricao, id_risco) VALUES ('38122', 'Coleta de resíduos perigosos', 3);
INSERT INTO cnae (num_cnae, descricao, id_risco) VALUES ('38211', 'Tratamento e disposição de resíduos não perigosos', 3);
INSERT INTO cnae (num_cnae, descricao, id_risco) VALUES ('38220', 'Tratamento e disposição de resíduos perigosos', 3);
INSERT INTO cnae (num_cnae, descricao, id_risco) VALUES ('38319', 'Recuperação de materiais metálicos', 3);
INSERT INTO cnae (num_cnae, descricao, id_risco) VALUES ('38327', 'Recuperação de materiais plásticos', 3);
INSERT INTO cnae (num_cnae, descricao, id_risco) VALUES ('38394', 'Recuperação de materiais não especificados anteriormente', 3);
INSERT INTO cnae (num_cnae, descricao, id_risco) VALUES ('39005', 'Descontaminação e outros serviços de gestão de resíduos', 3);
INSERT INTO cnae (num_cnae, descricao, id_risco) VALUES ('41107', 'Incorporação de empreendimentos imobiliários', 1);
INSERT INTO cnae (num_cnae, descricao, id_risco) VALUES ('41204', 'Construção de edifícios', 3);
INSERT INTO cnae (num_cnae, descricao, id_risco) VALUES ('42111', 'Construção de rodovias e ferrovias', 4);
INSERT INTO cnae (num_cnae, descricao, id_risco) VALUES ('42120', 'Construção de obras-de-arte especiais', 4);
INSERT INTO cnae (num_cnae, descricao, id_risco) VALUES ('42138', 'Obras de urbanização - ruas, praças e calçadas', 3);
INSERT INTO cnae (num_cnae, descricao, id_risco) VALUES ('42219', 'Obras para geração e distribuição de energia elétrica e para telecomunicações', 4);
INSERT INTO cnae (num_cnae, descricao, id_risco) VALUES ('42227', 'Construção de redes de abastecimento de água, coleta de esgoto e construções correlatas', 4);
INSERT INTO cnae (num_cnae, descricao, id_risco) VALUES ('42235', 'Construção de redes de transportes por dutos, exceto para água e esgoto', 4);
INSERT INTO cnae (num_cnae, descricao, id_risco) VALUES ('42910', 'Obras portuárias, marítimas e fluviais', 4);
INSERT INTO cnae (num_cnae, descricao, id_risco) VALUES ('42928', 'Montagem de instalações industriais e de estruturas metálicas', 4);
INSERT INTO cnae (num_cnae, descricao, id_risco) VALUES ('42995', 'Obras de engenharia civil não especificadas anteriormente', 3);
INSERT INTO cnae (num_cnae, descricao, id_risco) VALUES ('43118', 'Demolição e preparação de canteiros de obras', 4);
INSERT INTO cnae (num_cnae, descricao, id_risco) VALUES ('43126', 'Perfurações e sondagens', 4);
INSERT INTO cnae (num_cnae, descricao, id_risco) VALUES ('43134', 'Obras de terraplenagem', 3);
INSERT INTO cnae (num_cnae, descricao, id_risco) VALUES ('43193', 'Serviços de preparação do terreno não especificados anteriormente', 3);
INSERT INTO cnae (num_cnae, descricao, id_risco) VALUES ('43215', 'Instalações elétricas', 3);
INSERT INTO cnae (num_cnae, descricao, id_risco) VALUES ('43223', 'Instalações hidráulicas, de sistemas de ventilação e refrigeração', 3);
INSERT INTO cnae (num_cnae, descricao, id_risco) VALUES ('43291', 'Obras de instalações em construções não especificadas anteriormente', 3);
INSERT INTO cnae (num_cnae, descricao, id_risco) VALUES ('43304', 'Obras de acabamento', 3);
INSERT INTO cnae (num_cnae, descricao, id_risco) VALUES ('43916', 'Obras de fundações', 4);
INSERT INTO cnae (num_cnae, descricao, id_risco) VALUES ('43991', 'Serviços especializados para construção não especificados anteriormente', 3);
INSERT INTO cnae (num_cnae, descricao, id_risco) VALUES ('45111', 'Comércio a varejo e por atacado de veículos automotores', 2);
INSERT INTO cnae (num_cnae, descricao, id_risco) VALUES ('45129', 'Representantes comerciais e agentes do comércio de veículos automotores', 2);
INSERT INTO cnae (num_cnae, descricao, id_risco) VALUES ('45200', 'Manutenção e reparação de veículos automotores', 3);
INSERT INTO cnae (num_cnae, descricao, id_risco) VALUES ('45307', 'Comércio de peças e acessórios para veículos automotores', 2);
INSERT INTO cnae (num_cnae, descricao, id_risco) VALUES ('45412', 'Comércio por atacado e a varejo de motocicletas, peças e acessórios', 2);
INSERT INTO cnae (num_cnae, descricao, id_risco) VALUES ('45421', 'Representantes comerciais e agentes do comércio de motocicletas, peças e acessórios', 2);
INSERT INTO cnae (num_cnae, descricao, id_risco) VALUES ('45439', 'Manutenção e reparação de motocicletas', 3);
INSERT INTO cnae (num_cnae, descricao, id_risco) VALUES ('46117', 'Representantes comerciais e agentes do comércio de matérias-primas agrícolas e animais vivos', 2);
INSERT INTO cnae (num_cnae, descricao, id_risco) VALUES ('46125', 'Representantes comerciais e agentes do comércio de combustíveis, minerais, produtos siderúrgicos e químicos', 2);
INSERT INTO cnae (num_cnae, descricao, id_risco) VALUES ('46133', 'Representantes comerciais e agentes do comércio de madeira, material de construção e ferragens', 2);
INSERT INTO cnae (num_cnae, descricao, id_risco) VALUES ('46141', 'Representantes comerciais e agentes do comércio de máquinas, equipamentos, embarcações e aeronaves', 2);
INSERT INTO cnae (num_cnae, descricao, id_risco) VALUES ('46150', 'Representantes comerciais e agentes do comércio de eletrodomésticos, móveis e artigos de uso doméstico', 2);
INSERT INTO cnae (num_cnae, descricao, id_risco) VALUES ('46168', 'Representantes comerciais e agentes do comércio de têxteis, vestuário, calçados e artigos de viagem', 2);
INSERT INTO cnae (num_cnae, descricao, id_risco) VALUES ('46176', 'Representantes comerciais e agentes do comércio de produtos alimentícios, bebidas e fumo', 2);
INSERT INTO cnae (num_cnae, descricao, id_risco) VALUES ('46184', 'Representantes comerciais e agentes do comércio especializado em produtos não especificados anteriormente', 2);
INSERT INTO cnae (num_cnae, descricao, id_risco) VALUES ('46192', 'Representantes comerciais e agentes do comércio de mercadorias em geral não especializado', 2);
INSERT INTO cnae (num_cnae, descricao, id_risco) VALUES ('46214', 'Comércio atacadista de café em grão', 2);
INSERT INTO cnae (num_cnae, descricao, id_risco) VALUES ('46222', 'Comércio atacadista de soja', 2);
INSERT INTO cnae (num_cnae, descricao, id_risco) VALUES ('46231', 'Comércio atacadista de animais vivos, alimentos para animais e matérias-primas agrícolas, exceto café e soja', 2);
INSERT INTO cnae (num_cnae, descricao, id_risco) VALUES ('46311', 'Comércio atacadista de leite e laticínios', 2);
INSERT INTO cnae (num_cnae, descricao, id_risco) VALUES ('46320', 'Comércio atacadista de cereais e leguminosas beneficiados, farinhas, amidos e féculas', 2);
INSERT INTO cnae (num_cnae, descricao, id_risco) VALUES ('46338', 'Comércio atacadista de hortifrutigranjeiros', 2);
INSERT INTO cnae (num_cnae, descricao, id_risco) VALUES ('46346', 'Comércio atacadista de carnes, produtos da carne e pescado', 2);
INSERT INTO cnae (num_cnae, descricao, id_risco) VALUES ('46354', 'Comércio atacadista de bebidas', 2);
INSERT INTO cnae (num_cnae, descricao, id_risco) VALUES ('46362', 'Comércio atacadista de produtos do fumo', 2);
INSERT INTO cnae (num_cnae, descricao, id_risco) VALUES ('46371', 'Comércio atacadista especializado em produtos alimentícios não especificados anteriormente', 2);
INSERT INTO cnae (num_cnae, descricao, id_risco) VALUES ('46397', 'Comércio atacadista de produtos alimentícios em geral', 2);
INSERT INTO cnae (num_cnae, descricao, id_risco) VALUES ('46419', 'Comércio atacadista de tecidos, artefatos de tecidos e de armarinho', 2);
INSERT INTO cnae (num_cnae, descricao, id_risco) VALUES ('46427', 'Comércio atacadista de artigos do vestuário e acessórios', 2);
INSERT INTO cnae (num_cnae, descricao, id_risco) VALUES ('46435', 'Comércio atacadista de calçados e artigos de viagem', 2);
INSERT INTO cnae (num_cnae, descricao, id_risco) VALUES ('46443', 'Comércio atacadista de produtos farmacêuticos para uso humano e veterinário', 2);
INSERT INTO cnae (num_cnae, descricao, id_risco) VALUES ('46451', 'Comércio atacadista de instrumentos e materiais para uso médico, cirúrgico, ortopédico e odontológico', 2);
INSERT INTO cnae (num_cnae, descricao, id_risco) VALUES ('46460', 'Comércio atacadista de cosméticos, produtos de perfumaria e de higiene pessoal', 2);
INSERT INTO cnae (num_cnae, descricao, id_risco) VALUES ('46478', 'Comércio atacadista de artigos de escritório e de papelaria; livros, jornais e outras publicações', 2);
INSERT INTO cnae (num_cnae, descricao, id_risco) VALUES ('46494', 'Comércio atacadista de equipamentos e artigos de uso pessoal e doméstico não especificados anteriormente', 2);
INSERT INTO cnae (num_cnae, descricao, id_risco) VALUES ('46516', 'Comércio atacadista de computadores, periféricos e suprimentos de informática', 3);
INSERT INTO cnae (num_cnae, descricao, id_risco) VALUES ('46524', 'Comércio atacadista de componentes eletrônicos e equipamentos de telefonia e comunicação', 3);
INSERT INTO cnae (num_cnae, descricao, id_risco) VALUES ('46613', 'Comércio atacadista de máquinas, aparelhos e equipamentos para uso agropecuário; partes e peças', 3);
INSERT INTO cnae (num_cnae, descricao, id_risco) VALUES ('46621', 'Comércio atacadista de máquinas, equipamentos para terraplenagem, mineração e construção; partes e peças', 3);
INSERT INTO cnae (num_cnae, descricao, id_risco) VALUES ('46630', 'Comércio atacadista de máquinas e equipamentos para uso industrial; partes e peças', 3);
INSERT INTO cnae (num_cnae, descricao, id_risco) VALUES ('46648', 'Comércio atacadista de máquinas, aparelhos e equipamentos para uso odonto-médico-hospitalar; partes e peças', 3);
INSERT INTO cnae (num_cnae, descricao, id_risco) VALUES ('46656', 'Comércio atacadista de máquinas e equipamentos para uso comercial; partes e peças', 3);
INSERT INTO cnae (num_cnae, descricao, id_risco) VALUES ('46699', 'Comércio atacadista de máquinas, aparelhos e equipamentos não especificados anteriormente; partes e peças', 3);
INSERT INTO cnae (num_cnae, descricao, id_risco) VALUES ('46711', 'Comércio atacadista de madeira e produtos derivados', 3);
INSERT INTO cnae (num_cnae, descricao, id_risco) VALUES ('46729', 'Comércio atacadista de ferragens e ferramentas', 3);
INSERT INTO cnae (num_cnae, descricao, id_risco) VALUES ('46737', 'Comércio atacadista de material elétrico', 3);
INSERT INTO cnae (num_cnae, descricao, id_risco) VALUES ('46745', 'Comércio atacadista de cimento', 3);
INSERT INTO cnae (num_cnae, descricao, id_risco) VALUES ('46796', 'Comércio atacadista especializado de materiais de construção não especificados anteriormente e de materiais de construção em geral', 3);
INSERT INTO cnae (num_cnae, descricao, id_risco) VALUES ('46818', 'Comércio atacadista de combustíveis sólidos, líquidos e gasosos, exceto gás natural e GLP', 3);
INSERT INTO cnae (num_cnae, descricao, id_risco) VALUES ('46826', 'Comércio atacadista de gás liquefeito de petróleo (GLP)', 3);
INSERT INTO cnae (num_cnae, descricao, id_risco) VALUES ('46834', 'Comércio atacadista de defensivos agrícolas, adubos, fertilizantes e corretivos do solo', 3);
INSERT INTO cnae (num_cnae, descricao, id_risco) VALUES ('46842', 'Comércio atacadista de produtos químicos e petroquímicos, exceto agroquímicos', 3);
INSERT INTO cnae (num_cnae, descricao, id_risco) VALUES ('46851', 'Comércio atacadista de produtos siderúrgicos e metalúrgicos, exceto para construção', 3);
INSERT INTO cnae (num_cnae, descricao, id_risco) VALUES ('46869', 'Comércio atacadista de papel e papelão em bruto e de embalagens', 3);
INSERT INTO cnae (num_cnae, descricao, id_risco) VALUES ('46877', 'Comércio atacadista de resíduos e sucatas', 3);
INSERT INTO cnae (num_cnae, descricao, id_risco) VALUES ('46893', 'Comércio atacadista especializado de outros produtos intermediários não especificados anteriormente', 3);
INSERT INTO cnae (num_cnae, descricao, id_risco) VALUES ('46915', 'Comércio atacadista de mercadorias em geral, com predominância de produtos alimentícios', 2);
INSERT INTO cnae (num_cnae, descricao, id_risco) VALUES ('46923', 'Comércio atacadista de mercadorias em geral, com predominância de insumos agropecuários', 2);
INSERT INTO cnae (num_cnae, descricao, id_risco) VALUES ('46931', 'Comércio atacadista de mercadorias em geral, sem predominância de alimentos ou de insumos agropecuários', 2);
INSERT INTO cnae (num_cnae, descricao, id_risco) VALUES ('47113', 'Comércio varejista de mercadorias em geral, com predominância de produtos alimentícios - hipermercados e supermercados', 2);
INSERT INTO cnae (num_cnae, descricao, id_risco) VALUES ('47121', 'Comércio varejista de mercadorias em geral, com predominância de produtos alimentícios - minimercados, mercearias e armazéns', 2);
INSERT INTO cnae (num_cnae, descricao, id_risco) VALUES ('47130', 'Comércio varejista de mercadorias em geral, sem predominância de produtos alimentícios', 2);
INSERT INTO cnae (num_cnae, descricao, id_risco) VALUES ('47211', 'Comércio varejista de produtos de padaria, laticínio, doces, balas e semelhantes', 2);
INSERT INTO cnae (num_cnae, descricao, id_risco) VALUES ('47229', 'Comércio varejista de carnes e pescados - açougues e peixarias', 3);
INSERT INTO cnae (num_cnae, descricao, id_risco) VALUES ('47237', 'Comércio varejista de bebidas', 2);
INSERT INTO cnae (num_cnae, descricao, id_risco) VALUES ('47245', 'Comércio varejista de hortifrutigranjeiros', 2);
INSERT INTO cnae (num_cnae, descricao, id_risco) VALUES ('47296', 'Comércio varejista de produtos alimentícios em geral ou especializado em produtos alimentícios não especificados anteriormente; produtos do fumo', 2);
INSERT INTO cnae (num_cnae, descricao, id_risco) VALUES ('47318', 'Comércio varejista de combustíveis para veículos automotores', 3);
INSERT INTO cnae (num_cnae, descricao, id_risco) VALUES ('47326', 'Comércio varejista de lubrificantes', 3);
INSERT INTO cnae (num_cnae, descricao, id_risco) VALUES ('47415', 'Comércio varejista de tintas e materiais para pintura', 2);
INSERT INTO cnae (num_cnae, descricao, id_risco) VALUES ('47423', 'Comércio varejista de material elétrico', 1);
INSERT INTO cnae (num_cnae, descricao, id_risco) VALUES ('47431', 'Comércio varejista de vidros', 2);
INSERT INTO cnae (num_cnae, descricao, id_risco) VALUES ('47440', 'Comércio varejista de ferragens, madeira e materiais de construção', 2);
INSERT INTO cnae (num_cnae, descricao, id_risco) VALUES ('47512', 'Comércio varejista especializado de equipamentos e suprimentos de informática', 1);
INSERT INTO cnae (num_cnae, descricao, id_risco) VALUES ('47521', 'Comércio varejista especializado de equipamentos de telefonia e comunicação', 1);
INSERT INTO cnae (num_cnae, descricao, id_risco) VALUES ('47539', 'Comércio varejista especializado de eletrodomésticos e equipamentos de áudio e vídeo', 1);
INSERT INTO cnae (num_cnae, descricao, id_risco) VALUES ('47547', 'Comércio varejista especializado de móveis, colchoaria e artigos de iluminação', 1);
INSERT INTO cnae (num_cnae, descricao, id_risco) VALUES ('47555', 'Comércio varejista especializado de tecidos e artigos de cama, mesa e banho', 1);
INSERT INTO cnae (num_cnae, descricao, id_risco) VALUES ('47563', 'Comércio varejista especializado de instrumentos musicais e acessórios', 1);
INSERT INTO cnae (num_cnae, descricao, id_risco) VALUES ('47571', 'Comércio varejista especializado de peças e acessórios para aparelhos eletroeletrônicos para uso doméstico, exceto informática e comunicação', 1);
INSERT INTO cnae (num_cnae, descricao, id_risco) VALUES ('47598', 'Comércio varejista de artigos de uso doméstico não especificados anteriormente', 1);
INSERT INTO cnae (num_cnae, descricao, id_risco) VALUES ('47610', 'Comércio varejista de livros, jornais, revistas e papelaria', 1);
INSERT INTO cnae (num_cnae, descricao, id_risco) VALUES ('47628', 'Comércio varejista de discos, CDs, DVDs e fitas', 1);
INSERT INTO cnae (num_cnae, descricao, id_risco) VALUES ('47636', 'Comércio varejista de artigos recreativos e esportivos', 1);
INSERT INTO cnae (num_cnae, descricao, id_risco) VALUES ('47717', 'Comércio varejista de produtos farmacêuticos para uso humano e veterinário', 2);
INSERT INTO cnae (num_cnae, descricao, id_risco) VALUES ('47725', 'Comércio varejista de cosméticos, produtos de perfumaria e de higiene pessoal', 1);
INSERT INTO cnae (num_cnae, descricao, id_risco) VALUES ('47733', 'Comércio varejista de artigos médicos e ortopédicos', 1);
INSERT INTO cnae (num_cnae, descricao, id_risco) VALUES ('47741', 'Comércio varejista de artigos de óptica', 1);
INSERT INTO cnae (num_cnae, descricao, id_risco) VALUES ('47814', 'Comércio varejista de artigos do vestuário e acessórios', 1);
INSERT INTO cnae (num_cnae, descricao, id_risco) VALUES ('47822', 'Comércio varejista de calçados e artigos de viagem', 1);
INSERT INTO cnae (num_cnae, descricao, id_risco) VALUES ('47831', 'Comércio varejista de joias e relógios', 1);
INSERT INTO cnae (num_cnae, descricao, id_risco) VALUES ('47849', 'Comércio varejista de gás liquefeito de petróleo (GLP)', 3);
INSERT INTO cnae (num_cnae, descricao, id_risco) VALUES ('47857', 'Comércio varejista de artigos usados', 2);
INSERT INTO cnae (num_cnae, descricao, id_risco) VALUES ('47890', 'Comércio varejista de outros produtos novos não especificados anteriormente', 1);
INSERT INTO cnae (num_cnae, descricao, id_risco) VALUES ('47903', 'Comércio ambulante e outros tipos de comércio varejista', 2);
INSERT INTO cnae (num_cnae, descricao, id_risco) VALUES ('49116', 'Transporte ferroviário de carga', 3);
INSERT INTO cnae (num_cnae, descricao, id_risco) VALUES ('49124', 'Transporte metro ferroviário de passageiros', 3);
INSERT INTO cnae (num_cnae, descricao, id_risco) VALUES ('49213', 'Transporte rodoviário coletivo de passageiros, com itinerário fixo, municipal e em região metropolitana', 3);
INSERT INTO cnae (num_cnae, descricao, id_risco) VALUES ('49221', 'Transporte rodoviário coletivo de passageiros, com itinerário fixo, intermunicipal, interestadual e internacional', 3);
INSERT INTO cnae (num_cnae, descricao, id_risco) VALUES ('49230', 'Transporte rodoviário de táxi', 3);
INSERT INTO cnae (num_cnae, descricao, id_risco) VALUES ('49248', 'Transporte escolar', 3);
INSERT INTO cnae (num_cnae, descricao, id_risco) VALUES ('49299', 'Transporte rodoviário coletivo de passageiros, sob regime de fretamento, e outros transportes rodoviários não especificados anteriormente', 3);
INSERT INTO cnae (num_cnae, descricao, id_risco) VALUES ('49302', 'Transporte rodoviário de carga', 3);
INSERT INTO cnae (num_cnae, descricao, id_risco) VALUES ('49400', 'Transporte dutoviário', 3);
INSERT INTO cnae (num_cnae, descricao, id_risco) VALUES ('49507', 'Trens turísticos, teleféricos e similares', 3);
INSERT INTO cnae (num_cnae, descricao, id_risco) VALUES ('50114', 'Transporte marítimo de cabotagem', 3);
INSERT INTO cnae (num_cnae, descricao, id_risco) VALUES ('50122', 'Transporte marítimo de longo curso', 3);
INSERT INTO cnae (num_cnae, descricao, id_risco) VALUES ('50211', 'Transporte por navegação interior de carga', 3);
INSERT INTO cnae (num_cnae, descricao, id_risco) VALUES ('50220', 'Transporte por navegação interior de passageiros em linhas regulares', 3);
INSERT INTO cnae (num_cnae, descricao, id_risco) VALUES ('50301', 'Navegação de apoio', 3);
INSERT INTO cnae (num_cnae, descricao, id_risco) VALUES ('50912', 'Transporte por navegação de travessia', 3);
INSERT INTO cnae (num_cnae, descricao, id_risco) VALUES ('50998', 'Transportes aquaviários não especificados anteriormente', 3);
INSERT INTO cnae (num_cnae, descricao, id_risco) VALUES ('51111', 'Transporte aéreo de passageiros regular', 3);
INSERT INTO cnae (num_cnae, descricao, id_risco) VALUES ('51129', 'Transporte aéreo de passageiros não regular', 3);
INSERT INTO cnae (num_cnae, descricao, id_risco) VALUES ('51200', 'Transporte aéreo de carga', 3);
INSERT INTO cnae (num_cnae, descricao, id_risco) VALUES ('51307', 'Transporte espacial', 3);
INSERT INTO cnae (num_cnae, descricao, id_risco) VALUES ('52117', 'Armazenamento', 3);
INSERT INTO cnae (num_cnae, descricao, id_risco) VALUES ('52125', 'Carga e descarga', 3);
INSERT INTO cnae (num_cnae, descricao, id_risco) VALUES ('52214', 'Concessionárias de rodovias, pontes, túneis e serviços relacionados', 3);
INSERT INTO cnae (num_cnae, descricao, id_risco) VALUES ('52222', 'Terminais rodoviários e ferroviários', 3);
INSERT INTO cnae (num_cnae, descricao, id_risco) VALUES ('52231', 'Estacionamento de veículos', 3);
INSERT INTO cnae (num_cnae, descricao, id_risco) VALUES ('52290', 'Atividades auxiliares dos transportes terrestres não especificadas anteriormente', 3);
INSERT INTO cnae (num_cnae, descricao, id_risco) VALUES ('52311', 'Gestão de portos e terminais', 3);
INSERT INTO cnae (num_cnae, descricao, id_risco) VALUES ('52320', 'Atividades de agenciamento marítimo', 3);
INSERT INTO cnae (num_cnae, descricao, id_risco) VALUES ('52397', 'Atividades auxiliares dos transportes aquaviários não especificadas anteriormente', 3);
INSERT INTO cnae (num_cnae, descricao, id_risco) VALUES ('52401', 'Atividades auxiliares dos transportes aéreos', 3);
INSERT INTO cnae (num_cnae, descricao, id_risco) VALUES ('52508', 'Atividades relacionadas à organização do transporte de carga', 3);
INSERT INTO cnae (num_cnae, descricao, id_risco) VALUES ('53105', 'Atividades de Correio', 2);
INSERT INTO cnae (num_cnae, descricao, id_risco) VALUES ('53202', 'Atividades de malote e de entrega', 2);
INSERT INTO cnae (num_cnae, descricao, id_risco) VALUES ('55108', 'Hotéis e similares', 2);
INSERT INTO cnae (num_cnae, descricao, id_risco) VALUES ('55906', 'Outros tipos de alojamento não especificados anteriormente', 2);
INSERT INTO cnae (num_cnae, descricao, id_risco) VALUES ('56112', 'Restaurantes e outros estabelecimentos de serviços de alimentação e bebidas', 2);
INSERT INTO cnae (num_cnae, descricao, id_risco) VALUES ('56121', 'Serviços ambulantes de alimentação', 2);
INSERT INTO cnae (num_cnae, descricao, id_risco) VALUES ('56201', 'Serviços de catering, bufê e outros serviços de comida preparada', 2);
INSERT INTO cnae (num_cnae, descricao, id_risco) VALUES ('58115', 'Edição de livros', 3);
INSERT INTO cnae (num_cnae, descricao, id_risco) VALUES ('58123', 'Edição de jornais', 3);
INSERT INTO cnae (num_cnae, descricao, id_risco) VALUES ('58131', 'Edição de revistas', 3);
INSERT INTO cnae (num_cnae, descricao, id_risco) VALUES ('58191', 'Edição de cadastros, listas e outros produtos gráficos', 3);
INSERT INTO cnae (num_cnae, descricao, id_risco) VALUES ('58212', 'Edição integrada à impressão de livros', 3);
INSERT INTO cnae (num_cnae, descricao, id_risco) VALUES ('58221', 'Edição integrada à impressão de jornais', 3);
INSERT INTO cnae (num_cnae, descricao, id_risco) VALUES ('58239', 'Edição integrada à impressão de revistas', 3);
INSERT INTO cnae (num_cnae, descricao, id_risco) VALUES ('58298', 'Edição integrada à impressão de cadastros, listas e outros produtos gráficos', 3);
INSERT INTO cnae (num_cnae, descricao, id_risco) VALUES ('59111', 'Atividades de produção cinematográfica, de vídeos e de programas de televisão', 2);
INSERT INTO cnae (num_cnae, descricao, id_risco) VALUES ('59120', 'Atividades de pós-produção cinematográfica, de vídeos e de programas de televisão', 2);
INSERT INTO cnae (num_cnae, descricao, id_risco) VALUES ('59138', 'Distribuição cinematográfica, de vídeo e de programas de televisão', 2);
INSERT INTO cnae (num_cnae, descricao, id_risco) VALUES ('59146', 'Atividades de exibição cinematográfica', 2);
INSERT INTO cnae (num_cnae, descricao, id_risco) VALUES ('59201', 'Atividades de gravação de som e de edição de música', 2);
INSERT INTO cnae (num_cnae, descricao, id_risco) VALUES ('60101', 'Atividades de rádio', 2);
INSERT INTO cnae (num_cnae, descricao, id_risco) VALUES ('60217', 'Atividades de televisão aberta', 2);
INSERT INTO cnae (num_cnae, descricao, id_risco) VALUES ('60225', 'Programadoras e atividades relacionadas à televisão por assinatura', 2);
INSERT INTO cnae (num_cnae, descricao, id_risco) VALUES ('61108', 'Telecomunicações por fio', 2);
INSERT INTO cnae (num_cnae, descricao, id_risco) VALUES ('61205', 'Telecomunicações sem fio', 2);
INSERT INTO cnae (num_cnae, descricao, id_risco) VALUES ('61302', 'Telecomunicações por satélite', 2);
INSERT INTO cnae (num_cnae, descricao, id_risco) VALUES ('61418', 'Operadoras de televisão por assinatura por cabo', 2);
INSERT INTO cnae (num_cnae, descricao, id_risco) VALUES ('61426', 'Operadoras de televisão por assinatura por microondas', 2);
INSERT INTO cnae (num_cnae, descricao, id_risco) VALUES ('61434', 'Operadoras de televisão por assinatura por satélite', 2);
INSERT INTO cnae (num_cnae, descricao, id_risco) VALUES ('61906', 'Outras atividades de telecomunicações', 2);
INSERT INTO cnae (num_cnae, descricao, id_risco) VALUES ('62015', 'Desenvolvimento de programas de computador sob encomenda', 2);
INSERT INTO cnae (num_cnae, descricao, id_risco) VALUES ('62023', 'Desenvolvimento e licenciamento de programas de computador customizáveis', 2);
INSERT INTO cnae (num_cnae, descricao, id_risco) VALUES ('62031', 'Desenvolvimento e licenciamento de programas de computador não-customizáveis', 2);
INSERT INTO cnae (num_cnae, descricao, id_risco) VALUES ('62040', 'Consultoria em tecnologia da informação', 2);
INSERT INTO cnae (num_cnae, descricao, id_risco) VALUES ('62091', 'Suporte técnico, manutenção e outros serviços em tecnologia da informação', 2);
INSERT INTO cnae (num_cnae, descricao, id_risco) VALUES ('63119', 'Tratamento de dados, provedores de serviços de aplicação e serviços de hospedagem na internet', 2);
INSERT INTO cnae (num_cnae, descricao, id_risco) VALUES ('63194', 'Portais, provedores de conteúdo e outros serviços de informação na internet', 2);
INSERT INTO cnae (num_cnae, descricao, id_risco) VALUES ('63917', 'Agências de notícias', 2);
INSERT INTO cnae (num_cnae, descricao, id_risco) VALUES ('63992', 'Outras atividades de prestação de serviços de informação não especificadas anteriormente', 2);
INSERT INTO cnae (num_cnae, descricao, id_risco) VALUES ('641', 'Banco Central', 1);
INSERT INTO cnae (num_cnae, descricao, id_risco) VALUES ('64107', 'Banco Central', 1);
INSERT INTO cnae (num_cnae, descricao, id_risco) VALUES ('64212', 'Bancos comerciais', 1);
INSERT INTO cnae (num_cnae, descricao, id_risco) VALUES ('64221', 'Bancos múltiplos, com carteira comercial', 1);
INSERT INTO cnae (num_cnae, descricao, id_risco) VALUES ('64239', 'Caixas econômicas', 1);
INSERT INTO cnae (num_cnae, descricao, id_risco) VALUES ('64247', 'Crédito cooperativo', 1);
INSERT INTO cnae (num_cnae, descricao, id_risco) VALUES ('64310', 'Bancos múltiplos, sem carteira comercial', 1);
INSERT INTO cnae (num_cnae, descricao, id_risco) VALUES ('64328', 'Bancos de investimento', 1);
INSERT INTO cnae (num_cnae, descricao, id_risco) VALUES ('64336', 'Bancos de desenvolvimento', 1);
INSERT INTO cnae (num_cnae, descricao, id_risco) VALUES ('64344', 'Agências de fomento', 1);
INSERT INTO cnae (num_cnae, descricao, id_risco) VALUES ('64352', 'Crédito imobiliário', 1);
INSERT INTO cnae (num_cnae, descricao, id_risco) VALUES ('64361', 'Sociedades de crédito, financiamento e investimento - financeiras', 1);
INSERT INTO cnae (num_cnae, descricao, id_risco) VALUES ('64379', 'Sociedades de crédito ao microempreendedor', 1);
INSERT INTO cnae (num_cnae, descricao, id_risco) VALUES ('64387', 'Bancos de câmbio e outras instituições de intermediação não monetária', 1);
INSERT INTO cnae (num_cnae, descricao, id_risco) VALUES ('64409', 'Arrendamento mercantil', 1);
INSERT INTO cnae (num_cnae, descricao, id_risco) VALUES ('64506', 'Sociedades de capitalização', 1);
INSERT INTO cnae (num_cnae, descricao, id_risco) VALUES ('64611', 'Holdings de instituições financeiras', 1);
INSERT INTO cnae (num_cnae, descricao, id_risco) VALUES ('64620', 'Holdings de instituições não financeiras', 1);
INSERT INTO cnae (num_cnae, descricao, id_risco) VALUES ('64638', 'Outras sociedades de participação, exceto holdings', 1);
INSERT INTO cnae (num_cnae, descricao, id_risco) VALUES ('64701', 'Fundos de investimento', 1);
INSERT INTO cnae (num_cnae, descricao, id_risco) VALUES ('64913', 'Sociedades de fomento mercantil - factoring', 1);
INSERT INTO cnae (num_cnae, descricao, id_risco) VALUES ('64921', 'Securitização de créditos', 1);
INSERT INTO cnae (num_cnae, descricao, id_risco) VALUES ('64930', 'Administração de consórcios para aquisição de bens e direitos', 1);
INSERT INTO cnae (num_cnae, descricao, id_risco) VALUES ('64999', 'Outras atividades de serviços financeiros não especificadas anteriormente', 1);
INSERT INTO cnae (num_cnae, descricao, id_risco) VALUES ('65111', 'Seguros de vida', 1);
INSERT INTO cnae (num_cnae, descricao, id_risco) VALUES ('65120', 'Seguros não-vida', 1);
INSERT INTO cnae (num_cnae, descricao, id_risco) VALUES ('65201', 'Seguros-saúde', 1);
INSERT INTO cnae (num_cnae, descricao, id_risco) VALUES ('65308', 'Resseguros', 1);
INSERT INTO cnae (num_cnae, descricao, id_risco) VALUES ('65413', 'Previdência complementar fechada', 1);
INSERT INTO cnae (num_cnae, descricao, id_risco) VALUES ('65421', 'Previdência complementar aberta', 1);
INSERT INTO cnae (num_cnae, descricao, id_risco) VALUES ('65502', 'Planos de saúde', 1);
INSERT INTO cnae (num_cnae, descricao, id_risco) VALUES ('66118', 'Administração de bolsas e mercados de balcão organizados', 1);
INSERT INTO cnae (num_cnae, descricao, id_risco) VALUES ('66126', 'Atividades de intermediários em transações de títulos, valores mobiliários e mercadorias', 1);
INSERT INTO cnae (num_cnae, descricao, id_risco) VALUES ('66134', 'Administração de cartões de crédito', 1);
INSERT INTO cnae (num_cnae, descricao, id_risco) VALUES ('66193', 'Atividades auxiliares dos serviços financeiros não especificadas anteriormente', 1);
INSERT INTO cnae (num_cnae, descricao, id_risco) VALUES ('66215', 'Avaliação de riscos e perdas', 1);
INSERT INTO cnae (num_cnae, descricao, id_risco) VALUES ('66223', 'Corretores e agentes de seguros, de planos de previdência complementar e de saúde', 1);
INSERT INTO cnae (num_cnae, descricao, id_risco) VALUES ('66291', 'Atividades auxiliares dos seguros, da previdência complementar e dos planos de saúde não especificadas anteriormente', 1);
INSERT INTO cnae (num_cnae, descricao, id_risco) VALUES ('66304', 'Atividades de administração de fundos por contrato ou comissão', 1);
INSERT INTO cnae (num_cnae, descricao, id_risco) VALUES ('68102', 'Atividades imobiliárias de imóveis próprios', 1);
INSERT INTO cnae (num_cnae, descricao, id_risco) VALUES ('68218', 'Intermediação na compra, venda e aluguel de imóveis', 1);
INSERT INTO cnae (num_cnae, descricao, id_risco) VALUES ('68226', 'Gestão e administração da propriedade imobiliária', 1);
INSERT INTO cnae (num_cnae, descricao, id_risco) VALUES ('69117', 'Atividades jurídicas, exceto cartórios', 1);
INSERT INTO cnae (num_cnae, descricao, id_risco) VALUES ('69125', 'Cartórios', 1);
INSERT INTO cnae (num_cnae, descricao, id_risco) VALUES ('69206', 'Atividades de contabilidade, consultoria e auditoria contábil e tributária', 1);
INSERT INTO cnae (num_cnae, descricao, id_risco) VALUES ('70107', 'Sedes de empresas e unidades administrativas locais', 1);
INSERT INTO cnae (num_cnae, descricao, id_risco) VALUES ('70204', 'Atividades de consultoria em gestão empresarial', 1);
INSERT INTO cnae (num_cnae, descricao, id_risco) VALUES ('71111', 'Serviços de arquitetura', 1);
INSERT INTO cnae (num_cnae, descricao, id_risco) VALUES ('71120', 'Serviços de engenharia', 1);
INSERT INTO cnae (num_cnae, descricao, id_risco) VALUES ('71197', 'Atividades técnicas relacionadas à arquitetura e engenharia', 1);
INSERT INTO cnae (num_cnae, descricao, id_risco) VALUES ('71201', 'Testes e análises técnicas', 2);
INSERT INTO cnae (num_cnae, descricao, id_risco) VALUES ('72100', 'Pesquisa e desenvolvimento experimental em ciências físicas e naturais', 2);
INSERT INTO cnae (num_cnae, descricao, id_risco) VALUES ('72207', 'Pesquisa e desenvolvimento experimental em ciências sociais e humanas', 2);
INSERT INTO cnae (num_cnae, descricao, id_risco) VALUES ('73114', 'Agências de publicidade', 1);
INSERT INTO cnae (num_cnae, descricao, id_risco) VALUES ('73122', 'Agenciamento de espaços para publicidade, exceto em veículos de comunicação', 1);
INSERT INTO cnae (num_cnae, descricao, id_risco) VALUES ('73190', 'Atividades de publicidade não especificadas anteriormente', 1);
INSERT INTO cnae (num_cnae, descricao, id_risco) VALUES ('73203', 'Pesquisas de mercado e de opinião pública', 1);
INSERT INTO cnae (num_cnae, descricao, id_risco) VALUES ('74102', 'Design e decoração de interiores', 1);
INSERT INTO cnae (num_cnae, descricao, id_risco) VALUES ('74200', 'Atividades fotográficas e similares', 2);
INSERT INTO cnae (num_cnae, descricao, id_risco) VALUES ('74901', 'Atividades profissionais, científicas e técnicas não especificadas anteriormente', 1);
INSERT INTO cnae (num_cnae, descricao, id_risco) VALUES ('75001', 'Atividades veterinárias', 3);
INSERT INTO cnae (num_cnae, descricao, id_risco) VALUES ('77110', 'Locação de automóveis sem condutor', 1);
INSERT INTO cnae (num_cnae, descricao, id_risco) VALUES ('77195', 'Locação de meios de transporte, exceto automóveis, sem condutor', 1);
INSERT INTO cnae (num_cnae, descricao, id_risco) VALUES ('77217', 'Aluguel de equipamentos recreativos e esportivos', 1);
INSERT INTO cnae (num_cnae, descricao, id_risco) VALUES ('77225', 'Aluguel de fitas de vídeo, DVDs e similares', 1);
INSERT INTO cnae (num_cnae, descricao, id_risco) VALUES ('77233', 'Aluguel de objetos do vestuário, joias e acessórios', 1);
INSERT INTO cnae (num_cnae, descricao, id_risco) VALUES ('77292', 'Aluguel de objetos pessoais e domésticos não especificados anteriormente', 1);
INSERT INTO cnae (num_cnae, descricao, id_risco) VALUES ('77314', 'Aluguel de máquinas e equipamentos agrícolas sem operador', 1);
INSERT INTO cnae (num_cnae, descricao, id_risco) VALUES ('77322', 'Aluguel de máquinas e equipamentos para construção sem operador', 1);
INSERT INTO cnae (num_cnae, descricao, id_risco) VALUES ('77331', 'Aluguel de máquinas e equipamentos para escritório', 1);
INSERT INTO cnae (num_cnae, descricao, id_risco) VALUES ('77390', 'Aluguel de máquinas e equipamentos não especificados anteriormente', 1);
INSERT INTO cnae (num_cnae, descricao, id_risco) VALUES ('77403', 'Gestão de ativos intangíveis não financeiros', 1);
INSERT INTO cnae (num_cnae, descricao, id_risco) VALUES ('78108', 'Seleção e agenciamento de mão de obra', 1);
INSERT INTO cnae (num_cnae, descricao, id_risco) VALUES ('78205', 'Locação de mão de obra temporária', 1);
INSERT INTO cnae (num_cnae, descricao, id_risco) VALUES ('78302', 'Fornecimento e gestão de recursos humanos para terceiros', 1);
INSERT INTO cnae (num_cnae, descricao, id_risco) VALUES ('79112', 'Agências de viagens', 1);
INSERT INTO cnae (num_cnae, descricao, id_risco) VALUES ('79121', 'Operadores turísticos', 1);
INSERT INTO cnae (num_cnae, descricao, id_risco) VALUES ('79902', 'Serviços de reservas e outros serviços de turismo não especificados anteriormente', 1);
INSERT INTO cnae (num_cnae, descricao, id_risco) VALUES ('80111', 'Atividades de vigilância e segurança privada', 3);
INSERT INTO cnae (num_cnae, descricao, id_risco) VALUES ('80129', 'Atividades de transporte de valores', 3);
INSERT INTO cnae (num_cnae, descricao, id_risco) VALUES ('80200', 'Atividades de monitoramento de sistemas de segurança', 3);
INSERT INTO cnae (num_cnae, descricao, id_risco) VALUES ('80307', 'Atividades de investigação particular', 3);
INSERT INTO cnae (num_cnae, descricao, id_risco) VALUES ('81117', 'Serviços combinados para apoio a edifícios, exceto condomínios prediais', 2);
INSERT INTO cnae (num_cnae, descricao, id_risco) VALUES ('81125', 'Condomínios prediais', 2);
INSERT INTO cnae (num_cnae, descricao, id_risco) VALUES ('81214', 'Limpeza em prédios e em domicílios', 3);
INSERT INTO cnae (num_cnae, descricao, id_risco) VALUES ('81222', 'Imunização e controle de pragas urbanas', 3);
INSERT INTO cnae (num_cnae, descricao, id_risco) VALUES ('81290', 'Atividades de limpeza não especificadas anteriormente', 3);
INSERT INTO cnae (num_cnae, descricao, id_risco) VALUES ('81303', 'Atividades paisagísticas', 1);
INSERT INTO cnae (num_cnae, descricao, id_risco) VALUES ('82113', 'Serviços combinados de escritório e apoio administrativo', 1);
INSERT INTO cnae (num_cnae, descricao, id_risco) VALUES ('82199', 'Fotocópias, preparação de documentos e outros serviços especializados de apoio administrativo', 2);
INSERT INTO cnae (num_cnae, descricao, id_risco) VALUES ('82202', 'Atividades de teleatendimento', 2);
INSERT INTO cnae (num_cnae, descricao, id_risco) VALUES ('82300', 'Atividades de organização de eventos, exceto culturais e esportivos', 2);
INSERT INTO cnae (num_cnae, descricao, id_risco) VALUES ('82911', 'Atividades de cobrança e informações cadastrais', 2);
INSERT INTO cnae (num_cnae, descricao, id_risco) VALUES ('82920', 'Envasamento e empacotamento sob contrato', 2);
INSERT INTO cnae (num_cnae, descricao, id_risco) VALUES ('82997', 'Atividades de serviços prestados principalmente às empresas não especificadas anteriormente', 2);
INSERT INTO cnae (num_cnae, descricao, id_risco) VALUES ('84116', 'Administração pública em geral', 1);
INSERT INTO cnae (num_cnae, descricao, id_risco) VALUES ('84124', 'Regulação das atividades de saúde, educação, serviços culturais e outros serviços sociais', 1);
INSERT INTO cnae (num_cnae, descricao, id_risco) VALUES ('84132', 'Regulação das atividades econômicas', 1);
INSERT INTO cnae (num_cnae, descricao, id_risco) VALUES ('84213', 'Relações exteriores', 1);
INSERT INTO cnae (num_cnae, descricao, id_risco) VALUES ('84221', 'Defesa', 1);
INSERT INTO cnae (num_cnae, descricao, id_risco) VALUES ('84230', 'Justiça', 1);
INSERT INTO cnae (num_cnae, descricao, id_risco) VALUES ('84248', 'Segurança e ordem pública', 1);
INSERT INTO cnae (num_cnae, descricao, id_risco) VALUES ('84256', 'Defesa Civil', 1);
INSERT INTO cnae (num_cnae, descricao, id_risco) VALUES ('84302', 'Seguridade social obrigatória', 1);
INSERT INTO cnae (num_cnae, descricao, id_risco) VALUES ('85112', 'Educação infantil - creche', 2);
INSERT INTO cnae (num_cnae, descricao, id_risco) VALUES ('85121', 'Educação infantil - pré-escola', 2);
INSERT INTO cnae (num_cnae, descricao, id_risco) VALUES ('85139', 'Ensino fundamental', 2);
INSERT INTO cnae (num_cnae, descricao, id_risco) VALUES ('85201', 'Ensino médio', 2);
INSERT INTO cnae (num_cnae, descricao, id_risco) VALUES ('85317', 'Educação superior - graduação', 2);
INSERT INTO cnae (num_cnae, descricao, id_risco) VALUES ('85325', 'Educação superior - graduação e pós-graduação', 2);
INSERT INTO cnae (num_cnae, descricao, id_risco) VALUES ('85333', 'Educação superior - pós-graduação e extensão', 2);
INSERT INTO cnae (num_cnae, descricao, id_risco) VALUES ('85414', 'Educação profissional de nível técnico', 2);
INSERT INTO cnae (num_cnae, descricao, id_risco) VALUES ('85422', 'Educação profissional de nível tecnológico', 2);
INSERT INTO cnae (num_cnae, descricao, id_risco) VALUES ('85503', 'Atividades de apoio à educação', 2);
INSERT INTO cnae (num_cnae, descricao, id_risco) VALUES ('85911', 'Ensino de esportes', 2);
INSERT INTO cnae (num_cnae, descricao, id_risco) VALUES ('85929', 'Ensino de arte e cultura', 2);
INSERT INTO cnae (num_cnae, descricao, id_risco) VALUES ('85937', 'Ensino de idiomas', 2);
INSERT INTO cnae (num_cnae, descricao, id_risco) VALUES ('85996', 'Atividades de ensino não especificadas anteriormente', 2);
INSERT INTO cnae (num_cnae, descricao, id_risco) VALUES ('86101', 'Atividades de atendimento hospitalar', 3);
INSERT INTO cnae (num_cnae, descricao, id_risco) VALUES ('86216', 'Serviços móveis de atendimento a urgências', 3);
INSERT INTO cnae (num_cnae, descricao, id_risco) VALUES ('86224', 'Serviços de remoção de pacientes, exceto os serviços móveis de atendimento a urgências', 3);
INSERT INTO cnae (num_cnae, descricao, id_risco) VALUES ('86305', 'Atividades de atenção ambulatorial executadas por médicos e odontólogos', 3);
INSERT INTO cnae (num_cnae, descricao, id_risco) VALUES ('86402', 'Atividades de serviços de complementação diagnóstica e terapêutica', 3);
INSERT INTO cnae (num_cnae, descricao, id_risco) VALUES ('86500', 'Atividades de profissionais da área de saúde, exceto médicos e odontólogos', 2);
INSERT INTO cnae (num_cnae, descricao, id_risco) VALUES ('86607', 'Atividades de apoio à gestão de saúde', 1);
INSERT INTO cnae (num_cnae, descricao, id_risco) VALUES ('86909', 'Atividades de atenção à saúde humana não especificadas anteriormente', 1);
INSERT INTO cnae (num_cnae, descricao, id_risco) VALUES ('87115', 'Atividades de assistência a idosos, deficientes físicos, imunodeprimidos e convalescentes prestadas em residências coletivas e particulares', 1);
INSERT INTO cnae (num_cnae, descricao, id_risco) VALUES ('87123', 'Atividades de fornecimento de infraestrutura de apoio e assistência a paciente no domicílio', 1);
INSERT INTO cnae (num_cnae, descricao, id_risco) VALUES ('87204', 'Atividades de assistência psicossocial e à saúde a portadores de distúrbios psíquicos, deficiência mental e dependência química', 1);
INSERT INTO cnae (num_cnae, descricao, id_risco) VALUES ('873', 'Atividades de assistência social prestadas em residências coletivas e particulares', 1);
INSERT INTO cnae (num_cnae, descricao, id_risco) VALUES ('87301', 'Atividades de assistência social prestadas em residências coletivas e particulares', 1);
INSERT INTO cnae (num_cnae, descricao, id_risco) VALUES ('88006', 'Serviços de assistência social sem alojamento', 1);
INSERT INTO cnae (num_cnae, descricao, id_risco) VALUES ('90019', 'Artes cênicas, espetáculos e atividades complementares', 2);
INSERT INTO cnae (num_cnae, descricao, id_risco) VALUES ('90027', 'Criação artística', 2);
INSERT INTO cnae (num_cnae, descricao, id_risco) VALUES ('90035', 'Gestão de espaços para artes cênicas, espetáculos e outras atividades artísticas', 1);
INSERT INTO cnae (num_cnae, descricao, id_risco) VALUES ('91015', 'Atividades de bibliotecas e arquivos', 2);
INSERT INTO cnae (num_cnae, descricao, id_risco) VALUES ('91023', 'Atividades de museus e de exploração, restauração artística e conservação de lugares e prédios históricos e atrações similares', 2);
INSERT INTO cnae (num_cnae, descricao, id_risco) VALUES ('91031', 'Atividades de jardins botânicos, zoológicos, parques nacionais, reservas ecológicas e áreas de proteção ambiental', 2);
INSERT INTO cnae (num_cnae, descricao, id_risco) VALUES ('92003', 'Atividades de exploração de jogos de azar e apostas', 1);
INSERT INTO cnae (num_cnae, descricao, id_risco) VALUES ('93115', 'Gestão de instalações de esportes', 1);
INSERT INTO cnae (num_cnae, descricao, id_risco) VALUES ('93123', 'Clubes sociais, esportivos e similares', 2);
INSERT INTO cnae (num_cnae, descricao, id_risco) VALUES ('93131', 'Atividades de condicionamento físico', 2);
INSERT INTO cnae (num_cnae, descricao, id_risco) VALUES ('93191', 'Atividades esportivas não especificadas anteriormente', 2);
INSERT INTO cnae (num_cnae, descricao, id_risco) VALUES ('93212', 'Parques de diversão e parques temáticos', 2);
INSERT INTO cnae (num_cnae, descricao, id_risco) VALUES ('93298', 'Atividades de recreação e lazer não especificadas anteriormente', 2);
INSERT INTO cnae (num_cnae, descricao, id_risco) VALUES ('94111', 'Atividades de organizações associativas patronais e empresariais', 1);
INSERT INTO cnae (num_cnae, descricao, id_risco) VALUES ('94120', 'Atividades de organizações associativas profissionais', 1);
INSERT INTO cnae (num_cnae, descricao, id_risco) VALUES ('94201', 'Atividades de organizações sindicais', 1);
INSERT INTO cnae (num_cnae, descricao, id_risco) VALUES ('94308', 'Atividades de associações de defesa de direitos sociais', 1);
INSERT INTO cnae (num_cnae, descricao, id_risco) VALUES ('94910', 'Atividades de organizações religiosas', 1);
INSERT INTO cnae (num_cnae, descricao, id_risco) VALUES ('94928', 'Atividades de organizações políticas', 1);
INSERT INTO cnae (num_cnae, descricao, id_risco) VALUES ('94936', 'Atividades de organizações associativas ligadas à cultura e à arte', 1);
INSERT INTO cnae (num_cnae, descricao, id_risco) VALUES ('94995', 'Atividades associativas não especificadas anteriormente', 1);
INSERT INTO cnae (num_cnae, descricao, id_risco) VALUES ('95118', 'Reparação e manutenção de computadores e de equipamentos periféricos', 3);
INSERT INTO cnae (num_cnae, descricao, id_risco) VALUES ('95126', 'Reparação e manutenção de equipamentos de comunicação', 3);
INSERT INTO cnae (num_cnae, descricao, id_risco) VALUES ('95215', 'Reparação e manutenção de equipamentos eletroeletrônicos de uso pessoal e doméstico', 3);
INSERT INTO cnae (num_cnae, descricao, id_risco) VALUES ('95291', 'Reparação e manutenção de objetos e equipamentos pessoais e domésticos não especificados anteriormente', 3);
INSERT INTO cnae (num_cnae, descricao, id_risco) VALUES ('96017', 'Lavanderias, tinturarias e toalheiros', 2);
INSERT INTO cnae (num_cnae, descricao, id_risco) VALUES ('96025', 'Cabeleireiros e outras atividades de tratamento de beleza', 2);
INSERT INTO cnae (num_cnae, descricao, id_risco) VALUES ('96033', 'Atividades funerárias e serviços relacionados', 2);
INSERT INTO cnae (num_cnae, descricao, id_risco) VALUES ('96092', 'Atividades de serviços pessoais não especificadas anteriormente', 2);
INSERT INTO cnae (num_cnae, descricao, id_risco) VALUES ('97005', 'Serviços domésticos', 2);
INSERT INTO cnae (num_cnae, descricao, id_risco) VALUES ('99008', 'Organismos internacionais e outras instituições extraterritoriais', 1);
INSERT INTO grupo (cipa, descricao) VALUES ('C1', 'Minerais');
INSERT INTO grupo (cipa, descricao) VALUES ('C1a', 'Minerais');
INSERT INTO grupo (cipa, descricao) VALUES ('C2', 'Alimentos');
INSERT INTO grupo (cipa, descricao) VALUES ('C3', 'Têxtis');
INSERT INTO grupo (cipa, descricao) VALUES ('C3a', 'Têxtis');
INSERT INTO grupo (cipa, descricao) VALUES ('C4', 'Confecção');
INSERT INTO grupo (cipa, descricao) VALUES ('C5', 'Calçados e Similares');
INSERT INTO grupo (cipa, descricao) VALUES ('C5a', 'Calçados e Similares');
INSERT INTO grupo (cipa, descricao) VALUES ('C6', 'Madeira');
INSERT INTO grupo (cipa, descricao) VALUES ('C7', 'Papel');
INSERT INTO grupo (cipa, descricao) VALUES ('C7a', 'Papel');
INSERT INTO grupo (cipa, descricao) VALUES ('C8', 'Gráficos');
INSERT INTO grupo (cipa, descricao) VALUES ('C9', 'Som e Imagem');
INSERT INTO grupo (cipa, descricao) VALUES ('C10', 'Químicos');
INSERT INTO grupo (cipa, descricao) VALUES ('C11', 'Borracha');
INSERT INTO grupo (cipa, descricao) VALUES ('C12', 'Não-Metálicos');
INSERT INTO grupo (cipa, descricao) VALUES ('C13', 'Metálicos');
INSERT INTO grupo (cipa, descricao) VALUES ('C14', 'Equipamentos/Máquinas e Ferramentas');
INSERT INTO grupo (cipa, descricao) VALUES ('C14a', 'Equipamentos/Máquinas e Ferramentas');
INSERT INTO grupo (cipa, descricao) VALUES ('C15', 'Explosivos e Armas');
INSERT INTO grupo (cipa, descricao) VALUES ('C16', 'Veículos');
INSERT INTO grupo (cipa, descricao) VALUES ('C17', 'Água e Energia');
INSERT INTO grupo (cipa, descricao) VALUES ('C18', 'Construção');
INSERT INTO grupo (cipa, descricao) VALUES ('C18a', 'Construção');
INSERT INTO grupo (cipa, descricao) VALUES ('C19', 'Intermediários do Comércio');
INSERT INTO grupo (cipa, descricao) VALUES ('C20', 'Comércio Atacadista');
INSERT INTO grupo (cipa, descricao) VALUES ('C21', 'Comércio Varejista');
INSERT INTO grupo (cipa, descricao) VALUES ('C22', 'Comércio de Produtos Perigosos');
INSERT INTO grupo (cipa, descricao) VALUES ('C23', 'Alojamento e Alimentação');
INSERT INTO grupo (cipa, descricao) VALUES ('C24', 'Transporte');
INSERT INTO grupo (cipa, descricao) VALUES ('C24a', 'Transporte');
INSERT INTO grupo (cipa, descricao) VALUES ('C24b', 'Transporte');
INSERT INTO grupo (cipa, descricao) VALUES ('C24c', 'Transporte');
INSERT INTO grupo (cipa, descricao) VALUES ('C24d', 'Transporte');
INSERT INTO grupo (cipa, descricao) VALUES ('C25', 'Correio e Telecomunicações');
INSERT INTO grupo (cipa, descricao) VALUES ('C26', 'Seguro');
INSERT INTO grupo (cipa, descricao) VALUES ('C27', 'Administração de Mercados');
INSERT INTO grupo (cipa, descricao) VALUES ('C28', 'Bancos');
INSERT INTO grupo (cipa, descricao) VALUES ('C29', 'Serviços');
INSERT INTO grupo (cipa, descricao) VALUES ('C30', 'Locação de Mão-de-Obra e Limpeza');
INSERT INTO grupo (cipa, descricao) VALUES ('C31', 'Ensino');
INSERT INTO grupo (cipa, descricao) VALUES ('C32', 'Pesquisas');
INSERT INTO grupo (cipa, descricao) VALUES ('C33', 'Administração Pública');
INSERT INTO grupo (cipa, descricao) VALUES ('C34', 'Saúde');
INSERT INTO grupo (cipa, descricao) VALUES ('C35', 'Outros Serviços');
INSERT INTO grupo_cnae (cipa, num_cnae) VALUES ('C1', '05003');
INSERT INTO grupo_cnae (cipa, num_cnae) VALUES ('C1', '06000');
INSERT INTO grupo_cnae (cipa, num_cnae) VALUES ('C1', '07103');
INSERT INTO grupo_cnae (cipa, num_cnae) VALUES ('C1', '07219');
INSERT INTO grupo_cnae (cipa, num_cnae) VALUES ('C1', '07227');
INSERT INTO grupo_cnae (cipa, num_cnae) VALUES ('C1', '07235');
INSERT INTO grupo_cnae (cipa, num_cnae) VALUES ('C1', '07243');
INSERT INTO grupo_cnae (cipa, num_cnae) VALUES ('C1', '07251');
INSERT INTO grupo_cnae (cipa, num_cnae) VALUES ('C1', '07294');
INSERT INTO grupo_cnae (cipa, num_cnae) VALUES ('C1', '08100');
INSERT INTO grupo_cnae (cipa, num_cnae) VALUES ('C1', '08916');
INSERT INTO grupo_cnae (cipa, num_cnae) VALUES ('C1', '08924');
INSERT INTO grupo_cnae (cipa, num_cnae) VALUES ('C1', '08932');
INSERT INTO grupo_cnae (cipa, num_cnae) VALUES ('C1', '08991');
INSERT INTO grupo_cnae (cipa, num_cnae) VALUES ('C1', '09106');
INSERT INTO grupo_cnae (cipa, num_cnae) VALUES ('C1', '09904');
INSERT INTO grupo_cnae (cipa, num_cnae) VALUES ('C2', '10112');
INSERT INTO grupo_cnae (cipa, num_cnae) VALUES ('C2', '10121');
INSERT INTO grupo_cnae (cipa, num_cnae) VALUES ('C2', '10139');
INSERT INTO grupo_cnae (cipa, num_cnae) VALUES ('C2', '10201');
INSERT INTO grupo_cnae (cipa, num_cnae) VALUES ('C2', '10317');
INSERT INTO grupo_cnae (cipa, num_cnae) VALUES ('C2', '10325');
INSERT INTO grupo_cnae (cipa, num_cnae) VALUES ('C2', '10333');
INSERT INTO grupo_cnae (cipa, num_cnae) VALUES ('C2', '10414');
INSERT INTO grupo_cnae (cipa, num_cnae) VALUES ('C2', '10422');
INSERT INTO grupo_cnae (cipa, num_cnae) VALUES ('C2', '10431');
INSERT INTO grupo_cnae (cipa, num_cnae) VALUES ('C2', '10511');
INSERT INTO grupo_cnae (cipa, num_cnae) VALUES ('C2', '10520');
INSERT INTO grupo_cnae (cipa, num_cnae) VALUES ('C2', '10538');
INSERT INTO grupo_cnae (cipa, num_cnae) VALUES ('C2', '10619');
INSERT INTO grupo_cnae (cipa, num_cnae) VALUES ('C2', '10627');
INSERT INTO grupo_cnae (cipa, num_cnae) VALUES ('C2', '10635');
INSERT INTO grupo_cnae (cipa, num_cnae) VALUES ('C2', '10643');
INSERT INTO grupo_cnae (cipa, num_cnae) VALUES ('C2', '10651');
INSERT INTO grupo_cnae (cipa, num_cnae) VALUES ('C2', '10660');
INSERT INTO grupo_cnae (cipa, num_cnae) VALUES ('C2', '10694');
INSERT INTO grupo_cnae (cipa, num_cnae) VALUES ('C2', '10716');
INSERT INTO grupo_cnae (cipa, num_cnae) VALUES ('C2', '10724');
INSERT INTO grupo_cnae (cipa, num_cnae) VALUES ('C2', '10813');
INSERT INTO grupo_cnae (cipa, num_cnae) VALUES ('C2', '10821');
INSERT INTO grupo_cnae (cipa, num_cnae) VALUES ('C2', '10911');
INSERT INTO grupo_cnae (cipa, num_cnae) VALUES ('C2', '10929');
INSERT INTO grupo_cnae (cipa, num_cnae) VALUES ('C2', '10937');
INSERT INTO grupo_cnae (cipa, num_cnae) VALUES ('C2', '10945');
INSERT INTO grupo_cnae (cipa, num_cnae) VALUES ('C2', '10953');
INSERT INTO grupo_cnae (cipa, num_cnae) VALUES ('C2', '10961');
INSERT INTO grupo_cnae (cipa, num_cnae) VALUES ('C2', '10996');
INSERT INTO grupo_cnae (cipa, num_cnae) VALUES ('C2', '11119');
INSERT INTO grupo_cnae (cipa, num_cnae) VALUES ('C2', '11127');
INSERT INTO grupo_cnae (cipa, num_cnae) VALUES ('C2', '11135');
INSERT INTO grupo_cnae (cipa, num_cnae) VALUES ('C2', '11216');
INSERT INTO grupo_cnae (cipa, num_cnae) VALUES ('C2', '11224');
INSERT INTO grupo_cnae (cipa, num_cnae) VALUES ('C2', '12107');
INSERT INTO grupo_cnae (cipa, num_cnae) VALUES ('C2', '12204');
INSERT INTO grupo_cnae (cipa, num_cnae) VALUES ('C3', '13111');
INSERT INTO grupo_cnae (cipa, num_cnae) VALUES ('C3', '13120');
INSERT INTO grupo_cnae (cipa, num_cnae) VALUES ('C3', '13138');
INSERT INTO grupo_cnae (cipa, num_cnae) VALUES ('C3', '13146');
INSERT INTO grupo_cnae (cipa, num_cnae) VALUES ('C3', '13219');
INSERT INTO grupo_cnae (cipa, num_cnae) VALUES ('C3', '13227');
INSERT INTO grupo_cnae (cipa, num_cnae) VALUES ('C3', '13235');
INSERT INTO grupo_cnae (cipa, num_cnae) VALUES ('C3a', '13308');
INSERT INTO grupo_cnae (cipa, num_cnae) VALUES ('C3', '13405');
INSERT INTO grupo_cnae (cipa, num_cnae) VALUES ('C3a', '13511');
INSERT INTO grupo_cnae (cipa, num_cnae) VALUES ('C3a', '13529');
INSERT INTO grupo_cnae (cipa, num_cnae) VALUES ('C3a', '13537');
INSERT INTO grupo_cnae (cipa, num_cnae) VALUES ('C3a', '13545');
INSERT INTO grupo_cnae (cipa, num_cnae) VALUES ('C3a', '13596');
INSERT INTO grupo_cnae (cipa, num_cnae) VALUES ('C4', '14118');
INSERT INTO grupo_cnae (cipa, num_cnae) VALUES ('C4', '14126');
INSERT INTO grupo_cnae (cipa, num_cnae) VALUES ('C4', '14134');
INSERT INTO grupo_cnae (cipa, num_cnae) VALUES ('C4', '14142');
INSERT INTO grupo_cnae (cipa, num_cnae) VALUES ('C3a', '14215');
INSERT INTO grupo_cnae (cipa, num_cnae) VALUES ('C3a', '14223');
INSERT INTO grupo_cnae (cipa, num_cnae) VALUES ('C5', '15106');
INSERT INTO grupo_cnae (cipa, num_cnae) VALUES ('C5a', '15211');
INSERT INTO grupo_cnae (cipa, num_cnae) VALUES ('C5a', '15297');
INSERT INTO grupo_cnae (cipa, num_cnae) VALUES ('C5', '15319');
INSERT INTO grupo_cnae (cipa, num_cnae) VALUES ('C5', '15327');
INSERT INTO grupo_cnae (cipa, num_cnae) VALUES ('C5', '15335');
INSERT INTO grupo_cnae (cipa, num_cnae) VALUES ('C5', '15394');
INSERT INTO grupo_cnae (cipa, num_cnae) VALUES ('C5', '15408');
INSERT INTO grupo_cnae (cipa, num_cnae) VALUES ('C6', '16102');
INSERT INTO grupo_cnae (cipa, num_cnae) VALUES ('C6', '16218');
INSERT INTO grupo_cnae (cipa, num_cnae) VALUES ('C6', '16226');
INSERT INTO grupo_cnae (cipa, num_cnae) VALUES ('C6', '16234');
INSERT INTO grupo_cnae (cipa, num_cnae) VALUES ('C6', '16293');
INSERT INTO grupo_cnae (cipa, num_cnae) VALUES ('C7a', '17109');
INSERT INTO grupo_cnae (cipa, num_cnae) VALUES ('C7a', '17214');
INSERT INTO grupo_cnae (cipa, num_cnae) VALUES ('C7a', '17222');
INSERT INTO grupo_cnae (cipa, num_cnae) VALUES ('C7', '17311');
INSERT INTO grupo_cnae (cipa, num_cnae) VALUES ('C7', '17320');
INSERT INTO grupo_cnae (cipa, num_cnae) VALUES ('C7', '17338');
INSERT INTO grupo_cnae (cipa, num_cnae) VALUES ('C7', '17419');
INSERT INTO grupo_cnae (cipa, num_cnae) VALUES ('C7', '17427');
INSERT INTO grupo_cnae (cipa, num_cnae) VALUES ('C7', '17494');
INSERT INTO grupo_cnae (cipa, num_cnae) VALUES ('C8', '18113');
INSERT INTO grupo_cnae (cipa, num_cnae) VALUES ('C8', '18121');
INSERT INTO grupo_cnae (cipa, num_cnae) VALUES ('C8', '18130');
INSERT INTO grupo_cnae (cipa, num_cnae) VALUES ('C8', '18211');
INSERT INTO grupo_cnae (cipa, num_cnae) VALUES ('C8', '18229');
INSERT INTO grupo_cnae (cipa, num_cnae) VALUES ('C9', '18300');
INSERT INTO grupo_cnae (cipa, num_cnae) VALUES ('C1', '19101');
INSERT INTO grupo_cnae (cipa, num_cnae) VALUES ('C1a', '19217');
INSERT INTO grupo_cnae (cipa, num_cnae) VALUES ('C1a', '19225');
INSERT INTO grupo_cnae (cipa, num_cnae) VALUES ('C1a', '19314');
INSERT INTO grupo_cnae (cipa, num_cnae) VALUES ('C10', '19322');
INSERT INTO grupo_cnae (cipa, num_cnae) VALUES ('C10', '20118');
INSERT INTO grupo_cnae (cipa, num_cnae) VALUES ('C10', '20126');
INSERT INTO grupo_cnae (cipa, num_cnae) VALUES ('C10', '20134');
INSERT INTO grupo_cnae (cipa, num_cnae) VALUES ('C10', '20142');
INSERT INTO grupo_cnae (cipa, num_cnae) VALUES ('C10', '20193');
INSERT INTO grupo_cnae (cipa, num_cnae) VALUES ('C10', '20215');
INSERT INTO grupo_cnae (cipa, num_cnae) VALUES ('C10', '20223');
INSERT INTO grupo_cnae (cipa, num_cnae) VALUES ('C10', '20291');
INSERT INTO grupo_cnae (cipa, num_cnae) VALUES ('C10', '20312');
INSERT INTO grupo_cnae (cipa, num_cnae) VALUES ('C10', '20321');
INSERT INTO grupo_cnae (cipa, num_cnae) VALUES ('C10', '20339');
INSERT INTO grupo_cnae (cipa, num_cnae) VALUES ('C10', '20401');
INSERT INTO grupo_cnae (cipa, num_cnae) VALUES ('C10', '20517');
INSERT INTO grupo_cnae (cipa, num_cnae) VALUES ('C10', '20525');
INSERT INTO grupo_cnae (cipa, num_cnae) VALUES ('C10', '20614');
INSERT INTO grupo_cnae (cipa, num_cnae) VALUES ('C10', '20622');
INSERT INTO grupo_cnae (cipa, num_cnae) VALUES ('C10', '20631');
INSERT INTO grupo_cnae (cipa, num_cnae) VALUES ('C10', '20711');
INSERT INTO grupo_cnae (cipa, num_cnae) VALUES ('C10', '20720');
INSERT INTO grupo_cnae (cipa, num_cnae) VALUES ('C10', '20738');
INSERT INTO grupo_cnae (cipa, num_cnae) VALUES ('C10', '20916');
INSERT INTO grupo_cnae (cipa, num_cnae) VALUES ('C15', '20924');
INSERT INTO grupo_cnae (cipa, num_cnae) VALUES ('C10', '20932');
INSERT INTO grupo_cnae (cipa, num_cnae) VALUES ('C10', '20941');
INSERT INTO grupo_cnae (cipa, num_cnae) VALUES ('C10', '20991');
INSERT INTO grupo_cnae (cipa, num_cnae) VALUES ('C10', '21106');
INSERT INTO grupo_cnae (cipa, num_cnae) VALUES ('C10', '21211');
INSERT INTO grupo_cnae (cipa, num_cnae) VALUES ('C10', '21220');
INSERT INTO grupo_cnae (cipa, num_cnae) VALUES ('C10', '21238');
INSERT INTO grupo_cnae (cipa, num_cnae) VALUES ('C11', '22111');
INSERT INTO grupo_cnae (cipa, num_cnae) VALUES ('C11', '22129');
INSERT INTO grupo_cnae (cipa, num_cnae) VALUES ('C11', '22196');
INSERT INTO grupo_cnae (cipa, num_cnae) VALUES ('C10', '22218');
INSERT INTO grupo_cnae (cipa, num_cnae) VALUES ('C10', '22226');
INSERT INTO grupo_cnae (cipa, num_cnae) VALUES ('C10', '22234');
INSERT INTO grupo_cnae (cipa, num_cnae) VALUES ('C10', '22293');
INSERT INTO grupo_cnae (cipa, num_cnae) VALUES ('C12', '23117');
INSERT INTO grupo_cnae (cipa, num_cnae) VALUES ('C12', '23125');
INSERT INTO grupo_cnae (cipa, num_cnae) VALUES ('C12', '23192');
INSERT INTO grupo_cnae (cipa, num_cnae) VALUES ('C1', '23206');
INSERT INTO grupo_cnae (cipa, num_cnae) VALUES ('C12', '23303');
INSERT INTO grupo_cnae (cipa, num_cnae) VALUES ('C12', '23419');
INSERT INTO grupo_cnae (cipa, num_cnae) VALUES ('C12', '23427');
INSERT INTO grupo_cnae (cipa, num_cnae) VALUES ('C12', '23494');
INSERT INTO grupo_cnae (cipa, num_cnae) VALUES ('C1', '23915');
INSERT INTO grupo_cnae (cipa, num_cnae) VALUES ('C12', '23923');
INSERT INTO grupo_cnae (cipa, num_cnae) VALUES ('C12', '23991');
INSERT INTO grupo_cnae (cipa, num_cnae) VALUES ('C13', '24113');
INSERT INTO grupo_cnae (cipa, num_cnae) VALUES ('C13', '24121');
INSERT INTO grupo_cnae (cipa, num_cnae) VALUES ('C13', '24211');
INSERT INTO grupo_cnae (cipa, num_cnae) VALUES ('C13', '24229');
INSERT INTO grupo_cnae (cipa, num_cnae) VALUES ('C13', '24237');
INSERT INTO grupo_cnae (cipa, num_cnae) VALUES ('C13', '24245');
INSERT INTO grupo_cnae (cipa, num_cnae) VALUES ('C13', '24318');
INSERT INTO grupo_cnae (cipa, num_cnae) VALUES ('C13', '24393');
INSERT INTO grupo_cnae (cipa, num_cnae) VALUES ('C13', '24415');
INSERT INTO grupo_cnae (cipa, num_cnae) VALUES ('C13', '24423');
INSERT INTO grupo_cnae (cipa, num_cnae) VALUES ('C13', '24431');
INSERT INTO grupo_cnae (cipa, num_cnae) VALUES ('C13', '24491');
INSERT INTO grupo_cnae (cipa, num_cnae) VALUES ('C13', '24512');
INSERT INTO grupo_cnae (cipa, num_cnae) VALUES ('C13', '24521');
INSERT INTO grupo_cnae (cipa, num_cnae) VALUES ('C13', '25110');
INSERT INTO grupo_cnae (cipa, num_cnae) VALUES ('C14', '25128');
INSERT INTO grupo_cnae (cipa, num_cnae) VALUES ('C13', '25136');
INSERT INTO grupo_cnae (cipa, num_cnae) VALUES ('C14', '25217');
INSERT INTO grupo_cnae (cipa, num_cnae) VALUES ('C14', '25225');
INSERT INTO grupo_cnae (cipa, num_cnae) VALUES ('C13', '25314');
INSERT INTO grupo_cnae (cipa, num_cnae) VALUES ('C13', '25322');
INSERT INTO grupo_cnae (cipa, num_cnae) VALUES ('C13', '25390');
INSERT INTO grupo_cnae (cipa, num_cnae) VALUES ('C14', '25411');
INSERT INTO grupo_cnae (cipa, num_cnae) VALUES ('C14', '25420');
INSERT INTO grupo_cnae (cipa, num_cnae) VALUES ('C14', '25438');
INSERT INTO grupo_cnae (cipa, num_cnae) VALUES ('C15', '25501');
INSERT INTO grupo_cnae (cipa, num_cnae) VALUES ('C14', '25918');
INSERT INTO grupo_cnae (cipa, num_cnae) VALUES ('C13', '25926');
INSERT INTO grupo_cnae (cipa, num_cnae) VALUES ('C14', '25934');
INSERT INTO grupo_cnae (cipa, num_cnae) VALUES ('C14', '25993');
INSERT INTO grupo_cnae (cipa, num_cnae) VALUES ('C14', '26108');
INSERT INTO grupo_cnae (cipa, num_cnae) VALUES ('C14', '26213');
INSERT INTO grupo_cnae (cipa, num_cnae) VALUES ('C14', '26221');
INSERT INTO grupo_cnae (cipa, num_cnae) VALUES ('C14', '26311');
INSERT INTO grupo_cnae (cipa, num_cnae) VALUES ('C14', '26329');
INSERT INTO grupo_cnae (cipa, num_cnae) VALUES ('C14', '26400');
INSERT INTO grupo_cnae (cipa, num_cnae) VALUES ('C14', '26515');
INSERT INTO grupo_cnae (cipa, num_cnae) VALUES ('C14', '26523');
INSERT INTO grupo_cnae (cipa, num_cnae) VALUES ('C14', '26604');
INSERT INTO grupo_cnae (cipa, num_cnae) VALUES ('C14', '26701');
INSERT INTO grupo_cnae (cipa, num_cnae) VALUES ('C10', '26809');
INSERT INTO grupo_cnae (cipa, num_cnae) VALUES ('C14', '27104');
INSERT INTO grupo_cnae (cipa, num_cnae) VALUES ('C10', '27210');
INSERT INTO grupo_cnae (cipa, num_cnae) VALUES ('C10', '27228');
INSERT INTO grupo_cnae (cipa, num_cnae) VALUES ('C14', '27317');
INSERT INTO grupo_cnae (cipa, num_cnae) VALUES ('C14', '27325');
INSERT INTO grupo_cnae (cipa, num_cnae) VALUES ('C14', '27333');
INSERT INTO grupo_cnae (cipa, num_cnae) VALUES ('C14', '27406');
INSERT INTO grupo_cnae (cipa, num_cnae) VALUES ('C14', '27511');
INSERT INTO grupo_cnae (cipa, num_cnae) VALUES ('C14', '27597');
INSERT INTO grupo_cnae (cipa, num_cnae) VALUES ('C14', '27902');
INSERT INTO grupo_cnae (cipa, num_cnae) VALUES ('C14', '28119');
INSERT INTO grupo_cnae (cipa, num_cnae) VALUES ('C14', '28127');
INSERT INTO grupo_cnae (cipa, num_cnae) VALUES ('C14', '28135');
INSERT INTO grupo_cnae (cipa, num_cnae) VALUES ('C14', '28143');
INSERT INTO grupo_cnae (cipa, num_cnae) VALUES ('C14', '28151');
INSERT INTO grupo_cnae (cipa, num_cnae) VALUES ('C14', '28216');
INSERT INTO grupo_cnae (cipa, num_cnae) VALUES ('C14', '28224');
INSERT INTO grupo_cnae (cipa, num_cnae) VALUES ('C14', '28232');
INSERT INTO grupo_cnae (cipa, num_cnae) VALUES ('C14', '28241');
INSERT INTO grupo_cnae (cipa, num_cnae) VALUES ('C14', '28259');
INSERT INTO grupo_cnae (cipa, num_cnae) VALUES ('C14a', '28291');
INSERT INTO grupo_cnae (cipa, num_cnae) VALUES ('C16', '28313');
INSERT INTO grupo_cnae (cipa, num_cnae) VALUES ('C14', '28321');
INSERT INTO grupo_cnae (cipa, num_cnae) VALUES ('C14', '28330');
INSERT INTO grupo_cnae (cipa, num_cnae) VALUES ('C14', '28402');
INSERT INTO grupo_cnae (cipa, num_cnae) VALUES ('C14', '28518');
INSERT INTO grupo_cnae (cipa, num_cnae) VALUES ('C14', '28526');
INSERT INTO grupo_cnae (cipa, num_cnae) VALUES ('C16', '28534');
INSERT INTO grupo_cnae (cipa, num_cnae) VALUES ('C14', '28542');
INSERT INTO grupo_cnae (cipa, num_cnae) VALUES ('C14', '28615');
INSERT INTO grupo_cnae (cipa, num_cnae) VALUES ('C14', '28623');
INSERT INTO grupo_cnae (cipa, num_cnae) VALUES ('C14', '28631');
INSERT INTO grupo_cnae (cipa, num_cnae) VALUES ('C14', '28640');
INSERT INTO grupo_cnae (cipa, num_cnae) VALUES ('C14', '28658');
INSERT INTO grupo_cnae (cipa, num_cnae) VALUES ('C14', '28666');
INSERT INTO grupo_cnae (cipa, num_cnae) VALUES ('C14', '28691');
INSERT INTO grupo_cnae (cipa, num_cnae) VALUES ('C16', '29107');
INSERT INTO grupo_cnae (cipa, num_cnae) VALUES ('C16', '29204');
INSERT INTO grupo_cnae (cipa, num_cnae) VALUES ('C16', '29301');
INSERT INTO grupo_cnae (cipa, num_cnae) VALUES ('C16', '29417');
INSERT INTO grupo_cnae (cipa, num_cnae) VALUES ('C16', '29425');
INSERT INTO grupo_cnae (cipa, num_cnae) VALUES ('C16', '29433');
INSERT INTO grupo_cnae (cipa, num_cnae) VALUES ('C16', '29441');
INSERT INTO grupo_cnae (cipa, num_cnae) VALUES ('C14', '29450');
INSERT INTO grupo_cnae (cipa, num_cnae) VALUES ('C16', '29492');
INSERT INTO grupo_cnae (cipa, num_cnae) VALUES ('C16', '29506');
INSERT INTO grupo_cnae (cipa, num_cnae) VALUES ('C16', '30113');
INSERT INTO grupo_cnae (cipa, num_cnae) VALUES ('C16', '30121');
INSERT INTO grupo_cnae (cipa, num_cnae) VALUES ('C16', '30318');
INSERT INTO grupo_cnae (cipa, num_cnae) VALUES ('C16', '30326');
INSERT INTO grupo_cnae (cipa, num_cnae) VALUES ('C16', '30415');
INSERT INTO grupo_cnae (cipa, num_cnae) VALUES ('C16', '30423');
INSERT INTO grupo_cnae (cipa, num_cnae) VALUES ('C16', '30504');
INSERT INTO grupo_cnae (cipa, num_cnae) VALUES ('C16', '30911');
INSERT INTO grupo_cnae (cipa, num_cnae) VALUES ('C16', '30920');
INSERT INTO grupo_cnae (cipa, num_cnae) VALUES ('C16', '30997');
INSERT INTO grupo_cnae (cipa, num_cnae) VALUES ('C6', '31012');
INSERT INTO grupo_cnae (cipa, num_cnae) VALUES ('C14', '31021');
INSERT INTO grupo_cnae (cipa, num_cnae) VALUES ('C14', '31039');
INSERT INTO grupo_cnae (cipa, num_cnae) VALUES ('C10', '31047');
INSERT INTO grupo_cnae (cipa, num_cnae) VALUES ('C12', '32116');
INSERT INTO grupo_cnae (cipa, num_cnae) VALUES ('C14a', '32124');
INSERT INTO grupo_cnae (cipa, num_cnae) VALUES ('C14a', '32205');
INSERT INTO grupo_cnae (cipa, num_cnae) VALUES ('C14', '32302');
INSERT INTO grupo_cnae (cipa, num_cnae) VALUES ('C14', '32400');
INSERT INTO grupo_cnae (cipa, num_cnae) VALUES ('C14', '32507');
INSERT INTO grupo_cnae (cipa, num_cnae) VALUES ('C14a', '32914');
INSERT INTO grupo_cnae (cipa, num_cnae) VALUES ('C4', '32922');
INSERT INTO grupo_cnae (cipa, num_cnae) VALUES ('C14a', '32990');
INSERT INTO grupo_cnae (cipa, num_cnae) VALUES ('C14', '33112');
INSERT INTO grupo_cnae (cipa, num_cnae) VALUES ('C14', '33121');
INSERT INTO grupo_cnae (cipa, num_cnae) VALUES ('C14', '33139');
INSERT INTO grupo_cnae (cipa, num_cnae) VALUES ('C14', '33147');
INSERT INTO grupo_cnae (cipa, num_cnae) VALUES ('C16', '33155');
INSERT INTO grupo_cnae (cipa, num_cnae) VALUES ('C16', '33163');
INSERT INTO grupo_cnae (cipa, num_cnae) VALUES ('C16', '33171');
INSERT INTO grupo_cnae (cipa, num_cnae) VALUES ('C14', '33198');
INSERT INTO grupo_cnae (cipa, num_cnae) VALUES ('C14', '33210');
INSERT INTO grupo_cnae (cipa, num_cnae) VALUES ('C14a', '33295');
INSERT INTO grupo_cnae (cipa, num_cnae) VALUES ('C17', '35115');
INSERT INTO grupo_cnae (cipa, num_cnae) VALUES ('C17', '35123');
INSERT INTO grupo_cnae (cipa, num_cnae) VALUES ('C17', '35131');
INSERT INTO grupo_cnae (cipa, num_cnae) VALUES ('C17', '35140');
INSERT INTO grupo_cnae (cipa, num_cnae) VALUES ('C17', '35204');
INSERT INTO grupo_cnae (cipa, num_cnae) VALUES ('C17', '35301');
INSERT INTO grupo_cnae (cipa, num_cnae) VALUES ('C17', '36006');
INSERT INTO grupo_cnae (cipa, num_cnae) VALUES ('C17', '37011');
INSERT INTO grupo_cnae (cipa, num_cnae) VALUES ('C17', '37029');
INSERT INTO grupo_cnae (cipa, num_cnae) VALUES ('C17', '38114');
INSERT INTO grupo_cnae (cipa, num_cnae) VALUES ('C17', '38122');
INSERT INTO grupo_cnae (cipa, num_cnae) VALUES ('C17', '38211');
INSERT INTO grupo_cnae (cipa, num_cnae) VALUES ('C17', '38220');
INSERT INTO grupo_cnae (cipa, num_cnae) VALUES ('C14', '38319');
INSERT INTO grupo_cnae (cipa, num_cnae) VALUES ('C12', '38327');
INSERT INTO grupo_cnae (cipa, num_cnae) VALUES ('C12', '38394');
INSERT INTO grupo_cnae (cipa, num_cnae) VALUES ('C17', '39005');
INSERT INTO grupo_cnae (cipa, num_cnae) VALUES ('C29', '41107');
INSERT INTO grupo_cnae (cipa, num_cnae) VALUES ('C18a', '41204');
INSERT INTO grupo_cnae (cipa, num_cnae) VALUES ('C18a', '42111');
INSERT INTO grupo_cnae (cipa, num_cnae) VALUES ('C18a', '42120');
INSERT INTO grupo_cnae (cipa, num_cnae) VALUES ('C18a', '42138');
INSERT INTO grupo_cnae (cipa, num_cnae) VALUES ('C18a', '42219');
INSERT INTO grupo_cnae (cipa, num_cnae) VALUES ('C18', '42227');
INSERT INTO grupo_cnae (cipa, num_cnae) VALUES ('C18', '42235');
INSERT INTO grupo_cnae (cipa, num_cnae) VALUES ('C18', '42910');
INSERT INTO grupo_cnae (cipa, num_cnae) VALUES ('C18a', '42928');
INSERT INTO grupo_cnae (cipa, num_cnae) VALUES ('C18', '42995');
INSERT INTO grupo_cnae (cipa, num_cnae) VALUES ('C18a', '43118');
INSERT INTO grupo_cnae (cipa, num_cnae) VALUES ('C18a', '43126');
INSERT INTO grupo_cnae (cipa, num_cnae) VALUES ('C18a', '43134');
INSERT INTO grupo_cnae (cipa, num_cnae) VALUES ('C18a', '43193');
INSERT INTO grupo_cnae (cipa, num_cnae) VALUES ('C18', '43215');
INSERT INTO grupo_cnae (cipa, num_cnae) VALUES ('C18', '43223');
INSERT INTO grupo_cnae (cipa, num_cnae) VALUES ('C18', '43291');
INSERT INTO grupo_cnae (cipa, num_cnae) VALUES ('C18', '43304');
INSERT INTO grupo_cnae (cipa, num_cnae) VALUES ('C18a', '43916');
INSERT INTO grupo_cnae (cipa, num_cnae) VALUES ('C18', '43991');
INSERT INTO grupo_cnae (cipa, num_cnae) VALUES ('C21', '45111');
INSERT INTO grupo_cnae (cipa, num_cnae) VALUES ('C21', '45129');
INSERT INTO grupo_cnae (cipa, num_cnae) VALUES ('C16', '45200');
INSERT INTO grupo_cnae (cipa, num_cnae) VALUES ('C21', '45307');
INSERT INTO grupo_cnae (cipa, num_cnae) VALUES ('C21', '45412');
INSERT INTO grupo_cnae (cipa, num_cnae) VALUES ('C21', '45421');
INSERT INTO grupo_cnae (cipa, num_cnae) VALUES ('C16', '45439');
INSERT INTO grupo_cnae (cipa, num_cnae) VALUES ('C19', '46117');
INSERT INTO grupo_cnae (cipa, num_cnae) VALUES ('C22', '46125');
INSERT INTO grupo_cnae (cipa, num_cnae) VALUES ('C20', '46133');
INSERT INTO grupo_cnae (cipa, num_cnae) VALUES ('C19', '46141');
INSERT INTO grupo_cnae (cipa, num_cnae) VALUES ('C19', '46150');
INSERT INTO grupo_cnae (cipa, num_cnae) VALUES ('C19', '46168');
INSERT INTO grupo_cnae (cipa, num_cnae) VALUES ('C19', '46176');
INSERT INTO grupo_cnae (cipa, num_cnae) VALUES ('C19', '46184');
INSERT INTO grupo_cnae (cipa, num_cnae) VALUES ('C19', '46192');
INSERT INTO grupo_cnae (cipa, num_cnae) VALUES ('C20', '46214');
INSERT INTO grupo_cnae (cipa, num_cnae) VALUES ('C20', '46222');
INSERT INTO grupo_cnae (cipa, num_cnae) VALUES ('C20', '46231');
INSERT INTO grupo_cnae (cipa, num_cnae) VALUES ('C20', '46311');
INSERT INTO grupo_cnae (cipa, num_cnae) VALUES ('C20', '46320');
INSERT INTO grupo_cnae (cipa, num_cnae) VALUES ('C20', '46338');
INSERT INTO grupo_cnae (cipa, num_cnae) VALUES ('C20', '46346');
INSERT INTO grupo_cnae (cipa, num_cnae) VALUES ('C20', '46354');
INSERT INTO grupo_cnae (cipa, num_cnae) VALUES ('C20', '46362');
INSERT INTO grupo_cnae (cipa, num_cnae) VALUES ('C20', '46371');
INSERT INTO grupo_cnae (cipa, num_cnae) VALUES ('C20', '46397');
INSERT INTO grupo_cnae (cipa, num_cnae) VALUES ('C20', '46419');
INSERT INTO grupo_cnae (cipa, num_cnae) VALUES ('C20', '46427');
INSERT INTO grupo_cnae (cipa, num_cnae) VALUES ('C20', '46435');
INSERT INTO grupo_cnae (cipa, num_cnae) VALUES ('C20', '46443');
INSERT INTO grupo_cnae (cipa, num_cnae) VALUES ('C20', '46451');
INSERT INTO grupo_cnae (cipa, num_cnae) VALUES ('C22', '46460');
INSERT INTO grupo_cnae (cipa, num_cnae) VALUES ('C20', '46478');
INSERT INTO grupo_cnae (cipa, num_cnae) VALUES ('C20', '46494');
INSERT INTO grupo_cnae (cipa, num_cnae) VALUES ('C20', '46516');
INSERT INTO grupo_cnae (cipa, num_cnae) VALUES ('C20', '46524');
INSERT INTO grupo_cnae (cipa, num_cnae) VALUES ('C20', '46613');
INSERT INTO grupo_cnae (cipa, num_cnae) VALUES ('C20', '46621');
INSERT INTO grupo_cnae (cipa, num_cnae) VALUES ('C20', '46630');
INSERT INTO grupo_cnae (cipa, num_cnae) VALUES ('C20', '46648');
INSERT INTO grupo_cnae (cipa, num_cnae) VALUES ('C20', '46656');
INSERT INTO grupo_cnae (cipa, num_cnae) VALUES ('C20', '46699');
INSERT INTO grupo_cnae (cipa, num_cnae) VALUES ('C20', '46711');
INSERT INTO grupo_cnae (cipa, num_cnae) VALUES ('C20', '46729');
INSERT INTO grupo_cnae (cipa, num_cnae) VALUES ('C20', '46737');
INSERT INTO grupo_cnae (cipa, num_cnae) VALUES ('C20', '46745');
INSERT INTO grupo_cnae (cipa, num_cnae) VALUES ('C20', '46796');
INSERT INTO grupo_cnae (cipa, num_cnae) VALUES ('C22', '46818');
INSERT INTO grupo_cnae (cipa, num_cnae) VALUES ('C22', '46826');
INSERT INTO grupo_cnae (cipa, num_cnae) VALUES ('C22', '46834');
INSERT INTO grupo_cnae (cipa, num_cnae) VALUES ('C22', '46842');
INSERT INTO grupo_cnae (cipa, num_cnae) VALUES ('C20', '46851');
INSERT INTO grupo_cnae (cipa, num_cnae) VALUES ('C20', '46869');
INSERT INTO grupo_cnae (cipa, num_cnae) VALUES ('C22', '46877');
INSERT INTO grupo_cnae (cipa, num_cnae) VALUES ('C20', '46893');
INSERT INTO grupo_cnae (cipa, num_cnae) VALUES ('C20', '46915');
INSERT INTO grupo_cnae (cipa, num_cnae) VALUES ('C20', '46923');
INSERT INTO grupo_cnae (cipa, num_cnae) VALUES ('C20', '46931');
INSERT INTO grupo_cnae (cipa, num_cnae) VALUES ('C21', '47113');
INSERT INTO grupo_cnae (cipa, num_cnae) VALUES ('C21', '47121');
INSERT INTO grupo_cnae (cipa, num_cnae) VALUES ('C21', '47130');
INSERT INTO grupo_cnae (cipa, num_cnae) VALUES ('C21', '47211');
INSERT INTO grupo_cnae (cipa, num_cnae) VALUES ('C21', '47229');
INSERT INTO grupo_cnae (cipa, num_cnae) VALUES ('C21', '47237');
INSERT INTO grupo_cnae (cipa, num_cnae) VALUES ('C21', '47245');
INSERT INTO grupo_cnae (cipa, num_cnae) VALUES ('C21', '47296');
INSERT INTO grupo_cnae (cipa, num_cnae) VALUES ('C22', '47318');
INSERT INTO grupo_cnae (cipa, num_cnae) VALUES ('C22', '47326');
INSERT INTO grupo_cnae (cipa, num_cnae) VALUES ('C21', '47415');
INSERT INTO grupo_cnae (cipa, num_cnae) VALUES ('C21', '47423');
INSERT INTO grupo_cnae (cipa, num_cnae) VALUES ('C21', '47431');
INSERT INTO grupo_cnae (cipa, num_cnae) VALUES ('C21', '47440');
INSERT INTO grupo_cnae (cipa, num_cnae) VALUES ('C21', '47512');
INSERT INTO grupo_cnae (cipa, num_cnae) VALUES ('C21', '47521');
INSERT INTO grupo_cnae (cipa, num_cnae) VALUES ('C21', '47539');
INSERT INTO grupo_cnae (cipa, num_cnae) VALUES ('C21', '47547');
INSERT INTO grupo_cnae (cipa, num_cnae) VALUES ('C21', '47555');
INSERT INTO grupo_cnae (cipa, num_cnae) VALUES ('C21', '47563');
INSERT INTO grupo_cnae (cipa, num_cnae) VALUES ('C21', '47571');
INSERT INTO grupo_cnae (cipa, num_cnae) VALUES ('C21', '47598');
INSERT INTO grupo_cnae (cipa, num_cnae) VALUES ('C21', '47610');
INSERT INTO grupo_cnae (cipa, num_cnae) VALUES ('C21', '47628');
INSERT INTO grupo_cnae (cipa, num_cnae) VALUES ('C21', '47636');
INSERT INTO grupo_cnae (cipa, num_cnae) VALUES ('C21', '47717');
INSERT INTO grupo_cnae (cipa, num_cnae) VALUES ('C21', '47725');
INSERT INTO grupo_cnae (cipa, num_cnae) VALUES ('C21', '47733');
INSERT INTO grupo_cnae (cipa, num_cnae) VALUES ('C21', '47741');
INSERT INTO grupo_cnae (cipa, num_cnae) VALUES ('C21', '47814');
INSERT INTO grupo_cnae (cipa, num_cnae) VALUES ('C21', '47822');
INSERT INTO grupo_cnae (cipa, num_cnae) VALUES ('C21', '47831');
INSERT INTO grupo_cnae (cipa, num_cnae) VALUES ('C22', '47849');
INSERT INTO grupo_cnae (cipa, num_cnae) VALUES ('C21', '47857');
INSERT INTO grupo_cnae (cipa, num_cnae) VALUES ('C21', '47890');
INSERT INTO grupo_cnae (cipa, num_cnae) VALUES ('C21', '47903');
INSERT INTO grupo_cnae (cipa, num_cnae) VALUES ('C24d', '49116');
INSERT INTO grupo_cnae (cipa, num_cnae) VALUES ('C24d', '49124');
INSERT INTO grupo_cnae (cipa, num_cnae) VALUES ('C24c', '49213');
INSERT INTO grupo_cnae (cipa, num_cnae) VALUES ('C24c', '49221');
INSERT INTO grupo_cnae (cipa, num_cnae) VALUES ('C24c', '49230');
INSERT INTO grupo_cnae (cipa, num_cnae) VALUES ('C24c', '49248');
INSERT INTO grupo_cnae (cipa, num_cnae) VALUES ('C24c', '49299');
INSERT INTO grupo_cnae (cipa, num_cnae) VALUES ('C24c', '49302');
INSERT INTO grupo_cnae (cipa, num_cnae) VALUES ('C24', '49400');
INSERT INTO grupo_cnae (cipa, num_cnae) VALUES ('C24', '49507');
INSERT INTO grupo_cnae (cipa, num_cnae) VALUES ('C24b', '50114');
INSERT INTO grupo_cnae (cipa, num_cnae) VALUES ('C24b', '50122');
INSERT INTO grupo_cnae (cipa, num_cnae) VALUES ('C24b', '50211');
INSERT INTO grupo_cnae (cipa, num_cnae) VALUES ('C24', '50220');
INSERT INTO grupo_cnae (cipa, num_cnae) VALUES ('C24a', '50301');
INSERT INTO grupo_cnae (cipa, num_cnae) VALUES ('C24', '50912');
INSERT INTO grupo_cnae (cipa, num_cnae) VALUES ('C24', '50998');
INSERT INTO grupo_cnae (cipa, num_cnae) VALUES ('C24', '51111');
INSERT INTO grupo_cnae (cipa, num_cnae) VALUES ('C24', '51129');
INSERT INTO grupo_cnae (cipa, num_cnae) VALUES ('C24', '51200');
INSERT INTO grupo_cnae (cipa, num_cnae) VALUES ('C24b', '51307');
INSERT INTO grupo_cnae (cipa, num_cnae) VALUES ('C24', '52117');
INSERT INTO grupo_cnae (cipa, num_cnae) VALUES ('C24', '52125');
INSERT INTO grupo_cnae (cipa, num_cnae) VALUES ('C24a', '52214');
INSERT INTO grupo_cnae (cipa, num_cnae) VALUES ('C24a', '52222');
INSERT INTO grupo_cnae (cipa, num_cnae) VALUES ('C24a', '52231');
INSERT INTO grupo_cnae (cipa, num_cnae) VALUES ('C24a', '52290');
INSERT INTO grupo_cnae (cipa, num_cnae) VALUES ('C24a', '52311');
INSERT INTO grupo_cnae (cipa, num_cnae) VALUES ('C24a', '52320');
INSERT INTO grupo_cnae (cipa, num_cnae) VALUES ('C24a', '52397');
INSERT INTO grupo_cnae (cipa, num_cnae) VALUES ('C24', '52401');
INSERT INTO grupo_cnae (cipa, num_cnae) VALUES ('C24a', '52508');
INSERT INTO grupo_cnae (cipa, num_cnae) VALUES ('C25', '53105');
INSERT INTO grupo_cnae (cipa, num_cnae) VALUES ('C25', '53202');
INSERT INTO grupo_cnae (cipa, num_cnae) VALUES ('C23', '55108');
INSERT INTO grupo_cnae (cipa, num_cnae) VALUES ('C23', '55906');
INSERT INTO grupo_cnae (cipa, num_cnae) VALUES ('C23', '56112');
INSERT INTO grupo_cnae (cipa, num_cnae) VALUES ('C23', '56121');
INSERT INTO grupo_cnae (cipa, num_cnae) VALUES ('C23', '56201');
INSERT INTO grupo_cnae (cipa, num_cnae) VALUES ('C8', '58115');
INSERT INTO grupo_cnae (cipa, num_cnae) VALUES ('C8', '58123');
INSERT INTO grupo_cnae (cipa, num_cnae) VALUES ('C8', '58131');
INSERT INTO grupo_cnae (cipa, num_cnae) VALUES ('C8', '58191');
INSERT INTO grupo_cnae (cipa, num_cnae) VALUES ('C8', '58212');
INSERT INTO grupo_cnae (cipa, num_cnae) VALUES ('C8', '58221');
INSERT INTO grupo_cnae (cipa, num_cnae) VALUES ('C8', '58239');
INSERT INTO grupo_cnae (cipa, num_cnae) VALUES ('C8', '58298');
INSERT INTO grupo_cnae (cipa, num_cnae) VALUES ('C9', '59111');
INSERT INTO grupo_cnae (cipa, num_cnae) VALUES ('C9', '59120');
INSERT INTO grupo_cnae (cipa, num_cnae) VALUES ('C9', '59138');
INSERT INTO grupo_cnae (cipa, num_cnae) VALUES ('C9', '59146');
INSERT INTO grupo_cnae (cipa, num_cnae) VALUES ('C9', '59201');
INSERT INTO grupo_cnae (cipa, num_cnae) VALUES ('C9', '60101');
INSERT INTO grupo_cnae (cipa, num_cnae) VALUES ('C9', '60217');
INSERT INTO grupo_cnae (cipa, num_cnae) VALUES ('C9', '60225');
INSERT INTO grupo_cnae (cipa, num_cnae) VALUES ('C25', '61108');
INSERT INTO grupo_cnae (cipa, num_cnae) VALUES ('C25', '61205');
INSERT INTO grupo_cnae (cipa, num_cnae) VALUES ('C25', '61302');
INSERT INTO grupo_cnae (cipa, num_cnae) VALUES ('C25', '61418');
INSERT INTO grupo_cnae (cipa, num_cnae) VALUES ('C25', '61426');
INSERT INTO grupo_cnae (cipa, num_cnae) VALUES ('C25', '61434');
INSERT INTO grupo_cnae (cipa, num_cnae) VALUES ('C25', '61906');
INSERT INTO grupo_cnae (cipa, num_cnae) VALUES ('C35', '62015');
INSERT INTO grupo_cnae (cipa, num_cnae) VALUES ('C35', '62023');
INSERT INTO grupo_cnae (cipa, num_cnae) VALUES ('C35', '62031');
INSERT INTO grupo_cnae (cipa, num_cnae) VALUES ('C35', '62040');
INSERT INTO grupo_cnae (cipa, num_cnae) VALUES ('C35', '62091');
INSERT INTO grupo_cnae (cipa, num_cnae) VALUES ('C35', '63119');
INSERT INTO grupo_cnae (cipa, num_cnae) VALUES ('C35', '63194');
INSERT INTO grupo_cnae (cipa, num_cnae) VALUES ('C8', '63917');
INSERT INTO grupo_cnae (cipa, num_cnae) VALUES ('C35', '63992');
INSERT INTO grupo_cnae (cipa, num_cnae) VALUES ('C28', '64107');
INSERT INTO grupo_cnae (cipa, num_cnae) VALUES ('C28', '64212');
INSERT INTO grupo_cnae (cipa, num_cnae) VALUES ('C28', '64221');
INSERT INTO grupo_cnae (cipa, num_cnae) VALUES ('C28', '64239');
INSERT INTO grupo_cnae (cipa, num_cnae) VALUES ('C28', '64247');
INSERT INTO grupo_cnae (cipa, num_cnae) VALUES ('C28', '64310');
INSERT INTO grupo_cnae (cipa, num_cnae) VALUES ('C28', '64328');
INSERT INTO grupo_cnae (cipa, num_cnae) VALUES ('C28', '64336');
INSERT INTO grupo_cnae (cipa, num_cnae) VALUES ('C28', '64344');
INSERT INTO grupo_cnae (cipa, num_cnae) VALUES ('C28', '64352');
INSERT INTO grupo_cnae (cipa, num_cnae) VALUES ('C28', '64361');
INSERT INTO grupo_cnae (cipa, num_cnae) VALUES ('C28', '64379');
INSERT INTO grupo_cnae (cipa, num_cnae) VALUES ('C28', '64409');
INSERT INTO grupo_cnae (cipa, num_cnae) VALUES ('C28', '64506');
INSERT INTO grupo_cnae (cipa, num_cnae) VALUES ('C28', '64611');
INSERT INTO grupo_cnae (cipa, num_cnae) VALUES ('C29', '64620');
INSERT INTO grupo_cnae (cipa, num_cnae) VALUES ('C28', '64638');
INSERT INTO grupo_cnae (cipa, num_cnae) VALUES ('C28', '64701');
INSERT INTO grupo_cnae (cipa, num_cnae) VALUES ('C28', '64913');
INSERT INTO grupo_cnae (cipa, num_cnae) VALUES ('C28', '64921');
INSERT INTO grupo_cnae (cipa, num_cnae) VALUES ('C28', '64930');
INSERT INTO grupo_cnae (cipa, num_cnae) VALUES ('C28', '64999');
INSERT INTO grupo_cnae (cipa, num_cnae) VALUES ('C26', '65111');
INSERT INTO grupo_cnae (cipa, num_cnae) VALUES ('C26', '65120');
INSERT INTO grupo_cnae (cipa, num_cnae) VALUES ('C26', '65201');
INSERT INTO grupo_cnae (cipa, num_cnae) VALUES ('C26', '65308');
INSERT INTO grupo_cnae (cipa, num_cnae) VALUES ('C26', '65413');
INSERT INTO grupo_cnae (cipa, num_cnae) VALUES ('C26', '65421');
INSERT INTO grupo_cnae (cipa, num_cnae) VALUES ('C26', '65502');
INSERT INTO grupo_cnae (cipa, num_cnae) VALUES ('C27', '66118');
INSERT INTO grupo_cnae (cipa, num_cnae) VALUES ('C27', '66126');
INSERT INTO grupo_cnae (cipa, num_cnae) VALUES ('C28', '66134');
INSERT INTO grupo_cnae (cipa, num_cnae) VALUES ('C27', '66193');
INSERT INTO grupo_cnae (cipa, num_cnae) VALUES ('C27', '66215');
INSERT INTO grupo_cnae (cipa, num_cnae) VALUES ('C27', '66223');
INSERT INTO grupo_cnae (cipa, num_cnae) VALUES ('C27', '66291');
INSERT INTO grupo_cnae (cipa, num_cnae) VALUES ('C27', '66304');
INSERT INTO grupo_cnae (cipa, num_cnae) VALUES ('C29', '68102');
INSERT INTO grupo_cnae (cipa, num_cnae) VALUES ('C29', '68218');
INSERT INTO grupo_cnae (cipa, num_cnae) VALUES ('C29', '68226');
INSERT INTO grupo_cnae (cipa, num_cnae) VALUES ('C29', '69117');
INSERT INTO grupo_cnae (cipa, num_cnae) VALUES ('C29', '69125');
INSERT INTO grupo_cnae (cipa, num_cnae) VALUES ('C29', '69206');
INSERT INTO grupo_cnae (cipa, num_cnae) VALUES ('C29', '70107');
INSERT INTO grupo_cnae (cipa, num_cnae) VALUES ('C29', '70204');
INSERT INTO grupo_cnae (cipa, num_cnae) VALUES ('C35', '71111');
INSERT INTO grupo_cnae (cipa, num_cnae) VALUES ('C35', '71120');
INSERT INTO grupo_cnae (cipa, num_cnae) VALUES ('C35', '71197');
INSERT INTO grupo_cnae (cipa, num_cnae) VALUES ('C32', '71201');
INSERT INTO grupo_cnae (cipa, num_cnae) VALUES ('C32', '72100');
INSERT INTO grupo_cnae (cipa, num_cnae) VALUES ('C32', '72207');
INSERT INTO grupo_cnae (cipa, num_cnae) VALUES ('C35', '73114');
INSERT INTO grupo_cnae (cipa, num_cnae) VALUES ('C35', '73122');
INSERT INTO grupo_cnae (cipa, num_cnae) VALUES ('C35', '73190');
INSERT INTO grupo_cnae (cipa, num_cnae) VALUES ('C29', '73203');
INSERT INTO grupo_cnae (cipa, num_cnae) VALUES ('C35', '74102');
INSERT INTO grupo_cnae (cipa, num_cnae) VALUES ('C9', '74200');
INSERT INTO grupo_cnae (cipa, num_cnae) VALUES ('C35', '74901');
INSERT INTO grupo_cnae (cipa, num_cnae) VALUES ('C34', '75001');
INSERT INTO grupo_cnae (cipa, num_cnae) VALUES ('C35', '77110');
INSERT INTO grupo_cnae (cipa, num_cnae) VALUES ('C35', '77195');
INSERT INTO grupo_cnae (cipa, num_cnae) VALUES ('C29', '77217');
INSERT INTO grupo_cnae (cipa, num_cnae) VALUES ('C29', '77225');
INSERT INTO grupo_cnae (cipa, num_cnae) VALUES ('C29', '77233');
INSERT INTO grupo_cnae (cipa, num_cnae) VALUES ('C29', '77292');
INSERT INTO grupo_cnae (cipa, num_cnae) VALUES ('C35', '77314');
INSERT INTO grupo_cnae (cipa, num_cnae) VALUES ('C35', '77322');
INSERT INTO grupo_cnae (cipa, num_cnae) VALUES ('C35', '77331');
INSERT INTO grupo_cnae (cipa, num_cnae) VALUES ('C35', '77390');
INSERT INTO grupo_cnae (cipa, num_cnae) VALUES ('C28', '77403');
INSERT INTO grupo_cnae (cipa, num_cnae) VALUES ('C35', '78108');
INSERT INTO grupo_cnae (cipa, num_cnae) VALUES ('C35', '78205');
INSERT INTO grupo_cnae (cipa, num_cnae) VALUES ('C35', '78302');
INSERT INTO grupo_cnae (cipa, num_cnae) VALUES ('C29', '79112');
INSERT INTO grupo_cnae (cipa, num_cnae) VALUES ('C29', '79121');
INSERT INTO grupo_cnae (cipa, num_cnae) VALUES ('C29', '79902');
INSERT INTO grupo_cnae (cipa, num_cnae) VALUES ('C30', '80111');
INSERT INTO grupo_cnae (cipa, num_cnae) VALUES ('C30', '80129');
INSERT INTO grupo_cnae (cipa, num_cnae) VALUES ('C30', '80200');
INSERT INTO grupo_cnae (cipa, num_cnae) VALUES ('C30', '80307');
INSERT INTO grupo_cnae (cipa, num_cnae) VALUES ('C29', '81117');
INSERT INTO grupo_cnae (cipa, num_cnae) VALUES ('C35', '81125');
INSERT INTO grupo_cnae (cipa, num_cnae) VALUES ('C30', '81214');
INSERT INTO grupo_cnae (cipa, num_cnae) VALUES ('C30', '81222');
INSERT INTO grupo_cnae (cipa, num_cnae) VALUES ('C30', '81290');
INSERT INTO grupo_cnae (cipa, num_cnae) VALUES ('C30', '81303');
INSERT INTO grupo_cnae (cipa, num_cnae) VALUES ('C35', '82113');
INSERT INTO grupo_cnae (cipa, num_cnae) VALUES ('C35', '82199');
INSERT INTO grupo_cnae (cipa, num_cnae) VALUES ('C35', '82202');
INSERT INTO grupo_cnae (cipa, num_cnae) VALUES ('C35', '82300');
INSERT INTO grupo_cnae (cipa, num_cnae) VALUES ('C35', '82911');
INSERT INTO grupo_cnae (cipa, num_cnae) VALUES ('C35', '82920');
INSERT INTO grupo_cnae (cipa, num_cnae) VALUES ('C35', '82997');
INSERT INTO grupo_cnae (cipa, num_cnae) VALUES ('C33', '84116');
INSERT INTO grupo_cnae (cipa, num_cnae) VALUES ('C33', '84124');
INSERT INTO grupo_cnae (cipa, num_cnae) VALUES ('C33', '84132');
INSERT INTO grupo_cnae (cipa, num_cnae) VALUES ('C33', '84213');
INSERT INTO grupo_cnae (cipa, num_cnae) VALUES ('C33', '84221');
INSERT INTO grupo_cnae (cipa, num_cnae) VALUES ('C33', '84230');
INSERT INTO grupo_cnae (cipa, num_cnae) VALUES ('C33', '84248');
INSERT INTO grupo_cnae (cipa, num_cnae) VALUES ('C33', '84256');
INSERT INTO grupo_cnae (cipa, num_cnae) VALUES ('C33', '84302');
INSERT INTO grupo_cnae (cipa, num_cnae) VALUES ('C31', '85112');
INSERT INTO grupo_cnae (cipa, num_cnae) VALUES ('C31', '85121');
INSERT INTO grupo_cnae (cipa, num_cnae) VALUES ('C31', '85139');
INSERT INTO grupo_cnae (cipa, num_cnae) VALUES ('C31', '85201');
INSERT INTO grupo_cnae (cipa, num_cnae) VALUES ('C31', '85317');
INSERT INTO grupo_cnae (cipa, num_cnae) VALUES ('C31', '85325');
INSERT INTO grupo_cnae (cipa, num_cnae) VALUES ('C31', '85333');
INSERT INTO grupo_cnae (cipa, num_cnae) VALUES ('C31', '85414');
INSERT INTO grupo_cnae (cipa, num_cnae) VALUES ('C31', '85422');
INSERT INTO grupo_cnae (cipa, num_cnae) VALUES ('C29', '85503');
INSERT INTO grupo_cnae (cipa, num_cnae) VALUES ('C31', '85911');
INSERT INTO grupo_cnae (cipa, num_cnae) VALUES ('C31', '85929');
INSERT INTO grupo_cnae (cipa, num_cnae) VALUES ('C31', '85937');
INSERT INTO grupo_cnae (cipa, num_cnae) VALUES ('C31', '85996');
INSERT INTO grupo_cnae (cipa, num_cnae) VALUES ('C34', '86101');
INSERT INTO grupo_cnae (cipa, num_cnae) VALUES ('C34', '86216');
INSERT INTO grupo_cnae (cipa, num_cnae) VALUES ('C34', '86224');
INSERT INTO grupo_cnae (cipa, num_cnae) VALUES ('C34', '86305');
INSERT INTO grupo_cnae (cipa, num_cnae) VALUES ('C34', '86402');
INSERT INTO grupo_cnae (cipa, num_cnae) VALUES ('C34', '86500');
INSERT INTO grupo_cnae (cipa, num_cnae) VALUES ('C34', '86607');
INSERT INTO grupo_cnae (cipa, num_cnae) VALUES ('C34', '86909');
INSERT INTO grupo_cnae (cipa, num_cnae) VALUES ('C34', '87115');
INSERT INTO grupo_cnae (cipa, num_cnae) VALUES ('C34', '87123');
INSERT INTO grupo_cnae (cipa, num_cnae) VALUES ('C34', '87204');
INSERT INTO grupo_cnae (cipa, num_cnae) VALUES ('C34', '87301');
INSERT INTO grupo_cnae (cipa, num_cnae) VALUES ('C23', '88006');
INSERT INTO grupo_cnae (cipa, num_cnae) VALUES ('C9', '90019');
INSERT INTO grupo_cnae (cipa, num_cnae) VALUES ('C9', '90027');
INSERT INTO grupo_cnae (cipa, num_cnae) VALUES ('C9', '90035');
INSERT INTO grupo_cnae (cipa, num_cnae) VALUES ('C31', '91015');
INSERT INTO grupo_cnae (cipa, num_cnae) VALUES ('C31', '91023');
INSERT INTO grupo_cnae (cipa, num_cnae) VALUES ('C31', '91031');
INSERT INTO grupo_cnae (cipa, num_cnae) VALUES ('C35', '92003');
INSERT INTO grupo_cnae (cipa, num_cnae) VALUES ('C31', '93115');
INSERT INTO grupo_cnae (cipa, num_cnae) VALUES ('C31', '93123');
INSERT INTO grupo_cnae (cipa, num_cnae) VALUES ('C31', '93131');
INSERT INTO grupo_cnae (cipa, num_cnae) VALUES ('C31', '93191');
INSERT INTO grupo_cnae (cipa, num_cnae) VALUES ('C35', '93212');
INSERT INTO grupo_cnae (cipa, num_cnae) VALUES ('C35', '93298');
INSERT INTO grupo_cnae (cipa, num_cnae) VALUES ('C29', '94111');
INSERT INTO grupo_cnae (cipa, num_cnae) VALUES ('C29', '94120');
INSERT INTO grupo_cnae (cipa, num_cnae) VALUES ('C29', '94201');
INSERT INTO grupo_cnae (cipa, num_cnae) VALUES ('C29', '94308');
INSERT INTO grupo_cnae (cipa, num_cnae) VALUES ('C29', '94910');
INSERT INTO grupo_cnae (cipa, num_cnae) VALUES ('C29', '94928');
INSERT INTO grupo_cnae (cipa, num_cnae) VALUES ('C29', '94936');
INSERT INTO grupo_cnae (cipa, num_cnae) VALUES ('C29', '94995');
INSERT INTO grupo_cnae (cipa, num_cnae) VALUES ('C14a', '95118');
INSERT INTO grupo_cnae (cipa, num_cnae) VALUES ('C14', '95126');
INSERT INTO grupo_cnae (cipa, num_cnae) VALUES ('C14', '95215');
INSERT INTO grupo_cnae (cipa, num_cnae) VALUES ('C35', '95291');
INSERT INTO grupo_cnae (cipa, num_cnae) VALUES ('C30', '96017');
INSERT INTO grupo_cnae (cipa, num_cnae) VALUES ('C35', '96025');
INSERT INTO grupo_cnae (cipa, num_cnae) VALUES ('C34', '96033');
INSERT INTO grupo_cnae (cipa, num_cnae) VALUES ('C35', '96092');
INSERT INTO grupo_cnae (cipa, num_cnae) VALUES ('C35', '97005');
INSERT INTO grupo_cnae (cipa, num_cnae) VALUES ('C33', '99008');
-- INICIO DA SQL PARA INSERIR empregado_obrigatorio --
INSERT INTO empregado_obrigatorio (id_risco, id_intervalo, id_empregado, quantidade) VALUES (1, 1, 1, 0);
INSERT INTO empregado_obrigatorio (id_risco, id_intervalo, id_empregado, quantidade) VALUES (1, 1, 2, 0);
INSERT INTO empregado_obrigatorio (id_risco, id_intervalo, id_empregado, quantidade) VALUES (1, 1, 3, 0);
INSERT INTO empregado_obrigatorio (id_risco, id_intervalo, id_empregado, quantidade) VALUES (1, 1, 4, 0);
INSERT INTO empregado_obrigatorio (id_risco, id_intervalo, id_empregado, quantidade) VALUES (1, 1, 5, 0);
INSERT INTO empregado_obrigatorio (id_risco, id_intervalo, id_empregado, quantidade) VALUES (1, 2, 1, 0);
INSERT INTO empregado_obrigatorio (id_risco, id_intervalo, id_empregado, quantidade) VALUES (1, 2, 2, 0);
INSERT INTO empregado_obrigatorio (id_risco, id_intervalo, id_empregado, quantidade) VALUES (1, 2, 3, 0);
INSERT INTO empregado_obrigatorio (id_risco, id_intervalo, id_empregado, quantidade) VALUES (1, 2, 4, 0);
INSERT INTO empregado_obrigatorio (id_risco, id_intervalo, id_empregado, quantidade) VALUES (1, 2, 5, 0);
INSERT INTO empregado_obrigatorio (id_risco, id_intervalo, id_empregado, quantidade) VALUES (1, 3, 1, 0);
INSERT INTO empregado_obrigatorio (id_risco, id_intervalo, id_empregado, quantidade) VALUES (1, 3, 2, 0);
INSERT INTO empregado_obrigatorio (id_risco, id_intervalo, id_empregado, quantidade) VALUES (1, 3, 3, 0);
INSERT INTO empregado_obrigatorio (id_risco, id_intervalo, id_empregado, quantidade) VALUES (1, 3, 4, 0);
INSERT INTO empregado_obrigatorio (id_risco, id_intervalo, id_empregado, quantidade) VALUES (1, 3, 5, 0);
INSERT INTO empregado_obrigatorio (id_risco, id_intervalo, id_empregado, quantidade) VALUES (1, 4, 1, 1);
INSERT INTO empregado_obrigatorio (id_risco, id_intervalo, id_empregado, quantidade) VALUES (1, 4, 2, 0);
INSERT INTO empregado_obrigatorio (id_risco, id_intervalo, id_empregado, quantidade) VALUES (1, 4, 3, 0);
INSERT INTO empregado_obrigatorio (id_risco, id_intervalo, id_empregado, quantidade) VALUES (1, 4, 4, 0);
INSERT INTO empregado_obrigatorio (id_risco, id_intervalo, id_empregado, quantidade) VALUES (1, 4, 5, 0);
INSERT INTO empregado_obrigatorio (id_risco, id_intervalo, id_empregado, quantidade) VALUES (1, 5, 1, 1);
INSERT INTO empregado_obrigatorio (id_risco, id_intervalo, id_empregado, quantidade) VALUES (1, 5, 2, 0);
INSERT INTO empregado_obrigatorio (id_risco, id_intervalo, id_empregado, quantidade) VALUES (1, 5, 3, 0);
INSERT INTO empregado_obrigatorio (id_risco, id_intervalo, id_empregado, quantidade) VALUES (1, 5, 4, 0);
INSERT INTO empregado_obrigatorio (id_risco, id_intervalo, id_empregado, quantidade, id_observacao) VALUES (1, 5, 5, 1, 1);
INSERT INTO empregado_obrigatorio (id_risco, id_intervalo, id_empregado, quantidade) VALUES (1, 6, 1, 1);
INSERT INTO empregado_obrigatorio (id_risco, id_intervalo, id_empregado, quantidade, id_observacao) VALUES (1, 6, 2, 1, 1);
INSERT INTO empregado_obrigatorio (id_risco, id_intervalo, id_empregado, quantidade) VALUES (1, 6, 3, 1);
INSERT INTO empregado_obrigatorio (id_risco, id_intervalo, id_empregado, quantidade) VALUES (1, 6, 4, 0);
INSERT INTO empregado_obrigatorio (id_risco, id_intervalo, id_empregado, quantidade, id_observacao) VALUES (1, 6, 5, 1, 1);
INSERT INTO empregado_obrigatorio (id_risco, id_intervalo, id_empregado, quantidade) VALUES (1, 7, 1, 2);
INSERT INTO empregado_obrigatorio (id_risco, id_intervalo, id_empregado, quantidade) VALUES (1, 7, 2, 1);
INSERT INTO empregado_obrigatorio (id_risco, id_intervalo, id_empregado, quantidade) VALUES (1, 7, 3, 1);
INSERT INTO empregado_obrigatorio (id_risco, id_intervalo, id_empregado, quantidade, id_observacao) VALUES (1, 7, 4, 1, 1);
INSERT INTO empregado_obrigatorio (id_risco, id_intervalo, id_empregado, quantidade) VALUES (1, 7, 5, 1);
INSERT INTO empregado_obrigatorio (id_risco, id_intervalo, id_empregado, quantidade) VALUES (1, 8, 1, 1);
INSERT INTO empregado_obrigatorio (id_risco, id_intervalo, id_empregado, quantidade, id_observacao) VALUES (1, 8, 2, 1, 1);
INSERT INTO empregado_obrigatorio (id_risco, id_intervalo, id_empregado, quantidade) VALUES (1, 8, 3, 1);
INSERT INTO empregado_obrigatorio (id_risco, id_intervalo, id_empregado, quantidade) VALUES (1, 8, 4, 0);
INSERT INTO empregado_obrigatorio (id_risco, id_intervalo, id_empregado, quantidade, id_observacao) VALUES (1, 8, 5, 1, 1);
INSERT INTO empregado_obrigatorio (id_risco, id_intervalo, id_empregado, quantidade) VALUES (2, 1, 1, 0);
INSERT INTO empregado_obrigatorio (id_risco, id_intervalo, id_empregado, quantidade) VALUES (2, 1, 2, 0);
INSERT INTO empregado_obrigatorio (id_risco, id_intervalo, id_empregado, quantidade) VALUES (3, 1, 3, 0);
INSERT INTO empregado_obrigatorio (id_risco, id_intervalo, id_empregado, quantidade) VALUES (2, 1, 4, 0);
INSERT INTO empregado_obrigatorio (id_risco, id_intervalo, id_empregado, quantidade) VALUES (2, 1, 5, 0);
INSERT INTO empregado_obrigatorio (id_risco, id_intervalo, id_empregado, quantidade) VALUES (2, 2, 1, 0);
INSERT INTO empregado_obrigatorio (id_risco, id_intervalo, id_empregado, quantidade) VALUES (2, 2, 2, 0);
INSERT INTO empregado_obrigatorio (id_risco, id_intervalo, id_empregado, quantidade) VALUES (3, 2, 3, 0);
INSERT INTO empregado_obrigatorio (id_risco, id_intervalo, id_empregado, quantidade) VALUES (2, 2, 4, 0);
INSERT INTO empregado_obrigatorio (id_risco, id_intervalo, id_empregado, quantidade) VALUES (2, 2, 5, 0);
INSERT INTO empregado_obrigatorio (id_risco, id_intervalo, id_empregado, quantidade) VALUES (2, 3, 1, 0);
INSERT INTO empregado_obrigatorio (id_risco, id_intervalo, id_empregado, quantidade) VALUES (2, 3, 2, 0);
INSERT INTO empregado_obrigatorio (id_risco, id_intervalo, id_empregado, quantidade) VALUES (3, 3, 3, 0);
INSERT INTO empregado_obrigatorio (id_risco, id_intervalo, id_empregado, quantidade) VALUES (2, 3, 4, 0);
INSERT INTO empregado_obrigatorio (id_risco, id_intervalo, id_empregado, quantidade) VALUES (2, 3, 5, 0);
INSERT INTO empregado_obrigatorio (id_risco, id_intervalo, id_empregado, quantidade) VALUES (2, 4, 1, 1);
INSERT INTO empregado_obrigatorio (id_risco, id_intervalo, id_empregado, quantidade) VALUES (2, 4, 2, 0);
INSERT INTO empregado_obrigatorio (id_risco, id_intervalo, id_empregado, quantidade) VALUES (3, 4, 3, 0);
INSERT INTO empregado_obrigatorio (id_risco, id_intervalo, id_empregado, quantidade) VALUES (2, 4, 4, 0);
INSERT INTO empregado_obrigatorio (id_risco, id_intervalo, id_empregado, quantidade) VALUES (2, 4, 5, 0);
INSERT INTO empregado_obrigatorio (id_risco, id_intervalo, id_empregado, quantidade) VALUES (2, 5, 1, 1);
INSERT INTO empregado_obrigatorio (id_risco, id_intervalo, id_empregado, quantidade, id_observacao) VALUES (2, 5, 2, 1, 1);
INSERT INTO empregado_obrigatorio (id_risco, id_intervalo, id_empregado, quantidade) VALUES (3, 5, 3, 1);
INSERT INTO empregado_obrigatorio (id_risco, id_intervalo, id_empregado, quantidade) VALUES (2, 5, 4, 0);
INSERT INTO empregado_obrigatorio (id_risco, id_intervalo, id_empregado, quantidade, id_observacao) VALUES (2, 5, 5, 1, 1);
INSERT INTO empregado_obrigatorio (id_risco, id_intervalo, id_empregado, quantidade) VALUES (2, 6, 1, 2);
INSERT INTO empregado_obrigatorio (id_risco, id_intervalo, id_empregado, quantidade) VALUES (2, 6, 2, 1);
INSERT INTO empregado_obrigatorio (id_risco, id_intervalo, id_empregado, quantidade) VALUES (3, 6, 3, 1);
INSERT INTO empregado_obrigatorio (id_risco, id_intervalo, id_empregado, quantidade) VALUES (2, 6, 4, 0);
INSERT INTO empregado_obrigatorio (id_risco, id_intervalo, id_empregado, quantidade) VALUES (2, 6, 5, 1);
INSERT INTO empregado_obrigatorio (id_risco, id_intervalo, id_empregado, quantidade) VALUES (2, 7, 1, 5);
INSERT INTO empregado_obrigatorio (id_risco, id_intervalo, id_empregado, quantidade) VALUES (2, 7, 2, 1);
INSERT INTO empregado_obrigatorio (id_risco, id_intervalo, id_empregado, quantidade) VALUES (3, 7, 3, 1);
INSERT INTO empregado_obrigatorio (id_risco, id_intervalo, id_empregado, quantidade) VALUES (2, 7, 4, 1);
INSERT INTO empregado_obrigatorio (id_risco, id_intervalo, id_empregado, quantidade) VALUES (2, 7, 5, 1);
INSERT INTO empregado_obrigatorio (id_risco, id_intervalo, id_empregado, quantidade) VALUES (2, 8, 1, 1);
INSERT INTO empregado_obrigatorio (id_risco, id_intervalo, id_empregado, quantidade, id_observacao) VALUES (2, 8, 2, 1, 1);
INSERT INTO empregado_obrigatorio (id_risco, id_intervalo, id_empregado, quantidade) VALUES (3, 8, 3, 1);
INSERT INTO empregado_obrigatorio (id_risco, id_intervalo, id_empregado, quantidade) VALUES (2, 8, 4, 0);
INSERT INTO empregado_obrigatorio (id_risco, id_intervalo, id_empregado, quantidade) VALUES (2, 8, 5, 1);
INSERT INTO empregado_obrigatorio (id_risco, id_intervalo, id_empregado, quantidade) VALUES (3, 1, 1, 0);
INSERT INTO empregado_obrigatorio (id_risco, id_intervalo, id_empregado, quantidade) VALUES (3, 1, 2, 0);
INSERT INTO empregado_obrigatorio (id_risco, id_intervalo, id_empregado, quantidade) VALUES (3, 1, 3, 0);
INSERT INTO empregado_obrigatorio (id_risco, id_intervalo, id_empregado, quantidade) VALUES (3, 1, 4, 0);
INSERT INTO empregado_obrigatorio (id_risco, id_intervalo, id_empregado, quantidade) VALUES (3, 1, 5, 0);
INSERT INTO empregado_obrigatorio (id_risco, id_intervalo, id_empregado, quantidade) VALUES (3, 2, 1, 1);
INSERT INTO empregado_obrigatorio (id_risco, id_intervalo, id_empregado, quantidade) VALUES (3, 2, 2, 0);
INSERT INTO empregado_obrigatorio (id_risco, id_intervalo, id_empregado, quantidade) VALUES (3, 2, 3, 0);
INSERT INTO empregado_obrigatorio (id_risco, id_intervalo, id_empregado, quantidade) VALUES (3, 2, 4, 0);
INSERT INTO empregado_obrigatorio (id_risco, id_intervalo, id_empregado, quantidade) VALUES (3, 2, 5, 0);
INSERT INTO empregado_obrigatorio (id_risco, id_intervalo, id_empregado, quantidade) VALUES (3, 3, 1, 2);
INSERT INTO empregado_obrigatorio (id_risco, id_intervalo, id_empregado, quantidade) VALUES (3, 3, 2, 0);
INSERT INTO empregado_obrigatorio (id_risco, id_intervalo, id_empregado, quantidade) VALUES (3, 3, 3, 0);
INSERT INTO empregado_obrigatorio (id_risco, id_intervalo, id_empregado, quantidade) VALUES (3, 3, 4, 0);
INSERT INTO empregado_obrigatorio (id_risco, id_intervalo, id_empregado, quantidade) VALUES (3, 3, 5, 0);
INSERT INTO empregado_obrigatorio (id_risco, id_intervalo, id_empregado, quantidade) VALUES (3, 4, 1, 3);
INSERT INTO empregado_obrigatorio (id_risco, id_intervalo, id_empregado, quantidade, id_observacao) VALUES (3, 4, 2, 1, 1);
INSERT INTO empregado_obrigatorio (id_risco, id_intervalo, id_empregado, quantidade) VALUES (3, 4, 3, 0);
INSERT INTO empregado_obrigatorio (id_risco, id_intervalo, id_empregado, quantidade) VALUES (3, 4, 4, 0);
INSERT INTO empregado_obrigatorio (id_risco, id_intervalo, id_empregado, quantidade, id_observacao) VALUES (3, 4, 5, 1, 1);
INSERT INTO empregado_obrigatorio (id_risco, id_intervalo, id_empregado, quantidade) VALUES (3, 5, 1, 4);
INSERT INTO empregado_obrigatorio (id_risco, id_intervalo, id_empregado, quantidade) VALUES (3, 5, 2, 1);
INSERT INTO empregado_obrigatorio (id_risco, id_intervalo, id_empregado, quantidade) VALUES (3, 5, 3, 1);
INSERT INTO empregado_obrigatorio (id_risco, id_intervalo, id_empregado, quantidade) VALUES (3, 5, 4, 0);
INSERT INTO empregado_obrigatorio (id_risco, id_intervalo, id_empregado, quantidade) VALUES (3, 5, 5, 1);
INSERT INTO empregado_obrigatorio (id_risco, id_intervalo, id_empregado, quantidade) VALUES (3, 6, 1, 6);
INSERT INTO empregado_obrigatorio (id_risco, id_intervalo, id_empregado, quantidade) VALUES (3, 6, 2, 1);
INSERT INTO empregado_obrigatorio (id_risco, id_intervalo, id_empregado, quantidade) VALUES (3, 6, 3, 2);
INSERT INTO empregado_obrigatorio (id_risco, id_intervalo, id_empregado, quantidade) VALUES (3, 6, 4, 0);
INSERT INTO empregado_obrigatorio (id_risco, id_intervalo, id_empregado, quantidade) VALUES (3, 6, 5, 1);
INSERT INTO empregado_obrigatorio (id_risco, id_intervalo, id_empregado, quantidade) VALUES (3, 7, 1, 8);
INSERT INTO empregado_obrigatorio (id_risco, id_intervalo, id_empregado, quantidade) VALUES (3, 7, 2, 2);
INSERT INTO empregado_obrigatorio (id_risco, id_intervalo, id_empregado, quantidade) VALUES (3, 7, 3, 1);
INSERT INTO empregado_obrigatorio (id_risco, id_intervalo, id_empregado, quantidade) VALUES (3, 7, 4, 1);
INSERT INTO empregado_obrigatorio (id_risco, id_intervalo, id_empregado, quantidade) VALUES (3, 7, 5, 2);
INSERT INTO empregado_obrigatorio (id_risco, id_intervalo, id_empregado, quantidade) VALUES (3, 8, 1, 3);
INSERT INTO empregado_obrigatorio (id_risco, id_intervalo, id_empregado, quantidade) VALUES (3, 8, 2, 1);
INSERT INTO empregado_obrigatorio (id_risco, id_intervalo, id_empregado, quantidade) VALUES (3, 8, 3, 1);
INSERT INTO empregado_obrigatorio (id_risco, id_intervalo, id_empregado, quantidade) VALUES (3, 8, 4, 0);
INSERT INTO empregado_obrigatorio (id_risco, id_intervalo, id_empregado, quantidade) VALUES (3, 8, 5, 1);
INSERT INTO empregado_obrigatorio (id_risco, id_intervalo, id_empregado, quantidade) VALUES (4, 1, 1, 1);
INSERT INTO empregado_obrigatorio (id_risco, id_intervalo, id_empregado, quantidade) VALUES (4, 1, 2, 0);
INSERT INTO empregado_obrigatorio (id_risco, id_intervalo, id_empregado, quantidade) VALUES (4, 1, 3, 0);
INSERT INTO empregado_obrigatorio (id_risco, id_intervalo, id_empregado, quantidade) VALUES (4, 1, 4, 0);
INSERT INTO empregado_obrigatorio (id_risco, id_intervalo, id_empregado, quantidade) VALUES (4, 1, 5, 0);
INSERT INTO empregado_obrigatorio (id_risco, id_intervalo, id_empregado, quantidade) VALUES (4, 2, 1, 2);
INSERT INTO empregado_obrigatorio (id_risco, id_intervalo, id_empregado, quantidade, id_observacao) VALUES (4, 2, 2, 1, 1);
INSERT INTO empregado_obrigatorio (id_risco, id_intervalo, id_empregado, quantidade) VALUES (4, 2, 3, 0);
INSERT INTO empregado_obrigatorio (id_risco, id_intervalo, id_empregado, quantidade) VALUES (4, 2, 4, 0);
INSERT INTO empregado_obrigatorio (id_risco, id_intervalo, id_empregado, quantidade, id_observacao) VALUES (4, 2, 5, 1, 1);
INSERT INTO empregado_obrigatorio (id_risco, id_intervalo, id_empregado, quantidade) VALUES (4, 3, 1, 3);
INSERT INTO empregado_obrigatorio (id_risco, id_intervalo, id_empregado, quantidade, id_observacao) VALUES (4, 3, 2, 1, 1);
INSERT INTO empregado_obrigatorio (id_risco, id_intervalo, id_empregado, quantidade) VALUES (4, 3, 3, 0);
INSERT INTO empregado_obrigatorio (id_risco, id_intervalo, id_empregado, quantidade) VALUES (4, 3, 4, 0);
INSERT INTO empregado_obrigatorio (id_risco, id_intervalo, id_empregado, quantidade, id_observacao) VALUES (4, 3, 5, 1, 1);
INSERT INTO empregado_obrigatorio (id_risco, id_intervalo, id_empregado, quantidade) VALUES (4, 4, 1, 4);
INSERT INTO empregado_obrigatorio (id_risco, id_intervalo, id_empregado, quantidade) VALUES (4, 4, 2, 1);
INSERT INTO empregado_obrigatorio (id_risco, id_intervalo, id_empregado, quantidade) VALUES (4, 4, 3, 1);
INSERT INTO empregado_obrigatorio (id_risco, id_intervalo, id_empregado, quantidade) VALUES (4, 4, 4, 0);
INSERT INTO empregado_obrigatorio (id_risco, id_intervalo, id_empregado, quantidade) VALUES (4, 4, 5, 1);
INSERT INTO empregado_obrigatorio (id_risco, id_intervalo, id_empregado, quantidade) VALUES (4, 5, 1, 5);
INSERT INTO empregado_obrigatorio (id_risco, id_intervalo, id_empregado, quantidade) VALUES (4, 5, 2, 1);
INSERT INTO empregado_obrigatorio (id_risco, id_intervalo, id_empregado, quantidade) VALUES (4, 5, 3, 1);
INSERT INTO empregado_obrigatorio (id_risco, id_intervalo, id_empregado, quantidade) VALUES (4, 5, 4, 0);
INSERT INTO empregado_obrigatorio (id_risco, id_intervalo, id_empregado, quantidade) VALUES (4, 5, 5, 1);
INSERT INTO empregado_obrigatorio (id_risco, id_intervalo, id_empregado, quantidade) VALUES (4, 6, 1, 8);
INSERT INTO empregado_obrigatorio (id_risco, id_intervalo, id_empregado, quantidade) VALUES (4, 6, 2, 2);
INSERT INTO empregado_obrigatorio (id_risco, id_intervalo, id_empregado, quantidade) VALUES (4, 6, 3, 2);
INSERT INTO empregado_obrigatorio (id_risco, id_intervalo, id_empregado, quantidade) VALUES (4, 6, 4, 0);
INSERT INTO empregado_obrigatorio (id_risco, id_intervalo, id_empregado, quantidade) VALUES (4, 6, 5, 2);
INSERT INTO empregado_obrigatorio (id_risco, id_intervalo, id_empregado, quantidade) VALUES (4, 7, 1, 10);
INSERT INTO empregado_obrigatorio (id_risco, id_intervalo, id_empregado, quantidade) VALUES (4, 7, 2, 3);
INSERT INTO empregado_obrigatorio (id_risco, id_intervalo, id_empregado, quantidade) VALUES (4, 7, 3, 1);
INSERT INTO empregado_obrigatorio (id_risco, id_intervalo, id_empregado, quantidade) VALUES (4, 7, 4, 1);
INSERT INTO empregado_obrigatorio (id_risco, id_intervalo, id_empregado, quantidade) VALUES (4, 7, 5, 3);
INSERT INTO empregado_obrigatorio (id_risco, id_intervalo, id_empregado, quantidade) VALUES (4, 8, 1, 3);
INSERT INTO empregado_obrigatorio (id_risco, id_intervalo, id_empregado, quantidade) VALUES (4, 8, 2, 1);
INSERT INTO empregado_obrigatorio (id_risco, id_intervalo, id_empregado, quantidade) VALUES (4, 8, 3, 1);
INSERT INTO empregado_obrigatorio (id_risco, id_intervalo, id_empregado, quantidade) VALUES (4, 8, 4, 0);
INSERT INTO empregado_obrigatorio (id_risco, id_intervalo, id_empregado, quantidade) VALUES (4, 8, 5, 1);
-- FIM DA SQL PARA INSERIR empregado_obrigatorio --

-- INICIO DA SQL PARA INSERIR grupo_cipa --
INSERT INTO grupo_cipa (id_intervalo, cipa, tipo, quantidade) VALUES (9, 'C1', 0, 0);
INSERT INTO grupo_cipa (id_intervalo, cipa, tipo, quantidade) VALUES (9, 'C1', 1, 0);
INSERT INTO grupo_cipa (id_intervalo, cipa, tipo, quantidade) VALUES (10, 'C1', 0, 1);
INSERT INTO grupo_cipa (id_intervalo, cipa, tipo, quantidade) VALUES (10, 'C1', 1, 1);
INSERT INTO grupo_cipa (id_intervalo, cipa, tipo, quantidade) VALUES (11, 'C1', 0, 1);
INSERT INTO grupo_cipa (id_intervalo, cipa, tipo, quantidade) VALUES (11, 'C1', 1, 1);
INSERT INTO grupo_cipa (id_intervalo, cipa, tipo, quantidade) VALUES (12, 'C1', 0, 3);
INSERT INTO grupo_cipa (id_intervalo, cipa, tipo, quantidade) VALUES (12, 'C1', 1, 3);
INSERT INTO grupo_cipa (id_intervalo, cipa, tipo, quantidade) VALUES (13, 'C1', 0, 3);
INSERT INTO grupo_cipa (id_intervalo, cipa, tipo, quantidade) VALUES (13, 'C1', 1, 3);
INSERT INTO grupo_cipa (id_intervalo, cipa, tipo, quantidade) VALUES (14, 'C1', 0, 4);
INSERT INTO grupo_cipa (id_intervalo, cipa, tipo, quantidade) VALUES (14, 'C1', 1, 3);
INSERT INTO grupo_cipa (id_intervalo, cipa, tipo, quantidade) VALUES (15, 'C1', 0, 4);
INSERT INTO grupo_cipa (id_intervalo, cipa, tipo, quantidade) VALUES (15, 'C1', 1, 3);
INSERT INTO grupo_cipa (id_intervalo, cipa, tipo, quantidade) VALUES (16, 'C1', 0, 4);
INSERT INTO grupo_cipa (id_intervalo, cipa, tipo, quantidade) VALUES (16, 'C1', 1, 3);
INSERT INTO grupo_cipa (id_intervalo, cipa, tipo, quantidade) VALUES (17, 'C1', 0, 4);
INSERT INTO grupo_cipa (id_intervalo, cipa, tipo, quantidade) VALUES (17, 'C1', 1, 3);
INSERT INTO grupo_cipa (id_intervalo, cipa, tipo, quantidade) VALUES (18, 'C1', 0, 6);
INSERT INTO grupo_cipa (id_intervalo, cipa, tipo, quantidade) VALUES (18, 'C1', 1, 4);
INSERT INTO grupo_cipa (id_intervalo, cipa, tipo, quantidade) VALUES (19, 'C1', 0, 9);
INSERT INTO grupo_cipa (id_intervalo, cipa, tipo, quantidade) VALUES (19, 'C1', 1, 7);
INSERT INTO grupo_cipa (id_intervalo, cipa, tipo, quantidade) VALUES (20, 'C1', 0, 12);
INSERT INTO grupo_cipa (id_intervalo, cipa, tipo, quantidade) VALUES (20, 'C1', 1, 9);
INSERT INTO grupo_cipa (id_intervalo, cipa, tipo, quantidade) VALUES (21, 'C1', 0, 15);
INSERT INTO grupo_cipa (id_intervalo, cipa, tipo, quantidade) VALUES (21, 'C1', 1, 12);
INSERT INTO grupo_cipa (id_intervalo, cipa, tipo, quantidade) VALUES (22, 'C1', 0, 2);
INSERT INTO grupo_cipa (id_intervalo, cipa, tipo, quantidade) VALUES (22, 'C1', 1, 2);
INSERT INTO grupo_cipa (id_intervalo, cipa, tipo, quantidade) VALUES (9, 'C1a', 0, 0);
INSERT INTO grupo_cipa (id_intervalo, cipa, tipo, quantidade) VALUES (9, 'C1a', 1, 0);
INSERT INTO grupo_cipa (id_intervalo, cipa, tipo, quantidade) VALUES (10, 'C1a', 0, 1);
INSERT INTO grupo_cipa (id_intervalo, cipa, tipo, quantidade) VALUES (10, 'C1a', 1, 1);
INSERT INTO grupo_cipa (id_intervalo, cipa, tipo, quantidade) VALUES (11, 'C1a', 0, 1);
INSERT INTO grupo_cipa (id_intervalo, cipa, tipo, quantidade) VALUES (11, 'C1a', 1, 1);
INSERT INTO grupo_cipa (id_intervalo, cipa, tipo, quantidade) VALUES (12, 'C1a', 0, 3);
INSERT INTO grupo_cipa (id_intervalo, cipa, tipo, quantidade) VALUES (12, 'C1a', 1, 3);
INSERT INTO grupo_cipa (id_intervalo, cipa, tipo, quantidade) VALUES (13, 'C1a', 0, 3);
INSERT INTO grupo_cipa (id_intervalo, cipa, tipo, quantidade) VALUES (13, 'C1a', 1, 3);
INSERT INTO grupo_cipa (id_intervalo, cipa, tipo, quantidade) VALUES (14, 'C1a', 0, 4);
INSERT INTO grupo_cipa (id_intervalo, cipa, tipo, quantidade) VALUES (14, 'C1a', 1, 3);
INSERT INTO grupo_cipa (id_intervalo, cipa, tipo, quantidade) VALUES (15, 'C1a', 0, 4);
INSERT INTO grupo_cipa (id_intervalo, cipa, tipo, quantidade) VALUES (15, 'C1a', 1, 3);
INSERT INTO grupo_cipa (id_intervalo, cipa, tipo, quantidade) VALUES (16, 'C1a', 0, 4);
INSERT INTO grupo_cipa (id_intervalo, cipa, tipo, quantidade) VALUES (16, 'C1a', 1, 3);
INSERT INTO grupo_cipa (id_intervalo, cipa, tipo, quantidade) VALUES (17, 'C1a', 0, 4);
INSERT INTO grupo_cipa (id_intervalo, cipa, tipo, quantidade) VALUES (17, 'C1a', 1, 4);
INSERT INTO grupo_cipa (id_intervalo, cipa, tipo, quantidade) VALUES (18, 'C1a', 0, 6);
INSERT INTO grupo_cipa (id_intervalo, cipa, tipo, quantidade) VALUES (18, 'C1a', 1, 5);
INSERT INTO grupo_cipa (id_intervalo, cipa, tipo, quantidade) VALUES (19, 'C1a', 0, 9);
INSERT INTO grupo_cipa (id_intervalo, cipa, tipo, quantidade) VALUES (19, 'C1a', 1, 8);
INSERT INTO grupo_cipa (id_intervalo, cipa, tipo, quantidade) VALUES (20, 'C1a', 0, 12);
INSERT INTO grupo_cipa (id_intervalo, cipa, tipo, quantidade) VALUES (20, 'C1a', 1, 9);
INSERT INTO grupo_cipa (id_intervalo, cipa, tipo, quantidade) VALUES (21, 'C1a', 0, 15);
INSERT INTO grupo_cipa (id_intervalo, cipa, tipo, quantidade) VALUES (21, 'C1a', 1, 12);
INSERT INTO grupo_cipa (id_intervalo, cipa, tipo, quantidade) VALUES (22, 'C1a', 0, 2);
INSERT INTO grupo_cipa (id_intervalo, cipa, tipo, quantidade) VALUES (22, 'C1a', 1, 2);
INSERT INTO grupo_cipa (id_intervalo, cipa, tipo, quantidade) VALUES (9, 'C2', 0, 0);
INSERT INTO grupo_cipa (id_intervalo, cipa, tipo, quantidade) VALUES (9, 'C2', 1, 0);
INSERT INTO grupo_cipa (id_intervalo, cipa, tipo, quantidade) VALUES (10, 'C2', 0, 1);
INSERT INTO grupo_cipa (id_intervalo, cipa, tipo, quantidade) VALUES (10, 'C2', 1, 1);
INSERT INTO grupo_cipa (id_intervalo, cipa, tipo, quantidade) VALUES (11, 'C2', 0, 1);
INSERT INTO grupo_cipa (id_intervalo, cipa, tipo, quantidade) VALUES (11, 'C2', 1, 1);
INSERT INTO grupo_cipa (id_intervalo, cipa, tipo, quantidade) VALUES (12, 'C2', 0, 2);
INSERT INTO grupo_cipa (id_intervalo, cipa, tipo, quantidade) VALUES (12, 'C2', 1, 2);
INSERT INTO grupo_cipa (id_intervalo, cipa, tipo, quantidade) VALUES (13, 'C2', 0, 2);
INSERT INTO grupo_cipa (id_intervalo, cipa, tipo, quantidade) VALUES (13, 'C2', 1, 2);
INSERT INTO grupo_cipa (id_intervalo, cipa, tipo, quantidade) VALUES (14, 'C2', 0, 3);
INSERT INTO grupo_cipa (id_intervalo, cipa, tipo, quantidade) VALUES (14, 'C2', 1, 3);
INSERT INTO grupo_cipa (id_intervalo, cipa, tipo, quantidade) VALUES (15, 'C2', 0, 4);
INSERT INTO grupo_cipa (id_intervalo, cipa, tipo, quantidade) VALUES (15, 'C2', 1, 3);
INSERT INTO grupo_cipa (id_intervalo, cipa, tipo, quantidade) VALUES (16, 'C2', 0, 4);
INSERT INTO grupo_cipa (id_intervalo, cipa, tipo, quantidade) VALUES (16, 'C2', 1, 4);
INSERT INTO grupo_cipa (id_intervalo, cipa, tipo, quantidade) VALUES (17, 'C2', 0, 5);
INSERT INTO grupo_cipa (id_intervalo, cipa, tipo, quantidade) VALUES (17, 'C2', 1, 4);
INSERT INTO grupo_cipa (id_intervalo, cipa, tipo, quantidade) VALUES (18, 'C2', 0, 6);
INSERT INTO grupo_cipa (id_intervalo, cipa, tipo, quantidade) VALUES (18, 'C2', 1, 5);
INSERT INTO grupo_cipa (id_intervalo, cipa, tipo, quantidade) VALUES (19, 'C2', 0, 7);
INSERT INTO grupo_cipa (id_intervalo, cipa, tipo, quantidade) VALUES (19, 'C2', 1, 6);
INSERT INTO grupo_cipa (id_intervalo, cipa, tipo, quantidade) VALUES (20, 'C2', 0, 10);
INSERT INTO grupo_cipa (id_intervalo, cipa, tipo, quantidade) VALUES (20, 'C2', 1, 7);
INSERT INTO grupo_cipa (id_intervalo, cipa, tipo, quantidade) VALUES (21, 'C2', 0, 11);
INSERT INTO grupo_cipa (id_intervalo, cipa, tipo, quantidade) VALUES (21, 'C2', 1, 9);
INSERT INTO grupo_cipa (id_intervalo, cipa, tipo, quantidade) VALUES (22, 'C2', 0, 2);
INSERT INTO grupo_cipa (id_intervalo, cipa, tipo, quantidade) VALUES (22, 'C2', 1, 1);
INSERT INTO grupo_cipa (id_intervalo, cipa, tipo, quantidade) VALUES (9, 'C3', 0, 0);
INSERT INTO grupo_cipa (id_intervalo, cipa, tipo, quantidade) VALUES (9, 'C3', 1, 0);
INSERT INTO grupo_cipa (id_intervalo, cipa, tipo, quantidade) VALUES (10, 'C3', 0, 1);
INSERT INTO grupo_cipa (id_intervalo, cipa, tipo, quantidade) VALUES (10, 'C3', 1, 1);
INSERT INTO grupo_cipa (id_intervalo, cipa, tipo, quantidade) VALUES (11, 'C3', 0, 1);
INSERT INTO grupo_cipa (id_intervalo, cipa, tipo, quantidade) VALUES (11, 'C3', 1, 1);
INSERT INTO grupo_cipa (id_intervalo, cipa, tipo, quantidade) VALUES (12, 'C3', 0, 2);
INSERT INTO grupo_cipa (id_intervalo, cipa, tipo, quantidade) VALUES (12, 'C3', 1, 2);
INSERT INTO grupo_cipa (id_intervalo, cipa, tipo, quantidade) VALUES (13, 'C3', 0, 2);
INSERT INTO grupo_cipa (id_intervalo, cipa, tipo, quantidade) VALUES (13, 'C3', 1, 2);
INSERT INTO grupo_cipa (id_intervalo, cipa, tipo, quantidade) VALUES (14, 'C3', 0, 3);
INSERT INTO grupo_cipa (id_intervalo, cipa, tipo, quantidade) VALUES (14, 'C3', 1, 3);
INSERT INTO grupo_cipa (id_intervalo, cipa, tipo, quantidade) VALUES (15, 'C3', 0, 3);
INSERT INTO grupo_cipa (id_intervalo, cipa, tipo, quantidade) VALUES (15, 'C3', 1, 3);
INSERT INTO grupo_cipa (id_intervalo, cipa, tipo, quantidade) VALUES (16, 'C3', 0, 4);
INSERT INTO grupo_cipa (id_intervalo, cipa, tipo, quantidade) VALUES (16, 'C3', 1, 4);
INSERT INTO grupo_cipa (id_intervalo, cipa, tipo, quantidade) VALUES (17, 'C3', 0, 5);
INSERT INTO grupo_cipa (id_intervalo, cipa, tipo, quantidade) VALUES (17, 'C3', 1, 4);
INSERT INTO grupo_cipa (id_intervalo, cipa, tipo, quantidade) VALUES (18, 'C3', 0, 6);
INSERT INTO grupo_cipa (id_intervalo, cipa, tipo, quantidade) VALUES (18, 'C3', 1, 5);
INSERT INTO grupo_cipa (id_intervalo, cipa, tipo, quantidade) VALUES (19, 'C3', 0, 7);
INSERT INTO grupo_cipa (id_intervalo, cipa, tipo, quantidade) VALUES (19, 'C3', 1, 6);
INSERT INTO grupo_cipa (id_intervalo, cipa, tipo, quantidade) VALUES (20, 'C3', 0, 10);
INSERT INTO grupo_cipa (id_intervalo, cipa, tipo, quantidade) VALUES (20, 'C3', 1, 8);
INSERT INTO grupo_cipa (id_intervalo, cipa, tipo, quantidade) VALUES (21, 'C3', 0, 10);
INSERT INTO grupo_cipa (id_intervalo, cipa, tipo, quantidade) VALUES (21, 'C3', 1, 8);
INSERT INTO grupo_cipa (id_intervalo, cipa, tipo, quantidade) VALUES (22, 'C3', 0, 2);
INSERT INTO grupo_cipa (id_intervalo, cipa, tipo, quantidade) VALUES (22, 'C3', 1, 2);
INSERT INTO grupo_cipa (id_intervalo, cipa, tipo, quantidade) VALUES (9, 'C3a', 0, 0);
INSERT INTO grupo_cipa (id_intervalo, cipa, tipo, quantidade) VALUES (9, 'C3a', 1, 0);
INSERT INTO grupo_cipa (id_intervalo, cipa, tipo, quantidade) VALUES (10, 'C3a', 0, 0);
INSERT INTO grupo_cipa (id_intervalo, cipa, tipo, quantidade) VALUES (10, 'C3a', 1, 0);
INSERT INTO grupo_cipa (id_intervalo, cipa, tipo, quantidade) VALUES (11, 'C3a', 0, 0);
INSERT INTO grupo_cipa (id_intervalo, cipa, tipo, quantidade) VALUES (11, 'C3a', 1, 0);
INSERT INTO grupo_cipa (id_intervalo, cipa, tipo, quantidade) VALUES (12, 'C3a', 0, 1);
INSERT INTO grupo_cipa (id_intervalo, cipa, tipo, quantidade) VALUES (12, 'C3a', 1, 1);
INSERT INTO grupo_cipa (id_intervalo, cipa, tipo, quantidade) VALUES (13, 'C3a', 0, 1);
INSERT INTO grupo_cipa (id_intervalo, cipa, tipo, quantidade) VALUES (13, 'C3a', 1, 1);
INSERT INTO grupo_cipa (id_intervalo, cipa, tipo, quantidade) VALUES (14, 'C3a', 0, 2);
INSERT INTO grupo_cipa (id_intervalo, cipa, tipo, quantidade) VALUES (14, 'C3a', 1, 2);
INSERT INTO grupo_cipa (id_intervalo, cipa, tipo, quantidade) VALUES (15, 'C3a', 0, 2);
INSERT INTO grupo_cipa (id_intervalo, cipa, tipo, quantidade) VALUES (15, 'C3a', 1, 2);
INSERT INTO grupo_cipa (id_intervalo, cipa, tipo, quantidade) VALUES (16, 'C3a', 0, 2);
INSERT INTO grupo_cipa (id_intervalo, cipa, tipo, quantidade) VALUES (16, 'C3a', 1, 2);
INSERT INTO grupo_cipa (id_intervalo, cipa, tipo, quantidade) VALUES (17, 'C3a', 0, 3);
INSERT INTO grupo_cipa (id_intervalo, cipa, tipo, quantidade) VALUES (17, 'C3a', 1, 3);
INSERT INTO grupo_cipa (id_intervalo, cipa, tipo, quantidade) VALUES (18, 'C3a', 0, 3);
INSERT INTO grupo_cipa (id_intervalo, cipa, tipo, quantidade) VALUES (18, 'C3a', 1, 3);
INSERT INTO grupo_cipa (id_intervalo, cipa, tipo, quantidade) VALUES (19, 'C3a', 0, 4);
INSERT INTO grupo_cipa (id_intervalo, cipa, tipo, quantidade) VALUES (19, 'C3a', 1, 3);
INSERT INTO grupo_cipa (id_intervalo, cipa, tipo, quantidade) VALUES (20, 'C3a', 0, 5);
INSERT INTO grupo_cipa (id_intervalo, cipa, tipo, quantidade) VALUES (20, 'C3a', 1, 4);
INSERT INTO grupo_cipa (id_intervalo, cipa, tipo, quantidade) VALUES (21, 'C3a', 0, 6);
INSERT INTO grupo_cipa (id_intervalo, cipa, tipo, quantidade) VALUES (21, 'C3a', 1, 5);
INSERT INTO grupo_cipa (id_intervalo, cipa, tipo, quantidade) VALUES (22, 'C3a', 0, 1);
INSERT INTO grupo_cipa (id_intervalo, cipa, tipo, quantidade) VALUES (22, 'C3a', 1, 1);
INSERT INTO grupo_cipa (id_intervalo, cipa, tipo, quantidade) VALUES (9, 'C4', 0, 0);
INSERT INTO grupo_cipa (id_intervalo, cipa, tipo, quantidade) VALUES (9, 'C4', 1, 0);
INSERT INTO grupo_cipa (id_intervalo, cipa, tipo, quantidade) VALUES (10, 'C4', 0, 0);
INSERT INTO grupo_cipa (id_intervalo, cipa, tipo, quantidade) VALUES (10, 'C4', 1, 0);
INSERT INTO grupo_cipa (id_intervalo, cipa, tipo, quantidade) VALUES (11, 'C4', 0, 1);
INSERT INTO grupo_cipa (id_intervalo, cipa, tipo, quantidade) VALUES (11, 'C4', 1, 1);
INSERT INTO grupo_cipa (id_intervalo, cipa, tipo, quantidade) VALUES (12, 'C4', 0, 1);
INSERT INTO grupo_cipa (id_intervalo, cipa, tipo, quantidade) VALUES (12, 'C4', 1, 1);
INSERT INTO grupo_cipa (id_intervalo, cipa, tipo, quantidade) VALUES (13, 'C4', 0, 1);
INSERT INTO grupo_cipa (id_intervalo, cipa, tipo, quantidade) VALUES (13, 'C4', 1, 1);
INSERT INTO grupo_cipa (id_intervalo, cipa, tipo, quantidade) VALUES (14, 'C4', 0, 1);
INSERT INTO grupo_cipa (id_intervalo, cipa, tipo, quantidade) VALUES (14, 'C4', 1, 1);
INSERT INTO grupo_cipa (id_intervalo, cipa, tipo, quantidade) VALUES (15, 'C4', 0, 1);
INSERT INTO grupo_cipa (id_intervalo, cipa, tipo, quantidade) VALUES (15, 'C4', 1, 1);
INSERT INTO grupo_cipa (id_intervalo, cipa, tipo, quantidade) VALUES (16, 'C4', 0, 2);
INSERT INTO grupo_cipa (id_intervalo, cipa, tipo, quantidade) VALUES (16, 'C4', 1, 2);
INSERT INTO grupo_cipa (id_intervalo, cipa, tipo, quantidade) VALUES (17, 'C4', 0, 2);
INSERT INTO grupo_cipa (id_intervalo, cipa, tipo, quantidade) VALUES (17, 'C4', 1, 2);
INSERT INTO grupo_cipa (id_intervalo, cipa, tipo, quantidade) VALUES (18, 'C4', 0, 2);
INSERT INTO grupo_cipa (id_intervalo, cipa, tipo, quantidade) VALUES (18, 'C4', 1, 2);
INSERT INTO grupo_cipa (id_intervalo, cipa, tipo, quantidade) VALUES (19, 'C4', 0, 3);
INSERT INTO grupo_cipa (id_intervalo, cipa, tipo, quantidade) VALUES (19, 'C4', 1, 3);
INSERT INTO grupo_cipa (id_intervalo, cipa, tipo, quantidade) VALUES (20, 'C4', 0, 5);
INSERT INTO grupo_cipa (id_intervalo, cipa, tipo, quantidade) VALUES (20, 'C4', 1, 4);
INSERT INTO grupo_cipa (id_intervalo, cipa, tipo, quantidade) VALUES (21, 'C4', 0, 6);
INSERT INTO grupo_cipa (id_intervalo, cipa, tipo, quantidade) VALUES (21, 'C4', 1, 4);
INSERT INTO grupo_cipa (id_intervalo, cipa, tipo, quantidade) VALUES (22, 'C4', 0, 1);
INSERT INTO grupo_cipa (id_intervalo, cipa, tipo, quantidade) VALUES (22, 'C4', 1, 1);
INSERT INTO grupo_cipa (id_intervalo, cipa, tipo, quantidade) VALUES (9, 'C5', 0, 0);
INSERT INTO grupo_cipa (id_intervalo, cipa, tipo, quantidade) VALUES (9, 'C5', 1, 0);
INSERT INTO grupo_cipa (id_intervalo, cipa, tipo, quantidade) VALUES (10, 'C5', 0, 1);
INSERT INTO grupo_cipa (id_intervalo, cipa, tipo, quantidade) VALUES (10, 'C5', 1, 1);
INSERT INTO grupo_cipa (id_intervalo, cipa, tipo, quantidade) VALUES (11, 'C5', 0, 1);
INSERT INTO grupo_cipa (id_intervalo, cipa, tipo, quantidade) VALUES (11, 'C5', 1, 1);
INSERT INTO grupo_cipa (id_intervalo, cipa, tipo, quantidade) VALUES (12, 'C5', 0, 2);
INSERT INTO grupo_cipa (id_intervalo, cipa, tipo, quantidade) VALUES (12, 'C5', 1, 2);
INSERT INTO grupo_cipa (id_intervalo, cipa, tipo, quantidade) VALUES (13, 'C5', 0, 3);
INSERT INTO grupo_cipa (id_intervalo, cipa, tipo, quantidade) VALUES (13, 'C5', 1, 3);
INSERT INTO grupo_cipa (id_intervalo, cipa, tipo, quantidade) VALUES (14, 'C5', 0, 3);
INSERT INTO grupo_cipa (id_intervalo, cipa, tipo, quantidade) VALUES (14, 'C5', 1, 3);
INSERT INTO grupo_cipa (id_intervalo, cipa, tipo, quantidade) VALUES (15, 'C5', 0, 4);
INSERT INTO grupo_cipa (id_intervalo, cipa, tipo, quantidade) VALUES (15, 'C5', 1, 3);
INSERT INTO grupo_cipa (id_intervalo, cipa, tipo, quantidade) VALUES (16, 'C5', 0, 4);
INSERT INTO grupo_cipa (id_intervalo, cipa, tipo, quantidade) VALUES (16, 'C5', 1, 4);
INSERT INTO grupo_cipa (id_intervalo, cipa, tipo, quantidade) VALUES (17, 'C5', 0, 4);
INSERT INTO grupo_cipa (id_intervalo, cipa, tipo, quantidade) VALUES (17, 'C5', 1, 4);
INSERT INTO grupo_cipa (id_intervalo, cipa, tipo, quantidade) VALUES (18, 'C5', 0, 6);
INSERT INTO grupo_cipa (id_intervalo, cipa, tipo, quantidade) VALUES (18, 'C5', 1, 5);
INSERT INTO grupo_cipa (id_intervalo, cipa, tipo, quantidade) VALUES (19, 'C5', 0, 9);
INSERT INTO grupo_cipa (id_intervalo, cipa, tipo, quantidade) VALUES (19, 'C5', 1, 7);
INSERT INTO grupo_cipa (id_intervalo, cipa, tipo, quantidade) VALUES (20, 'C5', 0, 9);
INSERT INTO grupo_cipa (id_intervalo, cipa, tipo, quantidade) VALUES (20, 'C5', 1, 7);
INSERT INTO grupo_cipa (id_intervalo, cipa, tipo, quantidade) VALUES (21, 'C5', 0, 11);
INSERT INTO grupo_cipa (id_intervalo, cipa, tipo, quantidade) VALUES (21, 'C5', 1, 9);
INSERT INTO grupo_cipa (id_intervalo, cipa, tipo, quantidade) VALUES (22, 'C5', 0, 2);
INSERT INTO grupo_cipa (id_intervalo, cipa, tipo, quantidade) VALUES (22, 'C5', 1, 2);
INSERT INTO grupo_cipa (id_intervalo, cipa, tipo, quantidade) VALUES (9, 'C5a', 0, 0);
INSERT INTO grupo_cipa (id_intervalo, cipa, tipo, quantidade) VALUES (9, 'C5a', 1, 0);
INSERT INTO grupo_cipa (id_intervalo, cipa, tipo, quantidade) VALUES (10, 'C5a', 0, 0);
INSERT INTO grupo_cipa (id_intervalo, cipa, tipo, quantidade) VALUES (10, 'C5a', 1, 0);
INSERT INTO grupo_cipa (id_intervalo, cipa, tipo, quantidade) VALUES (11, 'C5a', 0, 0);
INSERT INTO grupo_cipa (id_intervalo, cipa, tipo, quantidade) VALUES (11, 'C5a', 1, 0);
INSERT INTO grupo_cipa (id_intervalo, cipa, tipo, quantidade) VALUES (12, 'C5a', 0, 1);
INSERT INTO grupo_cipa (id_intervalo, cipa, tipo, quantidade) VALUES (12, 'C5a', 1, 1);
INSERT INTO grupo_cipa (id_intervalo, cipa, tipo, quantidade) VALUES (13, 'C5a', 0, 1);
INSERT INTO grupo_cipa (id_intervalo, cipa, tipo, quantidade) VALUES (13, 'C5a', 1, 1);
INSERT INTO grupo_cipa (id_intervalo, cipa, tipo, quantidade) VALUES (14, 'C5a', 0, 2);
INSERT INTO grupo_cipa (id_intervalo, cipa, tipo, quantidade) VALUES (14, 'C5a', 1, 2);
INSERT INTO grupo_cipa (id_intervalo, cipa, tipo, quantidade) VALUES (15, 'C5a', 0, 2);
INSERT INTO grupo_cipa (id_intervalo, cipa, tipo, quantidade) VALUES (15, 'C5a', 1, 2);
INSERT INTO grupo_cipa (id_intervalo, cipa, tipo, quantidade) VALUES (16, 'C5a', 0, 2);
INSERT INTO grupo_cipa (id_intervalo, cipa, tipo, quantidade) VALUES (16, 'C5a', 1, 2);
INSERT INTO grupo_cipa (id_intervalo, cipa, tipo, quantidade) VALUES (17, 'C5a', 0, 3);
INSERT INTO grupo_cipa (id_intervalo, cipa, tipo, quantidade) VALUES (17, 'C5a', 1, 3);
INSERT INTO grupo_cipa (id_intervalo, cipa, tipo, quantidade) VALUES (18, 'C5a', 0, 3);
INSERT INTO grupo_cipa (id_intervalo, cipa, tipo, quantidade) VALUES (18, 'C5a', 1, 3);
INSERT INTO grupo_cipa (id_intervalo, cipa, tipo, quantidade) VALUES (19, 'C5a', 0, 4);
INSERT INTO grupo_cipa (id_intervalo, cipa, tipo, quantidade) VALUES (19, 'C5a', 1, 3);
INSERT INTO grupo_cipa (id_intervalo, cipa, tipo, quantidade) VALUES (20, 'C5a', 0, 6);
INSERT INTO grupo_cipa (id_intervalo, cipa, tipo, quantidade) VALUES (20, 'C5a', 1, 4);
INSERT INTO grupo_cipa (id_intervalo, cipa, tipo, quantidade) VALUES (21, 'C5a', 0, 7);
INSERT INTO grupo_cipa (id_intervalo, cipa, tipo, quantidade) VALUES (21, 'C5a', 1, 5);
INSERT INTO grupo_cipa (id_intervalo, cipa, tipo, quantidade) VALUES (22, 'C5a', 0, 1);
INSERT INTO grupo_cipa (id_intervalo, cipa, tipo, quantidade) VALUES (22, 'C5a', 1, 1);
INSERT INTO grupo_cipa (id_intervalo, cipa, tipo, quantidade) VALUES (9, 'C6', 0, 0);
INSERT INTO grupo_cipa (id_intervalo, cipa, tipo, quantidade) VALUES (9, 'C6', 1, 0);
INSERT INTO grupo_cipa (id_intervalo, cipa, tipo, quantidade) VALUES (10, 'C6', 0, 1);
INSERT INTO grupo_cipa (id_intervalo, cipa, tipo, quantidade) VALUES (10, 'C6', 1, 1);
INSERT INTO grupo_cipa (id_intervalo, cipa, tipo, quantidade) VALUES (11, 'C6', 0, 1);
INSERT INTO grupo_cipa (id_intervalo, cipa, tipo, quantidade) VALUES (11, 'C6', 1, 1);
INSERT INTO grupo_cipa (id_intervalo, cipa, tipo, quantidade) VALUES (12, 'C6', 0, 2);
INSERT INTO grupo_cipa (id_intervalo, cipa, tipo, quantidade) VALUES (12, 'C6', 1, 2);
INSERT INTO grupo_cipa (id_intervalo, cipa, tipo, quantidade) VALUES (13, 'C6', 0, 3);
INSERT INTO grupo_cipa (id_intervalo, cipa, tipo, quantidade) VALUES (13, 'C6', 1, 3);
INSERT INTO grupo_cipa (id_intervalo, cipa, tipo, quantidade) VALUES (14, 'C6', 0, 3);
INSERT INTO grupo_cipa (id_intervalo, cipa, tipo, quantidade) VALUES (14, 'C6', 1, 3);
INSERT INTO grupo_cipa (id_intervalo, cipa, tipo, quantidade) VALUES (15, 'C6', 0, 4);
INSERT INTO grupo_cipa (id_intervalo, cipa, tipo, quantidade) VALUES (15, 'C6', 1, 3);
INSERT INTO grupo_cipa (id_intervalo, cipa, tipo, quantidade) VALUES (16, 'C6', 0, 5);
INSERT INTO grupo_cipa (id_intervalo, cipa, tipo, quantidade) VALUES (16, 'C6', 1, 4);
INSERT INTO grupo_cipa (id_intervalo, cipa, tipo, quantidade) VALUES (17, 'C6', 0, 5);
INSERT INTO grupo_cipa (id_intervalo, cipa, tipo, quantidade) VALUES (17, 'C6', 1, 4);
INSERT INTO grupo_cipa (id_intervalo, cipa, tipo, quantidade) VALUES (18, 'C6', 0, 6);
INSERT INTO grupo_cipa (id_intervalo, cipa, tipo, quantidade) VALUES (18, 'C6', 1, 4);
INSERT INTO grupo_cipa (id_intervalo, cipa, tipo, quantidade) VALUES (19, 'C6', 0, 8);
INSERT INTO grupo_cipa (id_intervalo, cipa, tipo, quantidade) VALUES (19, 'C6', 1, 6);
INSERT INTO grupo_cipa (id_intervalo, cipa, tipo, quantidade) VALUES (20, 'C6', 0, 10);
INSERT INTO grupo_cipa (id_intervalo, cipa, tipo, quantidade) VALUES (20, 'C6', 1, 8);
INSERT INTO grupo_cipa (id_intervalo, cipa, tipo, quantidade) VALUES (21, 'C6', 0, 12);
INSERT INTO grupo_cipa (id_intervalo, cipa, tipo, quantidade) VALUES (21, 'C6', 1, 10);
INSERT INTO grupo_cipa (id_intervalo, cipa, tipo, quantidade) VALUES (22, 'C6', 0, 2);
INSERT INTO grupo_cipa (id_intervalo, cipa, tipo, quantidade) VALUES (22, 'C6', 1, 2);
INSERT INTO grupo_cipa (id_intervalo, cipa, tipo, quantidade) VALUES (9, 'C7', 0, 0);
INSERT INTO grupo_cipa (id_intervalo, cipa, tipo, quantidade) VALUES (9, 'C7', 1, 0);
INSERT INTO grupo_cipa (id_intervalo, cipa, tipo, quantidade) VALUES (10, 'C7', 0, 0);
INSERT INTO grupo_cipa (id_intervalo, cipa, tipo, quantidade) VALUES (10, 'C7', 1, 0);
INSERT INTO grupo_cipa (id_intervalo, cipa, tipo, quantidade) VALUES (11, 'C7', 0, 0);
INSERT INTO grupo_cipa (id_intervalo, cipa, tipo, quantidade) VALUES (11, 'C7', 1, 0);
INSERT INTO grupo_cipa (id_intervalo, cipa, tipo, quantidade) VALUES (12, 'C7', 0, 1);
INSERT INTO grupo_cipa (id_intervalo, cipa, tipo, quantidade) VALUES (12, 'C7', 1, 1);
INSERT INTO grupo_cipa (id_intervalo, cipa, tipo, quantidade) VALUES (13, 'C7', 0, 1);
INSERT INTO grupo_cipa (id_intervalo, cipa, tipo, quantidade) VALUES (13, 'C7', 1, 1);
INSERT INTO grupo_cipa (id_intervalo, cipa, tipo, quantidade) VALUES (14, 'C7', 0, 2);
INSERT INTO grupo_cipa (id_intervalo, cipa, tipo, quantidade) VALUES (14, 'C7', 1, 2);
INSERT INTO grupo_cipa (id_intervalo, cipa, tipo, quantidade) VALUES (15, 'C7', 0, 2);
INSERT INTO grupo_cipa (id_intervalo, cipa, tipo, quantidade) VALUES (15, 'C7', 1, 2);
INSERT INTO grupo_cipa (id_intervalo, cipa, tipo, quantidade) VALUES (16, 'C7', 0, 2);
INSERT INTO grupo_cipa (id_intervalo, cipa, tipo, quantidade) VALUES (16, 'C7', 1, 2);
INSERT INTO grupo_cipa (id_intervalo, cipa, tipo, quantidade) VALUES (17, 'C7', 0, 2);
INSERT INTO grupo_cipa (id_intervalo, cipa, tipo, quantidade) VALUES (17, 'C7', 1, 2);
INSERT INTO grupo_cipa (id_intervalo, cipa, tipo, quantidade) VALUES (18, 'C7', 0, 3);
INSERT INTO grupo_cipa (id_intervalo, cipa, tipo, quantidade) VALUES (18, 'C7', 1, 3);
INSERT INTO grupo_cipa (id_intervalo, cipa, tipo, quantidade) VALUES (19, 'C7', 0, 4);
INSERT INTO grupo_cipa (id_intervalo, cipa, tipo, quantidade) VALUES (19, 'C7', 1, 3);
INSERT INTO grupo_cipa (id_intervalo, cipa, tipo, quantidade) VALUES (20, 'C7', 0, 5);
INSERT INTO grupo_cipa (id_intervalo, cipa, tipo, quantidade) VALUES (20, 'C7', 1, 4);
INSERT INTO grupo_cipa (id_intervalo, cipa, tipo, quantidade) VALUES (21, 'C7', 0, 6);
INSERT INTO grupo_cipa (id_intervalo, cipa, tipo, quantidade) VALUES (21, 'C7', 1, 4);
INSERT INTO grupo_cipa (id_intervalo, cipa, tipo, quantidade) VALUES (22, 'C7', 0, 1);
INSERT INTO grupo_cipa (id_intervalo, cipa, tipo, quantidade) VALUES (22, 'C7', 1, 1);
INSERT INTO grupo_cipa (id_intervalo, cipa, tipo, quantidade) VALUES (9, 'C7a', 0, 0);
INSERT INTO grupo_cipa (id_intervalo, cipa, tipo, quantidade) VALUES (9, 'C7a', 1, 0);
INSERT INTO grupo_cipa (id_intervalo, cipa, tipo, quantidade) VALUES (10, 'C7a', 0, 1);
INSERT INTO grupo_cipa (id_intervalo, cipa, tipo, quantidade) VALUES (10, 'C7a', 1, 1);
INSERT INTO grupo_cipa (id_intervalo, cipa, tipo, quantidade) VALUES (11, 'C7a', 0, 1);
INSERT INTO grupo_cipa (id_intervalo, cipa, tipo, quantidade) VALUES (11, 'C7a', 1, 1);
INSERT INTO grupo_cipa (id_intervalo, cipa, tipo, quantidade) VALUES (12, 'C7a', 0, 2);
INSERT INTO grupo_cipa (id_intervalo, cipa, tipo, quantidade) VALUES (12, 'C7a', 1, 2);
INSERT INTO grupo_cipa (id_intervalo, cipa, tipo, quantidade) VALUES (13, 'C7a', 0, 2);
INSERT INTO grupo_cipa (id_intervalo, cipa, tipo, quantidade) VALUES (13, 'C7a', 1, 2);
INSERT INTO grupo_cipa (id_intervalo, cipa, tipo, quantidade) VALUES (14, 'C7a', 0, 3);
INSERT INTO grupo_cipa (id_intervalo, cipa, tipo, quantidade) VALUES (14, 'C7a', 1, 3);
INSERT INTO grupo_cipa (id_intervalo, cipa, tipo, quantidade) VALUES (15, 'C7a', 0, 3);
INSERT INTO grupo_cipa (id_intervalo, cipa, tipo, quantidade) VALUES (15, 'C7a', 1, 3);
INSERT INTO grupo_cipa (id_intervalo, cipa, tipo, quantidade) VALUES (16, 'C7a', 0, 4);
INSERT INTO grupo_cipa (id_intervalo, cipa, tipo, quantidade) VALUES (16, 'C7a', 1, 3);
INSERT INTO grupo_cipa (id_intervalo, cipa, tipo, quantidade) VALUES (17, 'C7a', 0, 5);
INSERT INTO grupo_cipa (id_intervalo, cipa, tipo, quantidade) VALUES (17, 'C7a', 1, 4);
INSERT INTO grupo_cipa (id_intervalo, cipa, tipo, quantidade) VALUES (18, 'C7a', 0, 6);
INSERT INTO grupo_cipa (id_intervalo, cipa, tipo, quantidade) VALUES (18, 'C7a', 1, 5);
INSERT INTO grupo_cipa (id_intervalo, cipa, tipo, quantidade) VALUES (19, 'C7a', 0, 8);
INSERT INTO grupo_cipa (id_intervalo, cipa, tipo, quantidade) VALUES (19, 'C7a', 1, 7);
INSERT INTO grupo_cipa (id_intervalo, cipa, tipo, quantidade) VALUES (20, 'C7a', 0, 9);
INSERT INTO grupo_cipa (id_intervalo, cipa, tipo, quantidade) VALUES (20, 'C7a', 1, 8);
INSERT INTO grupo_cipa (id_intervalo, cipa, tipo, quantidade) VALUES (21, 'C7a', 0, 10);
INSERT INTO grupo_cipa (id_intervalo, cipa, tipo, quantidade) VALUES (21, 'C7a', 1, 8);
INSERT INTO grupo_cipa (id_intervalo, cipa, tipo, quantidade) VALUES (22, 'C7a', 0, 2);
INSERT INTO grupo_cipa (id_intervalo, cipa, tipo, quantidade) VALUES (22, 'C7a', 1, 2);
INSERT INTO grupo_cipa (id_intervalo, cipa, tipo, quantidade) VALUES (9, 'C8', 0, 0);
INSERT INTO grupo_cipa (id_intervalo, cipa, tipo, quantidade) VALUES (9, 'C8', 1, 0);
INSERT INTO grupo_cipa (id_intervalo, cipa, tipo, quantidade) VALUES (10, 'C8', 0, 1);
INSERT INTO grupo_cipa (id_intervalo, cipa, tipo, quantidade) VALUES (10, 'C8', 1, 1);
INSERT INTO grupo_cipa (id_intervalo, cipa, tipo, quantidade) VALUES (11, 'C8', 0, 1);
INSERT INTO grupo_cipa (id_intervalo, cipa, tipo, quantidade) VALUES (11, 'C8', 1, 1);
INSERT INTO grupo_cipa (id_intervalo, cipa, tipo, quantidade) VALUES (12, 'C8', 0, 2);
INSERT INTO grupo_cipa (id_intervalo, cipa, tipo, quantidade) VALUES (12, 'C8', 1, 2);
INSERT INTO grupo_cipa (id_intervalo, cipa, tipo, quantidade) VALUES (13, 'C8', 0, 2);
INSERT INTO grupo_cipa (id_intervalo, cipa, tipo, quantidade) VALUES (13, 'C8', 1, 2);
INSERT INTO grupo_cipa (id_intervalo, cipa, tipo, quantidade) VALUES (14, 'C8', 0, 3);
INSERT INTO grupo_cipa (id_intervalo, cipa, tipo, quantidade) VALUES (14, 'C8', 1, 3);
INSERT INTO grupo_cipa (id_intervalo, cipa, tipo, quantidade) VALUES (15, 'C8', 0, 3);
INSERT INTO grupo_cipa (id_intervalo, cipa, tipo, quantidade) VALUES (15, 'C8', 1, 3);
INSERT INTO grupo_cipa (id_intervalo, cipa, tipo, quantidade) VALUES (16, 'C8', 0, 4);
INSERT INTO grupo_cipa (id_intervalo, cipa, tipo, quantidade) VALUES (16, 'C8', 1, 3);
INSERT INTO grupo_cipa (id_intervalo, cipa, tipo, quantidade) VALUES (17, 'C8', 0, 5);
INSERT INTO grupo_cipa (id_intervalo, cipa, tipo, quantidade) VALUES (17, 'C8', 1, 4);
INSERT INTO grupo_cipa (id_intervalo, cipa, tipo, quantidade) VALUES (18, 'C8', 0, 6);
INSERT INTO grupo_cipa (id_intervalo, cipa, tipo, quantidade) VALUES (18, 'C8', 1, 4);
INSERT INTO grupo_cipa (id_intervalo, cipa, tipo, quantidade) VALUES (19, 'C8', 0, 7);
INSERT INTO grupo_cipa (id_intervalo, cipa, tipo, quantidade) VALUES (19, 'C8', 1, 5);
INSERT INTO grupo_cipa (id_intervalo, cipa, tipo, quantidade) VALUES (20, 'C8', 0, 8);
INSERT INTO grupo_cipa (id_intervalo, cipa, tipo, quantidade) VALUES (20, 'C8', 1, 6);
INSERT INTO grupo_cipa (id_intervalo, cipa, tipo, quantidade) VALUES (21, 'C8', 0, 10);
INSERT INTO grupo_cipa (id_intervalo, cipa, tipo, quantidade) VALUES (21, 'C8', 1, 8);
INSERT INTO grupo_cipa (id_intervalo, cipa, tipo, quantidade) VALUES (22, 'C8', 0, 1);
INSERT INTO grupo_cipa (id_intervalo, cipa, tipo, quantidade) VALUES (22, 'C8', 1, 1);
INSERT INTO grupo_cipa (id_intervalo, cipa, tipo, quantidade) VALUES (9, 'C9', 0, 0);
INSERT INTO grupo_cipa (id_intervalo, cipa, tipo, quantidade) VALUES (9, 'C9', 1, 0);
INSERT INTO grupo_cipa (id_intervalo, cipa, tipo, quantidade) VALUES (10, 'C9', 0, 0);
INSERT INTO grupo_cipa (id_intervalo, cipa, tipo, quantidade) VALUES (10, 'C9', 1, 0);
INSERT INTO grupo_cipa (id_intervalo, cipa, tipo, quantidade) VALUES (11, 'C9', 0, 0);
INSERT INTO grupo_cipa (id_intervalo, cipa, tipo, quantidade) VALUES (11, 'C9', 1, 0);
INSERT INTO grupo_cipa (id_intervalo, cipa, tipo, quantidade) VALUES (12, 'C9', 0, 1);
INSERT INTO grupo_cipa (id_intervalo, cipa, tipo, quantidade) VALUES (12, 'C9', 1, 1);
INSERT INTO grupo_cipa (id_intervalo, cipa, tipo, quantidade) VALUES (13, 'C9', 0, 1);
INSERT INTO grupo_cipa (id_intervalo, cipa, tipo, quantidade) VALUES (13, 'C9', 1, 1);
INSERT INTO grupo_cipa (id_intervalo, cipa, tipo, quantidade) VALUES (14, 'C9', 0, 1);
INSERT INTO grupo_cipa (id_intervalo, cipa, tipo, quantidade) VALUES (14, 'C9', 1, 1);
INSERT INTO grupo_cipa (id_intervalo, cipa, tipo, quantidade) VALUES (15, 'C9', 0, 2);
INSERT INTO grupo_cipa (id_intervalo, cipa, tipo, quantidade) VALUES (15, 'C9', 1, 2);
INSERT INTO grupo_cipa (id_intervalo, cipa, tipo, quantidade) VALUES (16, 'C9', 0, 2);
INSERT INTO grupo_cipa (id_intervalo, cipa, tipo, quantidade) VALUES (16, 'C9', 1, 2);
INSERT INTO grupo_cipa (id_intervalo, cipa, tipo, quantidade) VALUES (17, 'C9', 0, 2);
INSERT INTO grupo_cipa (id_intervalo, cipa, tipo, quantidade) VALUES (17, 'C9', 1, 2);
INSERT INTO grupo_cipa (id_intervalo, cipa, tipo, quantidade) VALUES (18, 'C9', 0, 3);
INSERT INTO grupo_cipa (id_intervalo, cipa, tipo, quantidade) VALUES (18, 'C9', 1, 3);
INSERT INTO grupo_cipa (id_intervalo, cipa, tipo, quantidade) VALUES (19, 'C9', 0, 5);
INSERT INTO grupo_cipa (id_intervalo, cipa, tipo, quantidade) VALUES (19, 'C9', 1, 4);
INSERT INTO grupo_cipa (id_intervalo, cipa, tipo, quantidade) VALUES (20, 'C9', 0, 6);
INSERT INTO grupo_cipa (id_intervalo, cipa, tipo, quantidade) VALUES (20, 'C9', 1, 4);
INSERT INTO grupo_cipa (id_intervalo, cipa, tipo, quantidade) VALUES (21, 'C9', 0, 7);
INSERT INTO grupo_cipa (id_intervalo, cipa, tipo, quantidade) VALUES (21, 'C9', 1, 5);
INSERT INTO grupo_cipa (id_intervalo, cipa, tipo, quantidade) VALUES (22, 'C9', 0, 1);
INSERT INTO grupo_cipa (id_intervalo, cipa, tipo, quantidade) VALUES (22, 'C9', 1, 1);
INSERT INTO grupo_cipa (id_intervalo, cipa, tipo, quantidade) VALUES (9, 'C10', 0, 0);
INSERT INTO grupo_cipa (id_intervalo, cipa, tipo, quantidade) VALUES (9, 'C10', 1, 0);
INSERT INTO grupo_cipa (id_intervalo, cipa, tipo, quantidade) VALUES (10, 'C10', 0, 1);
INSERT INTO grupo_cipa (id_intervalo, cipa, tipo, quantidade) VALUES (10, 'C10', 1, 1);
INSERT INTO grupo_cipa (id_intervalo, cipa, tipo, quantidade) VALUES (11, 'C10', 0, 1);
INSERT INTO grupo_cipa (id_intervalo, cipa, tipo, quantidade) VALUES (11, 'C10', 1, 1);
INSERT INTO grupo_cipa (id_intervalo, cipa, tipo, quantidade) VALUES (12, 'C10', 0, 2);
INSERT INTO grupo_cipa (id_intervalo, cipa, tipo, quantidade) VALUES (12, 'C10', 1, 2);
INSERT INTO grupo_cipa (id_intervalo, cipa, tipo, quantidade) VALUES (13, 'C10', 0, 2);
INSERT INTO grupo_cipa (id_intervalo, cipa, tipo, quantidade) VALUES (13, 'C10', 1, 2);
INSERT INTO grupo_cipa (id_intervalo, cipa, tipo, quantidade) VALUES (14, 'C10', 0, 3);
INSERT INTO grupo_cipa (id_intervalo, cipa, tipo, quantidade) VALUES (14, 'C10', 1, 3);
INSERT INTO grupo_cipa (id_intervalo, cipa, tipo, quantidade) VALUES (15, 'C10', 0, 3);
INSERT INTO grupo_cipa (id_intervalo, cipa, tipo, quantidade) VALUES (15, 'C10', 1, 3);
INSERT INTO grupo_cipa (id_intervalo, cipa, tipo, quantidade) VALUES (16, 'C10', 0, 4);
INSERT INTO grupo_cipa (id_intervalo, cipa, tipo, quantidade) VALUES (16, 'C10', 1, 3);
INSERT INTO grupo_cipa (id_intervalo, cipa, tipo, quantidade) VALUES (17, 'C10', 0, 4);
INSERT INTO grupo_cipa (id_intervalo, cipa, tipo, quantidade) VALUES (17, 'C10', 1, 4);
INSERT INTO grupo_cipa (id_intervalo, cipa, tipo, quantidade) VALUES (18, 'C10', 0, 5);
INSERT INTO grupo_cipa (id_intervalo, cipa, tipo, quantidade) VALUES (18, 'C10', 1, 4);
INSERT INTO grupo_cipa (id_intervalo, cipa, tipo, quantidade) VALUES (19, 'C10', 0, 8);
INSERT INTO grupo_cipa (id_intervalo, cipa, tipo, quantidade) VALUES (19, 'C10', 1, 6);
INSERT INTO grupo_cipa (id_intervalo, cipa, tipo, quantidade) VALUES (20, 'C10', 0, 9);
INSERT INTO grupo_cipa (id_intervalo, cipa, tipo, quantidade) VALUES (20, 'C10', 1, 7);
INSERT INTO grupo_cipa (id_intervalo, cipa, tipo, quantidade) VALUES (21, 'C10', 0, 10);
INSERT INTO grupo_cipa (id_intervalo, cipa, tipo, quantidade) VALUES (21, 'C10', 1, 8);
INSERT INTO grupo_cipa (id_intervalo, cipa, tipo, quantidade) VALUES (22, 'C10', 0, 2);
INSERT INTO grupo_cipa (id_intervalo, cipa, tipo, quantidade) VALUES (22, 'C10', 1, 2);
INSERT INTO grupo_cipa (id_intervalo, cipa, tipo, quantidade) VALUES (9, 'C11', 0, 0);
INSERT INTO grupo_cipa (id_intervalo, cipa, tipo, quantidade) VALUES (9, 'C11', 1, 0);
INSERT INTO grupo_cipa (id_intervalo, cipa, tipo, quantidade) VALUES (10, 'C11', 0, 1);
INSERT INTO grupo_cipa (id_intervalo, cipa, tipo, quantidade) VALUES (10, 'C11', 1, 1);
INSERT INTO grupo_cipa (id_intervalo, cipa, tipo, quantidade) VALUES (11, 'C11', 0, 1);
INSERT INTO grupo_cipa (id_intervalo, cipa, tipo, quantidade) VALUES (11, 'C11', 1, 1);
INSERT INTO grupo_cipa (id_intervalo, cipa, tipo, quantidade) VALUES (12, 'C11', 0, 2);
INSERT INTO grupo_cipa (id_intervalo, cipa, tipo, quantidade) VALUES (12, 'C11', 1, 2);
INSERT INTO grupo_cipa (id_intervalo, cipa, tipo, quantidade) VALUES (13, 'C11', 0, 3);
INSERT INTO grupo_cipa (id_intervalo, cipa, tipo, quantidade) VALUES (13, 'C11', 1, 3);
INSERT INTO grupo_cipa (id_intervalo, cipa, tipo, quantidade) VALUES (14, 'C11', 0, 3);
INSERT INTO grupo_cipa (id_intervalo, cipa, tipo, quantidade) VALUES (14, 'C11', 1, 3);
INSERT INTO grupo_cipa (id_intervalo, cipa, tipo, quantidade) VALUES (15, 'C11', 0, 4);
INSERT INTO grupo_cipa (id_intervalo, cipa, tipo, quantidade) VALUES (15, 'C11', 1, 3);
INSERT INTO grupo_cipa (id_intervalo, cipa, tipo, quantidade) VALUES (16, 'C11', 0, 4);
INSERT INTO grupo_cipa (id_intervalo, cipa, tipo, quantidade) VALUES (16, 'C11', 1, 3);
INSERT INTO grupo_cipa (id_intervalo, cipa, tipo, quantidade) VALUES (17, 'C11', 0, 5);
INSERT INTO grupo_cipa (id_intervalo, cipa, tipo, quantidade) VALUES (17, 'C11', 1, 4);
INSERT INTO grupo_cipa (id_intervalo, cipa, tipo, quantidade) VALUES (18, 'C11', 0, 6);
INSERT INTO grupo_cipa (id_intervalo, cipa, tipo, quantidade) VALUES (18, 'C11', 1, 4);
INSERT INTO grupo_cipa (id_intervalo, cipa, tipo, quantidade) VALUES (19, 'C11', 0, 9);
INSERT INTO grupo_cipa (id_intervalo, cipa, tipo, quantidade) VALUES (19, 'C11', 1, 7);
INSERT INTO grupo_cipa (id_intervalo, cipa, tipo, quantidade) VALUES (20, 'C11', 0, 10);
INSERT INTO grupo_cipa (id_intervalo, cipa, tipo, quantidade) VALUES (20, 'C11', 1, 8);
INSERT INTO grupo_cipa (id_intervalo, cipa, tipo, quantidade) VALUES (21, 'C11', 0, 12);
INSERT INTO grupo_cipa (id_intervalo, cipa, tipo, quantidade) VALUES (21, 'C11', 1, 10);
INSERT INTO grupo_cipa (id_intervalo, cipa, tipo, quantidade) VALUES (22, 'C11', 0, 2);
INSERT INTO grupo_cipa (id_intervalo, cipa, tipo, quantidade) VALUES (22, 'C11', 1, 2);
INSERT INTO grupo_cipa (id_intervalo, cipa, tipo, quantidade) VALUES (9, 'C12', 0, 0);
INSERT INTO grupo_cipa (id_intervalo, cipa, tipo, quantidade) VALUES (9, 'C12', 1, 0);
INSERT INTO grupo_cipa (id_intervalo, cipa, tipo, quantidade) VALUES (10, 'C12', 0, 1);
INSERT INTO grupo_cipa (id_intervalo, cipa, tipo, quantidade) VALUES (10, 'C12', 1, 1);
INSERT INTO grupo_cipa (id_intervalo, cipa, tipo, quantidade) VALUES (11, 'C12', 0, 1);
INSERT INTO grupo_cipa (id_intervalo, cipa, tipo, quantidade) VALUES (11, 'C12', 1, 1);
INSERT INTO grupo_cipa (id_intervalo, cipa, tipo, quantidade) VALUES (12, 'C12', 0, 2);
INSERT INTO grupo_cipa (id_intervalo, cipa, tipo, quantidade) VALUES (12, 'C12', 1, 2);
INSERT INTO grupo_cipa (id_intervalo, cipa, tipo, quantidade) VALUES (13, 'C12', 0, 3);
INSERT INTO grupo_cipa (id_intervalo, cipa, tipo, quantidade) VALUES (13, 'C12', 1, 3);
INSERT INTO grupo_cipa (id_intervalo, cipa, tipo, quantidade) VALUES (14, 'C12', 0, 3);
INSERT INTO grupo_cipa (id_intervalo, cipa, tipo, quantidade) VALUES (14, 'C12', 1, 3);
INSERT INTO grupo_cipa (id_intervalo, cipa, tipo, quantidade) VALUES (15, 'C12', 0, 4);
INSERT INTO grupo_cipa (id_intervalo, cipa, tipo, quantidade) VALUES (15, 'C12', 1, 3);
INSERT INTO grupo_cipa (id_intervalo, cipa, tipo, quantidade) VALUES (16, 'C12', 0, 4);
INSERT INTO grupo_cipa (id_intervalo, cipa, tipo, quantidade) VALUES (16, 'C12', 1, 3);
INSERT INTO grupo_cipa (id_intervalo, cipa, tipo, quantidade) VALUES (17, 'C12', 0, 5);
INSERT INTO grupo_cipa (id_intervalo, cipa, tipo, quantidade) VALUES (17, 'C12', 1, 4);
INSERT INTO grupo_cipa (id_intervalo, cipa, tipo, quantidade) VALUES (18, 'C12', 0, 7);
INSERT INTO grupo_cipa (id_intervalo, cipa, tipo, quantidade) VALUES (18, 'C12', 1, 6);
INSERT INTO grupo_cipa (id_intervalo, cipa, tipo, quantidade) VALUES (19, 'C12', 0, 8);
INSERT INTO grupo_cipa (id_intervalo, cipa, tipo, quantidade) VALUES (19, 'C12', 1, 6);
INSERT INTO grupo_cipa (id_intervalo, cipa, tipo, quantidade) VALUES (20, 'C12', 0, 9);
INSERT INTO grupo_cipa (id_intervalo, cipa, tipo, quantidade) VALUES (20, 'C12', 1, 7);
INSERT INTO grupo_cipa (id_intervalo, cipa, tipo, quantidade) VALUES (21, 'C12', 0, 10);
INSERT INTO grupo_cipa (id_intervalo, cipa, tipo, quantidade) VALUES (21, 'C12', 1, 8);
INSERT INTO grupo_cipa (id_intervalo, cipa, tipo, quantidade) VALUES (22, 'C12', 0, 2);
INSERT INTO grupo_cipa (id_intervalo, cipa, tipo, quantidade) VALUES (22, 'C12', 1, 2);
INSERT INTO grupo_cipa (id_intervalo, cipa, tipo, quantidade) VALUES (9, 'C13', 0, 0);
INSERT INTO grupo_cipa (id_intervalo, cipa, tipo, quantidade) VALUES (9, 'C13', 1, 0);
INSERT INTO grupo_cipa (id_intervalo, cipa, tipo, quantidade) VALUES (10, 'C13', 0, 1);
INSERT INTO grupo_cipa (id_intervalo, cipa, tipo, quantidade) VALUES (10, 'C13', 1, 1);
INSERT INTO grupo_cipa (id_intervalo, cipa, tipo, quantidade) VALUES (11, 'C13', 0, 1);
INSERT INTO grupo_cipa (id_intervalo, cipa, tipo, quantidade) VALUES (11, 'C13', 1, 1);
INSERT INTO grupo_cipa (id_intervalo, cipa, tipo, quantidade) VALUES (12, 'C13', 0, 3);
INSERT INTO grupo_cipa (id_intervalo, cipa, tipo, quantidade) VALUES (12, 'C13', 1, 3);
INSERT INTO grupo_cipa (id_intervalo, cipa, tipo, quantidade) VALUES (13, 'C13', 0, 3);
INSERT INTO grupo_cipa (id_intervalo, cipa, tipo, quantidade) VALUES (13, 'C13', 1, 3);
INSERT INTO grupo_cipa (id_intervalo, cipa, tipo, quantidade) VALUES (14, 'C13', 0, 3);
INSERT INTO grupo_cipa (id_intervalo, cipa, tipo, quantidade) VALUES (14, 'C13', 1, 3);
INSERT INTO grupo_cipa (id_intervalo, cipa, tipo, quantidade) VALUES (15, 'C13', 0, 3);
INSERT INTO grupo_cipa (id_intervalo, cipa, tipo, quantidade) VALUES (15, 'C13', 1, 3);
INSERT INTO grupo_cipa (id_intervalo, cipa, tipo, quantidade) VALUES (16, 'C13', 0, 4);
INSERT INTO grupo_cipa (id_intervalo, cipa, tipo, quantidade) VALUES (16, 'C13', 1, 3);
INSERT INTO grupo_cipa (id_intervalo, cipa, tipo, quantidade) VALUES (17, 'C13', 0, 5);
INSERT INTO grupo_cipa (id_intervalo, cipa, tipo, quantidade) VALUES (17, 'C13', 1, 4);
INSERT INTO grupo_cipa (id_intervalo, cipa, tipo, quantidade) VALUES (18, 'C13', 0, 6);
INSERT INTO grupo_cipa (id_intervalo, cipa, tipo, quantidade) VALUES (18, 'C13', 1, 5);
INSERT INTO grupo_cipa (id_intervalo, cipa, tipo, quantidade) VALUES (19, 'C13', 0, 9);
INSERT INTO grupo_cipa (id_intervalo, cipa, tipo, quantidade) VALUES (19, 'C13', 1, 7);
INSERT INTO grupo_cipa (id_intervalo, cipa, tipo, quantidade) VALUES (20, 'C13', 0, 11);
INSERT INTO grupo_cipa (id_intervalo, cipa, tipo, quantidade) VALUES (20, 'C13', 1, 8);
INSERT INTO grupo_cipa (id_intervalo, cipa, tipo, quantidade) VALUES (21, 'C13', 0, 13);
INSERT INTO grupo_cipa (id_intervalo, cipa, tipo, quantidade) VALUES (21, 'C13', 1, 10);
INSERT INTO grupo_cipa (id_intervalo, cipa, tipo, quantidade) VALUES (22, 'C13', 0, 2);
INSERT INTO grupo_cipa (id_intervalo, cipa, tipo, quantidade) VALUES (22, 'C13', 1, 2);
INSERT INTO grupo_cipa (id_intervalo, cipa, tipo, quantidade) VALUES (9, 'C14', 0, 0);
INSERT INTO grupo_cipa (id_intervalo, cipa, tipo, quantidade) VALUES (9, 'C14', 1, 0);
INSERT INTO grupo_cipa (id_intervalo, cipa, tipo, quantidade) VALUES (10, 'C14', 0, 1);
INSERT INTO grupo_cipa (id_intervalo, cipa, tipo, quantidade) VALUES (10, 'C14', 1, 1);
INSERT INTO grupo_cipa (id_intervalo, cipa, tipo, quantidade) VALUES (11, 'C14', 0, 1);
INSERT INTO grupo_cipa (id_intervalo, cipa, tipo, quantidade) VALUES (11, 'C14', 1, 1);
INSERT INTO grupo_cipa (id_intervalo, cipa, tipo, quantidade) VALUES (12, 'C14', 0, 2);
INSERT INTO grupo_cipa (id_intervalo, cipa, tipo, quantidade) VALUES (12, 'C14', 1, 2);
INSERT INTO grupo_cipa (id_intervalo, cipa, tipo, quantidade) VALUES (13, 'C14', 0, 2);
INSERT INTO grupo_cipa (id_intervalo, cipa, tipo, quantidade) VALUES (13, 'C14', 1, 2);
INSERT INTO grupo_cipa (id_intervalo, cipa, tipo, quantidade) VALUES (14, 'C14', 0, 3);
INSERT INTO grupo_cipa (id_intervalo, cipa, tipo, quantidade) VALUES (14, 'C14', 1, 3);
INSERT INTO grupo_cipa (id_intervalo, cipa, tipo, quantidade) VALUES (15, 'C14', 0, 4);
INSERT INTO grupo_cipa (id_intervalo, cipa, tipo, quantidade) VALUES (15, 'C14', 1, 3);
INSERT INTO grupo_cipa (id_intervalo, cipa, tipo, quantidade) VALUES (16, 'C14', 0, 4);
INSERT INTO grupo_cipa (id_intervalo, cipa, tipo, quantidade) VALUES (16, 'C14', 1, 4);
INSERT INTO grupo_cipa (id_intervalo, cipa, tipo, quantidade) VALUES (17, 'C14', 0, 5);
INSERT INTO grupo_cipa (id_intervalo, cipa, tipo, quantidade) VALUES (17, 'C14', 1, 4);
INSERT INTO grupo_cipa (id_intervalo, cipa, tipo, quantidade) VALUES (18, 'C14', 0, 6);
INSERT INTO grupo_cipa (id_intervalo, cipa, tipo, quantidade) VALUES (18, 'C14', 1, 5);
INSERT INTO grupo_cipa (id_intervalo, cipa, tipo, quantidade) VALUES (19, 'C14', 0, 9);
INSERT INTO grupo_cipa (id_intervalo, cipa, tipo, quantidade) VALUES (19, 'C14', 1, 7);
INSERT INTO grupo_cipa (id_intervalo, cipa, tipo, quantidade) VALUES (20, 'C14', 0, 11);
INSERT INTO grupo_cipa (id_intervalo, cipa, tipo, quantidade) VALUES (20, 'C14', 1, 9);
INSERT INTO grupo_cipa (id_intervalo, cipa, tipo, quantidade) VALUES (21, 'C14', 0, 11);
INSERT INTO grupo_cipa (id_intervalo, cipa, tipo, quantidade) VALUES (21, 'C14', 1, 9);
INSERT INTO grupo_cipa (id_intervalo, cipa, tipo, quantidade) VALUES (22, 'C14', 0, 2);
INSERT INTO grupo_cipa (id_intervalo, cipa, tipo, quantidade) VALUES (22, 'C14', 1, 2);
INSERT INTO grupo_cipa (id_intervalo, cipa, tipo, quantidade) VALUES (9, 'C14a', 0, 0);
INSERT INTO grupo_cipa (id_intervalo, cipa, tipo, quantidade) VALUES (9, 'C14a', 1, 0);
INSERT INTO grupo_cipa (id_intervalo, cipa, tipo, quantidade) VALUES (10, 'C14a', 0, 0);
INSERT INTO grupo_cipa (id_intervalo, cipa, tipo, quantidade) VALUES (10, 'C14a', 1, 0);
INSERT INTO grupo_cipa (id_intervalo, cipa, tipo, quantidade) VALUES (11, 'C14a', 0, 0);
INSERT INTO grupo_cipa (id_intervalo, cipa, tipo, quantidade) VALUES (11, 'C14a', 1, 0);
INSERT INTO grupo_cipa (id_intervalo, cipa, tipo, quantidade) VALUES (12, 'C14a', 0, 1);
INSERT INTO grupo_cipa (id_intervalo, cipa, tipo, quantidade) VALUES (12, 'C14a', 1, 1);
INSERT INTO grupo_cipa (id_intervalo, cipa, tipo, quantidade) VALUES (13, 'C14a', 0, 1);
INSERT INTO grupo_cipa (id_intervalo, cipa, tipo, quantidade) VALUES (13, 'C14a', 1, 1);
INSERT INTO grupo_cipa (id_intervalo, cipa, tipo, quantidade) VALUES (14, 'C14a', 0, 2);
INSERT INTO grupo_cipa (id_intervalo, cipa, tipo, quantidade) VALUES (14, 'C14a', 1, 2);
INSERT INTO grupo_cipa (id_intervalo, cipa, tipo, quantidade) VALUES (15, 'C14a', 0, 2);
INSERT INTO grupo_cipa (id_intervalo, cipa, tipo, quantidade) VALUES (15, 'C14a', 1, 2);
INSERT INTO grupo_cipa (id_intervalo, cipa, tipo, quantidade) VALUES (16, 'C14a', 0, 2);
INSERT INTO grupo_cipa (id_intervalo, cipa, tipo, quantidade) VALUES (16, 'C14a', 1, 2);
INSERT INTO grupo_cipa (id_intervalo, cipa, tipo, quantidade) VALUES (17, 'C14a', 0, 3);
INSERT INTO grupo_cipa (id_intervalo, cipa, tipo, quantidade) VALUES (17, 'C14a', 1, 3);
INSERT INTO grupo_cipa (id_intervalo, cipa, tipo, quantidade) VALUES (18, 'C14a', 0, 3);
INSERT INTO grupo_cipa (id_intervalo, cipa, tipo, quantidade) VALUES (18, 'C14a', 1, 3);
INSERT INTO grupo_cipa (id_intervalo, cipa, tipo, quantidade) VALUES (19, 'C14a', 0, 4);
INSERT INTO grupo_cipa (id_intervalo, cipa, tipo, quantidade) VALUES (19, 'C14a', 1, 3);
INSERT INTO grupo_cipa (id_intervalo, cipa, tipo, quantidade) VALUES (20, 'C14a', 0, 5);
INSERT INTO grupo_cipa (id_intervalo, cipa, tipo, quantidade) VALUES (20, 'C14a', 1, 4);
INSERT INTO grupo_cipa (id_intervalo, cipa, tipo, quantidade) VALUES (21, 'C14a', 0, 6);
INSERT INTO grupo_cipa (id_intervalo, cipa, tipo, quantidade) VALUES (21, 'C14a', 1, 4);
INSERT INTO grupo_cipa (id_intervalo, cipa, tipo, quantidade) VALUES (22, 'C14a', 0, 1);
INSERT INTO grupo_cipa (id_intervalo, cipa, tipo, quantidade) VALUES (22, 'C14a', 1, 1);
INSERT INTO grupo_cipa (id_intervalo, cipa, tipo, quantidade) VALUES (9, 'C15', 0, 0);
INSERT INTO grupo_cipa (id_intervalo, cipa, tipo, quantidade) VALUES (9, 'C15', 1, 0);
INSERT INTO grupo_cipa (id_intervalo, cipa, tipo, quantidade) VALUES (10, 'C15', 0, 1);
INSERT INTO grupo_cipa (id_intervalo, cipa, tipo, quantidade) VALUES (10, 'C15', 1, 1);
INSERT INTO grupo_cipa (id_intervalo, cipa, tipo, quantidade) VALUES (11, 'C15', 0, 1);
INSERT INTO grupo_cipa (id_intervalo, cipa, tipo, quantidade) VALUES (11, 'C15', 1, 1);
INSERT INTO grupo_cipa (id_intervalo, cipa, tipo, quantidade) VALUES (12, 'C15', 0, 3);
INSERT INTO grupo_cipa (id_intervalo, cipa, tipo, quantidade) VALUES (12, 'C15', 1, 3);
INSERT INTO grupo_cipa (id_intervalo, cipa, tipo, quantidade) VALUES (13, 'C15', 0, 3);
INSERT INTO grupo_cipa (id_intervalo, cipa, tipo, quantidade) VALUES (13, 'C15', 1, 3);
INSERT INTO grupo_cipa (id_intervalo, cipa, tipo, quantidade) VALUES (14, 'C15', 0, 4);
INSERT INTO grupo_cipa (id_intervalo, cipa, tipo, quantidade) VALUES (14, 'C15', 1, 3);
INSERT INTO grupo_cipa (id_intervalo, cipa, tipo, quantidade) VALUES (15, 'C15', 0, 4);
INSERT INTO grupo_cipa (id_intervalo, cipa, tipo, quantidade) VALUES (15, 'C15', 1, 3);
INSERT INTO grupo_cipa (id_intervalo, cipa, tipo, quantidade) VALUES (16, 'C15', 0, 4);
INSERT INTO grupo_cipa (id_intervalo, cipa, tipo, quantidade) VALUES (16, 'C15', 1, 3);
INSERT INTO grupo_cipa (id_intervalo, cipa, tipo, quantidade) VALUES (17, 'C15', 0, 5);
INSERT INTO grupo_cipa (id_intervalo, cipa, tipo, quantidade) VALUES (17, 'C15', 1, 4);
INSERT INTO grupo_cipa (id_intervalo, cipa, tipo, quantidade) VALUES (18, 'C15', 0, 6);
INSERT INTO grupo_cipa (id_intervalo, cipa, tipo, quantidade) VALUES (18, 'C15', 1, 4);
INSERT INTO grupo_cipa (id_intervalo, cipa, tipo, quantidade) VALUES (19, 'C15', 0, 8);
INSERT INTO grupo_cipa (id_intervalo, cipa, tipo, quantidade) VALUES (19, 'C15', 1, 6);
INSERT INTO grupo_cipa (id_intervalo, cipa, tipo, quantidade) VALUES (20, 'C15', 0, 10);
INSERT INTO grupo_cipa (id_intervalo, cipa, tipo, quantidade) VALUES (20, 'C15', 1, 8);
INSERT INTO grupo_cipa (id_intervalo, cipa, tipo, quantidade) VALUES (21, 'C15', 0, 12);
INSERT INTO grupo_cipa (id_intervalo, cipa, tipo, quantidade) VALUES (21, 'C15', 1, 10);
INSERT INTO grupo_cipa (id_intervalo, cipa, tipo, quantidade) VALUES (22, 'C15', 0, 2);
INSERT INTO grupo_cipa (id_intervalo, cipa, tipo, quantidade) VALUES (22, 'C15', 1, 2);
INSERT INTO grupo_cipa (id_intervalo, cipa, tipo, quantidade) VALUES (9, 'C16', 0, 0);
INSERT INTO grupo_cipa (id_intervalo, cipa, tipo, quantidade) VALUES (9, 'C16', 1, 0);
INSERT INTO grupo_cipa (id_intervalo, cipa, tipo, quantidade) VALUES (10, 'C16', 0, 1);
INSERT INTO grupo_cipa (id_intervalo, cipa, tipo, quantidade) VALUES (10, 'C16', 1, 1);
INSERT INTO grupo_cipa (id_intervalo, cipa, tipo, quantidade) VALUES (11, 'C16', 0, 1);
INSERT INTO grupo_cipa (id_intervalo, cipa, tipo, quantidade) VALUES (11, 'C16', 1, 1);
INSERT INTO grupo_cipa (id_intervalo, cipa, tipo, quantidade) VALUES (12, 'C16', 0, 2);
INSERT INTO grupo_cipa (id_intervalo, cipa, tipo, quantidade) VALUES (12, 'C16', 1, 2);
INSERT INTO grupo_cipa (id_intervalo, cipa, tipo, quantidade) VALUES (13, 'C16', 0, 3);
INSERT INTO grupo_cipa (id_intervalo, cipa, tipo, quantidade) VALUES (13, 'C16', 1, 3);
INSERT INTO grupo_cipa (id_intervalo, cipa, tipo, quantidade) VALUES (14, 'C16', 0, 3);
INSERT INTO grupo_cipa (id_intervalo, cipa, tipo, quantidade) VALUES (14, 'C16', 1, 3);
INSERT INTO grupo_cipa (id_intervalo, cipa, tipo, quantidade) VALUES (15, 'C16', 0, 3);
INSERT INTO grupo_cipa (id_intervalo, cipa, tipo, quantidade) VALUES (15, 'C16', 1, 3);
INSERT INTO grupo_cipa (id_intervalo, cipa, tipo, quantidade) VALUES (16, 'C16', 0, 4);
INSERT INTO grupo_cipa (id_intervalo, cipa, tipo, quantidade) VALUES (16, 'C16', 1, 3);
INSERT INTO grupo_cipa (id_intervalo, cipa, tipo, quantidade) VALUES (17, 'C16', 0, 5);
INSERT INTO grupo_cipa (id_intervalo, cipa, tipo, quantidade) VALUES (17, 'C16', 1, 4);
INSERT INTO grupo_cipa (id_intervalo, cipa, tipo, quantidade) VALUES (18, 'C16', 0, 6);
INSERT INTO grupo_cipa (id_intervalo, cipa, tipo, quantidade) VALUES (18, 'C16', 1, 4);
INSERT INTO grupo_cipa (id_intervalo, cipa, tipo, quantidade) VALUES (19, 'C16', 0, 8);
INSERT INTO grupo_cipa (id_intervalo, cipa, tipo, quantidade) VALUES (19, 'C16', 1, 6);
INSERT INTO grupo_cipa (id_intervalo, cipa, tipo, quantidade) VALUES (20, 'C16', 0, 10);
INSERT INTO grupo_cipa (id_intervalo, cipa, tipo, quantidade) VALUES (20, 'C16', 1, 7);
INSERT INTO grupo_cipa (id_intervalo, cipa, tipo, quantidade) VALUES (21, 'C16', 0, 12);
INSERT INTO grupo_cipa (id_intervalo, cipa, tipo, quantidade) VALUES (21, 'C16', 1, 9);
INSERT INTO grupo_cipa (id_intervalo, cipa, tipo, quantidade) VALUES (22, 'C16', 0, 2);
INSERT INTO grupo_cipa (id_intervalo, cipa, tipo, quantidade) VALUES (22, 'C16', 1, 2);
INSERT INTO grupo_cipa (id_intervalo, cipa, tipo, quantidade) VALUES (9, 'C17', 0, 0);
INSERT INTO grupo_cipa (id_intervalo, cipa, tipo, quantidade) VALUES (9, 'C17', 1, 0);
INSERT INTO grupo_cipa (id_intervalo, cipa, tipo, quantidade) VALUES (10, 'C17', 0, 1);
INSERT INTO grupo_cipa (id_intervalo, cipa, tipo, quantidade) VALUES (10, 'C17', 1, 1);
INSERT INTO grupo_cipa (id_intervalo, cipa, tipo, quantidade) VALUES (11, 'C17', 0, 1);
INSERT INTO grupo_cipa (id_intervalo, cipa, tipo, quantidade) VALUES (11, 'C17', 1, 1);
INSERT INTO grupo_cipa (id_intervalo, cipa, tipo, quantidade) VALUES (12, 'C17', 0, 2);
INSERT INTO grupo_cipa (id_intervalo, cipa, tipo, quantidade) VALUES (12, 'C17', 1, 2);
INSERT INTO grupo_cipa (id_intervalo, cipa, tipo, quantidade) VALUES (13, 'C17', 0, 2);
INSERT INTO grupo_cipa (id_intervalo, cipa, tipo, quantidade) VALUES (13, 'C17', 1, 2);
INSERT INTO grupo_cipa (id_intervalo, cipa, tipo, quantidade) VALUES (14, 'C17', 0, 4);
INSERT INTO grupo_cipa (id_intervalo, cipa, tipo, quantidade) VALUES (14, 'C17', 1, 3);
INSERT INTO grupo_cipa (id_intervalo, cipa, tipo, quantidade) VALUES (15, 'C17', 0, 4);
INSERT INTO grupo_cipa (id_intervalo, cipa, tipo, quantidade) VALUES (15, 'C17', 1, 3);
INSERT INTO grupo_cipa (id_intervalo, cipa, tipo, quantidade) VALUES (16, 'C17', 0, 4);
INSERT INTO grupo_cipa (id_intervalo, cipa, tipo, quantidade) VALUES (16, 'C17', 1, 3);
INSERT INTO grupo_cipa (id_intervalo, cipa, tipo, quantidade) VALUES (17, 'C17', 0, 4);
INSERT INTO grupo_cipa (id_intervalo, cipa, tipo, quantidade) VALUES (17, 'C17', 1, 4);
INSERT INTO grupo_cipa (id_intervalo, cipa, tipo, quantidade) VALUES (18, 'C17', 0, 6);
INSERT INTO grupo_cipa (id_intervalo, cipa, tipo, quantidade) VALUES (18, 'C17', 1, 5);
INSERT INTO grupo_cipa (id_intervalo, cipa, tipo, quantidade) VALUES (19, 'C17', 0, 8);
INSERT INTO grupo_cipa (id_intervalo, cipa, tipo, quantidade) VALUES (19, 'C17', 1, 7);
INSERT INTO grupo_cipa (id_intervalo, cipa, tipo, quantidade) VALUES (20, 'C17', 0, 10);
INSERT INTO grupo_cipa (id_intervalo, cipa, tipo, quantidade) VALUES (20, 'C17', 1, 8);
INSERT INTO grupo_cipa (id_intervalo, cipa, tipo, quantidade) VALUES (21, 'C17', 0, 12);
INSERT INTO grupo_cipa (id_intervalo, cipa, tipo, quantidade) VALUES (21, 'C17', 1, 10);
INSERT INTO grupo_cipa (id_intervalo, cipa, tipo, quantidade) VALUES (22, 'C17', 0, 2);
INSERT INTO grupo_cipa (id_intervalo, cipa, tipo, quantidade) VALUES (22, 'C17', 1, 2);
INSERT INTO grupo_cipa (id_intervalo, cipa, tipo, quantidade) VALUES (9, 'C18', 0, 0);
INSERT INTO grupo_cipa (id_intervalo, cipa, tipo, quantidade) VALUES (9, 'C18', 1, 0);
INSERT INTO grupo_cipa (id_intervalo, cipa, tipo, quantidade) VALUES (10, 'C18', 0, 0);
INSERT INTO grupo_cipa (id_intervalo, cipa, tipo, quantidade) VALUES (10, 'C18', 1, 0);
INSERT INTO grupo_cipa (id_intervalo, cipa, tipo, quantidade) VALUES (11, 'C18', 0, 0);
INSERT INTO grupo_cipa (id_intervalo, cipa, tipo, quantidade) VALUES (11, 'C18', 1, 0);
INSERT INTO grupo_cipa (id_intervalo, cipa, tipo, quantidade) VALUES (12, 'C18', 0, 3);
INSERT INTO grupo_cipa (id_intervalo, cipa, tipo, quantidade) VALUES (12, 'C18', 1, 3);
INSERT INTO grupo_cipa (id_intervalo, cipa, tipo, quantidade) VALUES (13, 'C18', 0, 3);
INSERT INTO grupo_cipa (id_intervalo, cipa, tipo, quantidade) VALUES (13, 'C18', 1, 2);
INSERT INTO grupo_cipa (id_intervalo, cipa, tipo, quantidade) VALUES (14, 'C18', 0, 4);
INSERT INTO grupo_cipa (id_intervalo, cipa, tipo, quantidade) VALUES (14, 'C18', 1, 3);
INSERT INTO grupo_cipa (id_intervalo, cipa, tipo, quantidade) VALUES (15, 'C18', 0, 4);
INSERT INTO grupo_cipa (id_intervalo, cipa, tipo, quantidade) VALUES (15, 'C18', 1, 3);
INSERT INTO grupo_cipa (id_intervalo, cipa, tipo, quantidade) VALUES (16, 'C18', 0, 4);
INSERT INTO grupo_cipa (id_intervalo, cipa, tipo, quantidade) VALUES (16, 'C18', 1, 3);
INSERT INTO grupo_cipa (id_intervalo, cipa, tipo, quantidade) VALUES (17, 'C18', 0, 4);
INSERT INTO grupo_cipa (id_intervalo, cipa, tipo, quantidade) VALUES (17, 'C18', 1, 4);
INSERT INTO grupo_cipa (id_intervalo, cipa, tipo, quantidade) VALUES (18, 'C18', 0, 6);
INSERT INTO grupo_cipa (id_intervalo, cipa, tipo, quantidade) VALUES (18, 'C18', 1, 5);
INSERT INTO grupo_cipa (id_intervalo, cipa, tipo, quantidade) VALUES (19, 'C18', 0, 8);
INSERT INTO grupo_cipa (id_intervalo, cipa, tipo, quantidade) VALUES (19, 'C18', 1, 7);
INSERT INTO grupo_cipa (id_intervalo, cipa, tipo, quantidade) VALUES (20, 'C18', 0, 10);
INSERT INTO grupo_cipa (id_intervalo, cipa, tipo, quantidade) VALUES (20, 'C18', 1, 8);
INSERT INTO grupo_cipa (id_intervalo, cipa, tipo, quantidade) VALUES (21, 'C18', 0, 12);
INSERT INTO grupo_cipa (id_intervalo, cipa, tipo, quantidade) VALUES (21, 'C18', 1, 10);
INSERT INTO grupo_cipa (id_intervalo, cipa, tipo, quantidade) VALUES (22, 'C18', 0, 2);
INSERT INTO grupo_cipa (id_intervalo, cipa, tipo, quantidade) VALUES (22, 'C18', 1, 2);
INSERT INTO grupo_cipa (id_intervalo, cipa, tipo, quantidade) VALUES (9, 'C18a', 0, 0);
INSERT INTO grupo_cipa (id_intervalo, cipa, tipo, quantidade) VALUES (9, 'C18a', 1, 0);
INSERT INTO grupo_cipa (id_intervalo, cipa, tipo, quantidade) VALUES (10, 'C18a', 0, 0);
INSERT INTO grupo_cipa (id_intervalo, cipa, tipo, quantidade) VALUES (10, 'C18a', 1, 0);
INSERT INTO grupo_cipa (id_intervalo, cipa, tipo, quantidade) VALUES (11, 'C18a', 0, 0);
INSERT INTO grupo_cipa (id_intervalo, cipa, tipo, quantidade) VALUES (11, 'C18a', 1, 0);
INSERT INTO grupo_cipa (id_intervalo, cipa, tipo, quantidade) VALUES (12, 'C18a', 0, 3);
INSERT INTO grupo_cipa (id_intervalo, cipa, tipo, quantidade) VALUES (12, 'C18a', 1, 3);
INSERT INTO grupo_cipa (id_intervalo, cipa, tipo, quantidade) VALUES (13, 'C18a', 0, 3);
INSERT INTO grupo_cipa (id_intervalo, cipa, tipo, quantidade) VALUES (13, 'C18a', 1, 3);
INSERT INTO grupo_cipa (id_intervalo, cipa, tipo, quantidade) VALUES (14, 'C18a', 0, 4);
INSERT INTO grupo_cipa (id_intervalo, cipa, tipo, quantidade) VALUES (14, 'C18a', 1, 3);
INSERT INTO grupo_cipa (id_intervalo, cipa, tipo, quantidade) VALUES (15, 'C18a', 0, 4);
INSERT INTO grupo_cipa (id_intervalo, cipa, tipo, quantidade) VALUES (15, 'C18a', 1, 3);
INSERT INTO grupo_cipa (id_intervalo, cipa, tipo, quantidade) VALUES (16, 'C18a', 0, 4);
INSERT INTO grupo_cipa (id_intervalo, cipa, tipo, quantidade) VALUES (16, 'C18a', 1, 3);
INSERT INTO grupo_cipa (id_intervalo, cipa, tipo, quantidade) VALUES (17, 'C18a', 0, 4);
INSERT INTO grupo_cipa (id_intervalo, cipa, tipo, quantidade) VALUES (17, 'C18a', 1, 4);
INSERT INTO grupo_cipa (id_intervalo, cipa, tipo, quantidade) VALUES (18, 'C18a', 0, 6);
INSERT INTO grupo_cipa (id_intervalo, cipa, tipo, quantidade) VALUES (18, 'C18a', 1, 5);
INSERT INTO grupo_cipa (id_intervalo, cipa, tipo, quantidade) VALUES (19, 'C18a', 0, 9);
INSERT INTO grupo_cipa (id_intervalo, cipa, tipo, quantidade) VALUES (19, 'C18a', 1, 7);
INSERT INTO grupo_cipa (id_intervalo, cipa, tipo, quantidade) VALUES (20, 'C18a', 0, 12);
INSERT INTO grupo_cipa (id_intervalo, cipa, tipo, quantidade) VALUES (20, 'C18a', 1, 9);
INSERT INTO grupo_cipa (id_intervalo, cipa, tipo, quantidade) VALUES (21, 'C18a', 0, 15);
INSERT INTO grupo_cipa (id_intervalo, cipa, tipo, quantidade) VALUES (21, 'C18a', 1, 12);
INSERT INTO grupo_cipa (id_intervalo, cipa, tipo, quantidade) VALUES (22, 'C18a', 0, 2);
INSERT INTO grupo_cipa (id_intervalo, cipa, tipo, quantidade) VALUES (22, 'C18a', 1, 2);
INSERT INTO grupo_cipa (id_intervalo, cipa, tipo, quantidade) VALUES (9, 'C19', 0, 0);
INSERT INTO grupo_cipa (id_intervalo, cipa, tipo, quantidade) VALUES (9, 'C19', 1, 0);
INSERT INTO grupo_cipa (id_intervalo, cipa, tipo, quantidade) VALUES (10, 'C19', 0, 0);
INSERT INTO grupo_cipa (id_intervalo, cipa, tipo, quantidade) VALUES (10, 'C19', 1, 0);
INSERT INTO grupo_cipa (id_intervalo, cipa, tipo, quantidade) VALUES (11, 'C19', 0, 0);
INSERT INTO grupo_cipa (id_intervalo, cipa, tipo, quantidade) VALUES (11, 'C19', 1, 0);
INSERT INTO grupo_cipa (id_intervalo, cipa, tipo, quantidade) VALUES (12, 'C19', 0, 1);
INSERT INTO grupo_cipa (id_intervalo, cipa, tipo, quantidade) VALUES (12, 'C19', 1, 1);
INSERT INTO grupo_cipa (id_intervalo, cipa, tipo, quantidade) VALUES (13, 'C19', 0, 1);
INSERT INTO grupo_cipa (id_intervalo, cipa, tipo, quantidade) VALUES (13, 'C19', 1, 1);
INSERT INTO grupo_cipa (id_intervalo, cipa, tipo, quantidade) VALUES (14, 'C19', 0, 2);
INSERT INTO grupo_cipa (id_intervalo, cipa, tipo, quantidade) VALUES (14, 'C19', 1, 2);
INSERT INTO grupo_cipa (id_intervalo, cipa, tipo, quantidade) VALUES (15, 'C19', 0, 2);
INSERT INTO grupo_cipa (id_intervalo, cipa, tipo, quantidade) VALUES (15, 'C19', 1, 2);
INSERT INTO grupo_cipa (id_intervalo, cipa, tipo, quantidade) VALUES (16, 'C19', 0, 2);
INSERT INTO grupo_cipa (id_intervalo, cipa, tipo, quantidade) VALUES (16, 'C19', 1, 2);
INSERT INTO grupo_cipa (id_intervalo, cipa, tipo, quantidade) VALUES (17, 'C19', 0, 3);
INSERT INTO grupo_cipa (id_intervalo, cipa, tipo, quantidade) VALUES (17, 'C19', 1, 3);
INSERT INTO grupo_cipa (id_intervalo, cipa, tipo, quantidade) VALUES (18, 'C19', 0, 3);
INSERT INTO grupo_cipa (id_intervalo, cipa, tipo, quantidade) VALUES (18, 'C19', 1, 3);
INSERT INTO grupo_cipa (id_intervalo, cipa, tipo, quantidade) VALUES (19, 'C19', 0, 4);
INSERT INTO grupo_cipa (id_intervalo, cipa, tipo, quantidade) VALUES (19, 'C19', 1, 3);
INSERT INTO grupo_cipa (id_intervalo, cipa, tipo, quantidade) VALUES (20, 'C19', 0, 5);
INSERT INTO grupo_cipa (id_intervalo, cipa, tipo, quantidade) VALUES (20, 'C19', 1, 4);
INSERT INTO grupo_cipa (id_intervalo, cipa, tipo, quantidade) VALUES (21, 'C19', 0, 6);
INSERT INTO grupo_cipa (id_intervalo, cipa, tipo, quantidade) VALUES (21, 'C19', 1, 4);
INSERT INTO grupo_cipa (id_intervalo, cipa, tipo, quantidade) VALUES (22, 'C19', 0, 1);
INSERT INTO grupo_cipa (id_intervalo, cipa, tipo, quantidade) VALUES (22, 'C19', 1, 1);
INSERT INTO grupo_cipa (id_intervalo, cipa, tipo, quantidade) VALUES (9, 'C20', 0, 0);
INSERT INTO grupo_cipa (id_intervalo, cipa, tipo, quantidade) VALUES (9, 'C20', 1, 0);
INSERT INTO grupo_cipa (id_intervalo, cipa, tipo, quantidade) VALUES (10, 'C20', 0, 0);
INSERT INTO grupo_cipa (id_intervalo, cipa, tipo, quantidade) VALUES (10, 'C20', 1, 0);
INSERT INTO grupo_cipa (id_intervalo, cipa, tipo, quantidade) VALUES (11, 'C20', 0, 1);
INSERT INTO grupo_cipa (id_intervalo, cipa, tipo, quantidade) VALUES (11, 'C20', 1, 1);
INSERT INTO grupo_cipa (id_intervalo, cipa, tipo, quantidade) VALUES (12, 'C20', 0, 1);
INSERT INTO grupo_cipa (id_intervalo, cipa, tipo, quantidade) VALUES (12, 'C20', 1, 1);
INSERT INTO grupo_cipa (id_intervalo, cipa, tipo, quantidade) VALUES (13, 'C20', 0, 3);
INSERT INTO grupo_cipa (id_intervalo, cipa, tipo, quantidade) VALUES (13, 'C20', 1, 3);
INSERT INTO grupo_cipa (id_intervalo, cipa, tipo, quantidade) VALUES (14, 'C20', 0, 3);
INSERT INTO grupo_cipa (id_intervalo, cipa, tipo, quantidade) VALUES (14, 'C20', 1, 3);
INSERT INTO grupo_cipa (id_intervalo, cipa, tipo, quantidade) VALUES (15, 'C20', 0, 3);
INSERT INTO grupo_cipa (id_intervalo, cipa, tipo, quantidade) VALUES (15, 'C20', 1, 3);
INSERT INTO grupo_cipa (id_intervalo, cipa, tipo, quantidade) VALUES (16, 'C20', 0, 3);
INSERT INTO grupo_cipa (id_intervalo, cipa, tipo, quantidade) VALUES (16, 'C20', 1, 3);
INSERT INTO grupo_cipa (id_intervalo, cipa, tipo, quantidade) VALUES (17, 'C20', 0, 4);
INSERT INTO grupo_cipa (id_intervalo, cipa, tipo, quantidade) VALUES (17, 'C20', 1, 3);
INSERT INTO grupo_cipa (id_intervalo, cipa, tipo, quantidade) VALUES (18, 'C20', 0, 5);
INSERT INTO grupo_cipa (id_intervalo, cipa, tipo, quantidade) VALUES (18, 'C20', 1, 4);
INSERT INTO grupo_cipa (id_intervalo, cipa, tipo, quantidade) VALUES (19, 'C20', 0, 5);
INSERT INTO grupo_cipa (id_intervalo, cipa, tipo, quantidade) VALUES (19, 'C20', 1, 4);
INSERT INTO grupo_cipa (id_intervalo, cipa, tipo, quantidade) VALUES (20, 'C20', 0, 6);
INSERT INTO grupo_cipa (id_intervalo, cipa, tipo, quantidade) VALUES (20, 'C20', 1, 5);
INSERT INTO grupo_cipa (id_intervalo, cipa, tipo, quantidade) VALUES (21, 'C20', 0, 8);
INSERT INTO grupo_cipa (id_intervalo, cipa, tipo, quantidade) VALUES (21, 'C20', 1, 6);
INSERT INTO grupo_cipa (id_intervalo, cipa, tipo, quantidade) VALUES (22, 'C20', 0, 2);
INSERT INTO grupo_cipa (id_intervalo, cipa, tipo, quantidade) VALUES (22, 'C20', 1, 1);
INSERT INTO grupo_cipa (id_intervalo, cipa, tipo, quantidade) VALUES (9, 'C21', 0, 0);
INSERT INTO grupo_cipa (id_intervalo, cipa, tipo, quantidade) VALUES (9, 'C21', 1, 0);
INSERT INTO grupo_cipa (id_intervalo, cipa, tipo, quantidade) VALUES (10, 'C21', 0, 0);
INSERT INTO grupo_cipa (id_intervalo, cipa, tipo, quantidade) VALUES (10, 'C21', 1, 0);
INSERT INTO grupo_cipa (id_intervalo, cipa, tipo, quantidade) VALUES (11, 'C21', 0, 0);
INSERT INTO grupo_cipa (id_intervalo, cipa, tipo, quantidade) VALUES (11, 'C21', 1, 0);
INSERT INTO grupo_cipa (id_intervalo, cipa, tipo, quantidade) VALUES (12, 'C21', 0, 1);
INSERT INTO grupo_cipa (id_intervalo, cipa, tipo, quantidade) VALUES (12, 'C21', 1, 1);
INSERT INTO grupo_cipa (id_intervalo, cipa, tipo, quantidade) VALUES (13, 'C21', 0, 1);
INSERT INTO grupo_cipa (id_intervalo, cipa, tipo, quantidade) VALUES (13, 'C21', 1, 1);
INSERT INTO grupo_cipa (id_intervalo, cipa, tipo, quantidade) VALUES (14, 'C21', 0, 2);
INSERT INTO grupo_cipa (id_intervalo, cipa, tipo, quantidade) VALUES (14, 'C21', 1, 2);
INSERT INTO grupo_cipa (id_intervalo, cipa, tipo, quantidade) VALUES (15, 'C21', 0, 2);
INSERT INTO grupo_cipa (id_intervalo, cipa, tipo, quantidade) VALUES (15, 'C21', 1, 2);
INSERT INTO grupo_cipa (id_intervalo, cipa, tipo, quantidade) VALUES (16, 'C21', 0, 2);
INSERT INTO grupo_cipa (id_intervalo, cipa, tipo, quantidade) VALUES (16, 'C21', 1, 2);
INSERT INTO grupo_cipa (id_intervalo, cipa, tipo, quantidade) VALUES (17, 'C21', 0, 3);
INSERT INTO grupo_cipa (id_intervalo, cipa, tipo, quantidade) VALUES (17, 'C21', 1, 3);
INSERT INTO grupo_cipa (id_intervalo, cipa, tipo, quantidade) VALUES (18, 'C21', 0, 3);
INSERT INTO grupo_cipa (id_intervalo, cipa, tipo, quantidade) VALUES (18, 'C21', 1, 3);
INSERT INTO grupo_cipa (id_intervalo, cipa, tipo, quantidade) VALUES (19, 'C21', 0, 4);
INSERT INTO grupo_cipa (id_intervalo, cipa, tipo, quantidade) VALUES (19, 'C21', 1, 3);
INSERT INTO grupo_cipa (id_intervalo, cipa, tipo, quantidade) VALUES (20, 'C21', 0, 5);
INSERT INTO grupo_cipa (id_intervalo, cipa, tipo, quantidade) VALUES (20, 'C21', 1, 4);
INSERT INTO grupo_cipa (id_intervalo, cipa, tipo, quantidade) VALUES (21, 'C21', 0, 6);
INSERT INTO grupo_cipa (id_intervalo, cipa, tipo, quantidade) VALUES (21, 'C21', 1, 5);
INSERT INTO grupo_cipa (id_intervalo, cipa, tipo, quantidade) VALUES (22, 'C21', 0, 1);
INSERT INTO grupo_cipa (id_intervalo, cipa, tipo, quantidade) VALUES (22, 'C21', 1, 1);
INSERT INTO grupo_cipa (id_intervalo, cipa, tipo, quantidade) VALUES (9, 'C22', 0, 0);
INSERT INTO grupo_cipa (id_intervalo, cipa, tipo, quantidade) VALUES (9, 'C22', 1, 0);
INSERT INTO grupo_cipa (id_intervalo, cipa, tipo, quantidade) VALUES (10, 'C22', 0, 1);
INSERT INTO grupo_cipa (id_intervalo, cipa, tipo, quantidade) VALUES (10, 'C22', 1, 1);
INSERT INTO grupo_cipa (id_intervalo, cipa, tipo, quantidade) VALUES (11, 'C22', 0, 1);
INSERT INTO grupo_cipa (id_intervalo, cipa, tipo, quantidade) VALUES (11, 'C22', 1, 1);
INSERT INTO grupo_cipa (id_intervalo, cipa, tipo, quantidade) VALUES (12, 'C22', 0, 2);
INSERT INTO grupo_cipa (id_intervalo, cipa, tipo, quantidade) VALUES (12, 'C22', 1, 2);
INSERT INTO grupo_cipa (id_intervalo, cipa, tipo, quantidade) VALUES (13, 'C22', 0, 2);
INSERT INTO grupo_cipa (id_intervalo, cipa, tipo, quantidade) VALUES (13, 'C22', 1, 2);
INSERT INTO grupo_cipa (id_intervalo, cipa, tipo, quantidade) VALUES (14, 'C22', 0, 3);
INSERT INTO grupo_cipa (id_intervalo, cipa, tipo, quantidade) VALUES (14, 'C22', 1, 3);
INSERT INTO grupo_cipa (id_intervalo, cipa, tipo, quantidade) VALUES (15, 'C22', 0, 3);
INSERT INTO grupo_cipa (id_intervalo, cipa, tipo, quantidade) VALUES (15, 'C22', 1, 3);
INSERT INTO grupo_cipa (id_intervalo, cipa, tipo, quantidade) VALUES (16, 'C22', 0, 4);
INSERT INTO grupo_cipa (id_intervalo, cipa, tipo, quantidade) VALUES (16, 'C22', 1, 3);
INSERT INTO grupo_cipa (id_intervalo, cipa, tipo, quantidade) VALUES (17, 'C22', 0, 4);
INSERT INTO grupo_cipa (id_intervalo, cipa, tipo, quantidade) VALUES (17, 'C22', 1, 3);
INSERT INTO grupo_cipa (id_intervalo, cipa, tipo, quantidade) VALUES (18, 'C22', 0, 6);
INSERT INTO grupo_cipa (id_intervalo, cipa, tipo, quantidade) VALUES (18, 'C22', 1, 5);
INSERT INTO grupo_cipa (id_intervalo, cipa, tipo, quantidade) VALUES (19, 'C22', 0, 8);
INSERT INTO grupo_cipa (id_intervalo, cipa, tipo, quantidade) VALUES (19, 'C22', 1, 6);
INSERT INTO grupo_cipa (id_intervalo, cipa, tipo, quantidade) VALUES (20, 'C22', 0, 10);
INSERT INTO grupo_cipa (id_intervalo, cipa, tipo, quantidade) VALUES (20, 'C22', 1, 8);
INSERT INTO grupo_cipa (id_intervalo, cipa, tipo, quantidade) VALUES (21, 'C22', 0, 12);
INSERT INTO grupo_cipa (id_intervalo, cipa, tipo, quantidade) VALUES (21, 'C22', 1, 9);
INSERT INTO grupo_cipa (id_intervalo, cipa, tipo, quantidade) VALUES (22, 'C22', 0, 2);
INSERT INTO grupo_cipa (id_intervalo, cipa, tipo, quantidade) VALUES (22, 'C22', 1, 2);
INSERT INTO grupo_cipa (id_intervalo, cipa, tipo, quantidade) VALUES (9, 'C23', 0, 0);
INSERT INTO grupo_cipa (id_intervalo, cipa, tipo, quantidade) VALUES (9, 'C23', 1, 0);
INSERT INTO grupo_cipa (id_intervalo, cipa, tipo, quantidade) VALUES (10, 'C23', 0, 0);
INSERT INTO grupo_cipa (id_intervalo, cipa, tipo, quantidade) VALUES (10, 'C23', 1, 0);
INSERT INTO grupo_cipa (id_intervalo, cipa, tipo, quantidade) VALUES (11, 'C23', 0, 0);
INSERT INTO grupo_cipa (id_intervalo, cipa, tipo, quantidade) VALUES (11, 'C23', 1, 0);
INSERT INTO grupo_cipa (id_intervalo, cipa, tipo, quantidade) VALUES (12, 'C23', 0, 1);
INSERT INTO grupo_cipa (id_intervalo, cipa, tipo, quantidade) VALUES (12, 'C23', 1, 1);
INSERT INTO grupo_cipa (id_intervalo, cipa, tipo, quantidade) VALUES (13, 'C23', 0, 1);
INSERT INTO grupo_cipa (id_intervalo, cipa, tipo, quantidade) VALUES (13, 'C23', 1, 1);
INSERT INTO grupo_cipa (id_intervalo, cipa, tipo, quantidade) VALUES (14, 'C23', 0, 2);
INSERT INTO grupo_cipa (id_intervalo, cipa, tipo, quantidade) VALUES (14, 'C23', 1, 2);
INSERT INTO grupo_cipa (id_intervalo, cipa, tipo, quantidade) VALUES (15, 'C23', 0, 2);
INSERT INTO grupo_cipa (id_intervalo, cipa, tipo, quantidade) VALUES (15, 'C23', 1, 2);
INSERT INTO grupo_cipa (id_intervalo, cipa, tipo, quantidade) VALUES (16, 'C23', 0, 2);
INSERT INTO grupo_cipa (id_intervalo, cipa, tipo, quantidade) VALUES (16, 'C23', 1, 2);
INSERT INTO grupo_cipa (id_intervalo, cipa, tipo, quantidade) VALUES (17, 'C23', 0, 2);
INSERT INTO grupo_cipa (id_intervalo, cipa, tipo, quantidade) VALUES (17, 'C23', 1, 2);
INSERT INTO grupo_cipa (id_intervalo, cipa, tipo, quantidade) VALUES (18, 'C23', 0, 3);
INSERT INTO grupo_cipa (id_intervalo, cipa, tipo, quantidade) VALUES (18, 'C23', 1, 3);
INSERT INTO grupo_cipa (id_intervalo, cipa, tipo, quantidade) VALUES (19, 'C23', 0, 4);
INSERT INTO grupo_cipa (id_intervalo, cipa, tipo, quantidade) VALUES (19, 'C23', 1, 3);
INSERT INTO grupo_cipa (id_intervalo, cipa, tipo, quantidade) VALUES (20, 'C23', 0, 5);
INSERT INTO grupo_cipa (id_intervalo, cipa, tipo, quantidade) VALUES (20, 'C23', 1, 4);
INSERT INTO grupo_cipa (id_intervalo, cipa, tipo, quantidade) VALUES (21, 'C23', 0, 6);
INSERT INTO grupo_cipa (id_intervalo, cipa, tipo, quantidade) VALUES (21, 'C23', 1, 5);
INSERT INTO grupo_cipa (id_intervalo, cipa, tipo, quantidade) VALUES (22, 'C23', 0, 1);
INSERT INTO grupo_cipa (id_intervalo, cipa, tipo, quantidade) VALUES (22, 'C23', 1, 1);
INSERT INTO grupo_cipa (id_intervalo, cipa, tipo, quantidade) VALUES (9, 'C24', 0, 0);
INSERT INTO grupo_cipa (id_intervalo, cipa, tipo, quantidade) VALUES (9, 'C24', 1, 0);
INSERT INTO grupo_cipa (id_intervalo, cipa, tipo, quantidade) VALUES (10, 'C24', 0, 1);
INSERT INTO grupo_cipa (id_intervalo, cipa, tipo, quantidade) VALUES (10, 'C24', 1, 1);
INSERT INTO grupo_cipa (id_intervalo, cipa, tipo, quantidade) VALUES (11, 'C24', 0, 1);
INSERT INTO grupo_cipa (id_intervalo, cipa, tipo, quantidade) VALUES (11, 'C24', 1, 1);
INSERT INTO grupo_cipa (id_intervalo, cipa, tipo, quantidade) VALUES (12, 'C24', 0, 2);
INSERT INTO grupo_cipa (id_intervalo, cipa, tipo, quantidade) VALUES (12, 'C24', 1, 2);
INSERT INTO grupo_cipa (id_intervalo, cipa, tipo, quantidade) VALUES (13, 'C24', 0, 2);
INSERT INTO grupo_cipa (id_intervalo, cipa, tipo, quantidade) VALUES (13, 'C24', 1, 2);
INSERT INTO grupo_cipa (id_intervalo, cipa, tipo, quantidade) VALUES (14, 'C24', 0, 4);
INSERT INTO grupo_cipa (id_intervalo, cipa, tipo, quantidade) VALUES (14, 'C24', 1, 3);
INSERT INTO grupo_cipa (id_intervalo, cipa, tipo, quantidade) VALUES (15, 'C24', 0, 4);
INSERT INTO grupo_cipa (id_intervalo, cipa, tipo, quantidade) VALUES (15, 'C24', 1, 3);
INSERT INTO grupo_cipa (id_intervalo, cipa, tipo, quantidade) VALUES (16, 'C24', 0, 4);
INSERT INTO grupo_cipa (id_intervalo, cipa, tipo, quantidade) VALUES (16, 'C24', 1, 4);
INSERT INTO grupo_cipa (id_intervalo, cipa, tipo, quantidade) VALUES (17, 'C24', 0, 4);
INSERT INTO grupo_cipa (id_intervalo, cipa, tipo, quantidade) VALUES (17, 'C24', 1, 4);
INSERT INTO grupo_cipa (id_intervalo, cipa, tipo, quantidade) VALUES (18, 'C24', 0, 6);
INSERT INTO grupo_cipa (id_intervalo, cipa, tipo, quantidade) VALUES (18, 'C24', 1, 5);
INSERT INTO grupo_cipa (id_intervalo, cipa, tipo, quantidade) VALUES (19, 'C24', 0, 8);
INSERT INTO grupo_cipa (id_intervalo, cipa, tipo, quantidade) VALUES (19, 'C24', 1, 7);
INSERT INTO grupo_cipa (id_intervalo, cipa, tipo, quantidade) VALUES (20, 'C24', 0, 10);
INSERT INTO grupo_cipa (id_intervalo, cipa, tipo, quantidade) VALUES (20, 'C24', 1, 8);
INSERT INTO grupo_cipa (id_intervalo, cipa, tipo, quantidade) VALUES (21, 'C24', 0, 12);
INSERT INTO grupo_cipa (id_intervalo, cipa, tipo, quantidade) VALUES (21, 'C24', 1, 10);
INSERT INTO grupo_cipa (id_intervalo, cipa, tipo, quantidade) VALUES (22, 'C24', 0, 2);
INSERT INTO grupo_cipa (id_intervalo, cipa, tipo, quantidade) VALUES (22, 'C24', 1, 2);
INSERT INTO grupo_cipa (cipa, tipo, id_intervalo, quantidade) VALUES ('C24a', 0, 9, 0);
INSERT INTO grupo_cipa (cipa, tipo, id_intervalo, quantidade) VALUES ('C24a', 1, 9, 0);
INSERT INTO grupo_cipa (cipa, tipo, id_intervalo, quantidade) VALUES ('C24a', 0, 10, 0);
INSERT INTO grupo_cipa (cipa, tipo, id_intervalo, quantidade) VALUES ('C24a', 1, 10, 0);
INSERT INTO grupo_cipa (cipa, tipo, id_intervalo, quantidade) VALUES ('C24a', 0, 11, 0);
INSERT INTO grupo_cipa (cipa, tipo, id_intervalo, quantidade) VALUES ('C24a', 1, 11, 0);
INSERT INTO grupo_cipa (cipa, tipo, id_intervalo, quantidade) VALUES ('C24a', 0, 12, 1);
INSERT INTO grupo_cipa (cipa, tipo, id_intervalo, quantidade) VALUES ('C24a', 1, 12, 1);
INSERT INTO grupo_cipa (cipa, tipo, id_intervalo, quantidade) VALUES ('C24a', 0, 13, 1);
INSERT INTO grupo_cipa (cipa, tipo, id_intervalo, quantidade) VALUES ('C24a', 1, 13, 1);
INSERT INTO grupo_cipa (cipa, tipo, id_intervalo, quantidade) VALUES ('C24a', 0, 14, 2);
INSERT INTO grupo_cipa (cipa, tipo, id_intervalo, quantidade) VALUES ('C24a', 1, 14, 2);
INSERT INTO grupo_cipa (cipa, tipo, id_intervalo, quantidade) VALUES ('C24a', 0, 15, 2);
INSERT INTO grupo_cipa (cipa, tipo, id_intervalo, quantidade) VALUES ('C24a', 1, 15, 2);
INSERT INTO grupo_cipa (cipa, tipo, id_intervalo, quantidade) VALUES ('C24a', 0, 16, 2);
INSERT INTO grupo_cipa (cipa, tipo, id_intervalo, quantidade) VALUES ('C24a', 1, 16, 2);
INSERT INTO grupo_cipa (cipa, tipo, id_intervalo, quantidade) VALUES ('C24a', 0, 17, 2);
INSERT INTO grupo_cipa (cipa, tipo, id_intervalo, quantidade) VALUES ('C24a', 1, 17, 2);
INSERT INTO grupo_cipa (cipa, tipo, id_intervalo, quantidade) VALUES ('C24a', 0, 18, 3);
INSERT INTO grupo_cipa (cipa, tipo, id_intervalo, quantidade) VALUES ('C24a', 1, 18, 3);
INSERT INTO grupo_cipa (cipa, tipo, id_intervalo, quantidade) VALUES ('C24a', 0, 19, 4);
INSERT INTO grupo_cipa (cipa, tipo, id_intervalo, quantidade) VALUES ('C24a', 1, 19, 3);
INSERT INTO grupo_cipa (cipa, tipo, id_intervalo, quantidade) VALUES ('C24a', 0, 20, 5);
INSERT INTO grupo_cipa (cipa, tipo, id_intervalo, quantidade) VALUES ('C24a', 1, 20, 4);
INSERT INTO grupo_cipa (cipa, tipo, id_intervalo, quantidade) VALUES ('C24a', 0, 21, 6);
INSERT INTO grupo_cipa (cipa, tipo, id_intervalo, quantidade) VALUES ('C24a', 1, 21, 4);
INSERT INTO grupo_cipa (cipa, tipo, id_intervalo, quantidade) VALUES ('C24a', 0, 22, 1);
INSERT INTO grupo_cipa (cipa, tipo, id_intervalo, quantidade) VALUES ('C24a', 1, 22, 1);
INSERT INTO grupo_cipa (cipa, tipo, id_intervalo, quantidade) VALUES ('C24b', 0, 9, 0);
INSERT INTO grupo_cipa (cipa, tipo, id_intervalo, quantidade) VALUES ('C24b', 1, 9, 0);
INSERT INTO grupo_cipa (cipa, tipo, id_intervalo, quantidade) VALUES ('C24b', 0, 10, 1);
INSERT INTO grupo_cipa (cipa, tipo, id_intervalo, quantidade) VALUES ('C24b', 1, 10, 1);
INSERT INTO grupo_cipa (cipa, tipo, id_intervalo, quantidade) VALUES ('C24b', 0, 11, 1);
INSERT INTO grupo_cipa (cipa, tipo, id_intervalo, quantidade) VALUES ('C24b', 1, 11, 1);
INSERT INTO grupo_cipa (cipa, tipo, id_intervalo, quantidade) VALUES ('C24b', 0, 12, 3);
INSERT INTO grupo_cipa (cipa, tipo, id_intervalo, quantidade) VALUES ('C24b', 1, 12, 3);
INSERT INTO grupo_cipa (cipa, tipo, id_intervalo, quantidade) VALUES ('C24b', 0, 13, 3);
INSERT INTO grupo_cipa (cipa, tipo, id_intervalo, quantidade) VALUES ('C24b', 1, 13, 3);
INSERT INTO grupo_cipa (cipa, tipo, id_intervalo, quantidade) VALUES ('C24b', 0, 14, 4);
INSERT INTO grupo_cipa (cipa, tipo, id_intervalo, quantidade) VALUES ('C24b', 1, 14, 3);
INSERT INTO grupo_cipa (cipa, tipo, id_intervalo, quantidade) VALUES ('C24b', 0, 15, 4);
INSERT INTO grupo_cipa (cipa, tipo, id_intervalo, quantidade) VALUES ('C24b', 1, 15, 3);
INSERT INTO grupo_cipa (cipa, tipo, id_intervalo, quantidade) VALUES ('C24b', 0, 16, 4);
INSERT INTO grupo_cipa (cipa, tipo, id_intervalo, quantidade) VALUES ('C24b', 1, 16, 3);
INSERT INTO grupo_cipa (cipa, tipo, id_intervalo, quantidade) VALUES ('C24b', 0, 17, 4);
INSERT INTO grupo_cipa (cipa, tipo, id_intervalo, quantidade) VALUES ('C24b', 1, 17, 3);
INSERT INTO grupo_cipa (cipa, tipo, id_intervalo, quantidade) VALUES ('C24b', 0, 18, 6);
INSERT INTO grupo_cipa (cipa, tipo, id_intervalo, quantidade) VALUES ('C24b', 1, 18, 4);
INSERT INTO grupo_cipa (cipa, tipo, id_intervalo, quantidade) VALUES ('C24b', 0, 19, 9);
INSERT INTO grupo_cipa (cipa, tipo, id_intervalo, quantidade) VALUES ('C24b', 1, 19, 7);
INSERT INTO grupo_cipa (cipa, tipo, id_intervalo, quantidade) VALUES ('C24b', 0, 20, 12);
INSERT INTO grupo_cipa (cipa, tipo, id_intervalo, quantidade) VALUES ('C24b', 1, 20, 9);
INSERT INTO grupo_cipa (cipa, tipo, id_intervalo, quantidade) VALUES ('C24b', 0, 21, 15);
INSERT INTO grupo_cipa (cipa, tipo, id_intervalo, quantidade) VALUES ('C24b', 1, 21, 12);
INSERT INTO grupo_cipa (cipa, tipo, id_intervalo, quantidade) VALUES ('C24b', 0, 22, 2);
INSERT INTO grupo_cipa (cipa, tipo, id_intervalo, quantidade) VALUES ('C24b', 1, 22, 2);
INSERT INTO grupo_cipa (cipa, tipo, id_intervalo, quantidade) VALUES ('C25', 0, 9, 0);
INSERT INTO grupo_cipa (cipa, tipo, id_intervalo, quantidade) VALUES ('C25', 1, 9, 0);
INSERT INTO grupo_cipa (cipa, tipo, id_intervalo, quantidade) VALUES ('C25', 0, 10, 0);
INSERT INTO grupo_cipa (cipa, tipo, id_intervalo, quantidade) VALUES ('C25', 1, 10, 0);
INSERT INTO grupo_cipa (cipa, tipo, id_intervalo, quantidade) VALUES ('C25', 0, 11, 0);
INSERT INTO grupo_cipa (cipa, tipo, id_intervalo, quantidade) VALUES ('C25', 1, 11, 0);
INSERT INTO grupo_cipa (cipa, tipo, id_intervalo, quantidade) VALUES ('C25', 0, 12, 1);
INSERT INTO grupo_cipa (cipa, tipo, id_intervalo, quantidade) VALUES ('C25', 1, 12, 1);
INSERT INTO grupo_cipa (cipa, tipo, id_intervalo, quantidade) VALUES ('C25', 0, 13, 1);
INSERT INTO grupo_cipa (cipa, tipo, id_intervalo, quantidade) VALUES ('C25', 1, 13, 1);
INSERT INTO grupo_cipa (cipa, tipo, id_intervalo, quantidade) VALUES ('C25', 0, 14, 2);
INSERT INTO grupo_cipa (cipa, tipo, id_intervalo, quantidade) VALUES ('C25', 1, 14, 2);
INSERT INTO grupo_cipa (cipa, tipo, id_intervalo, quantidade) VALUES ('C25', 0, 15, 2);
INSERT INTO grupo_cipa (cipa, tipo, id_intervalo, quantidade) VALUES ('C25', 1, 15, 2);
INSERT INTO grupo_cipa (cipa, tipo, id_intervalo, quantidade) VALUES ('C25', 0, 16, 2);
INSERT INTO grupo_cipa (cipa, tipo, id_intervalo, quantidade) VALUES ('C25', 1, 16, 2);
INSERT INTO grupo_cipa (cipa, tipo, id_intervalo, quantidade) VALUES ('C25', 0, 17, 2);
INSERT INTO grupo_cipa (cipa, tipo, id_intervalo, quantidade) VALUES ('C25', 1, 17, 2);
INSERT INTO grupo_cipa (cipa, tipo, id_intervalo, quantidade) VALUES ('C25', 0, 18, 3);
INSERT INTO grupo_cipa (cipa, tipo, id_intervalo, quantidade) VALUES ('C25', 1, 18, 3);
INSERT INTO grupo_cipa (cipa, tipo, id_intervalo, quantidade) VALUES ('C25', 0, 19, 4);
INSERT INTO grupo_cipa (cipa, tipo, id_intervalo, quantidade) VALUES ('C25', 1, 19, 3);
INSERT INTO grupo_cipa (cipa, tipo, id_intervalo, quantidade) VALUES ('C25', 0, 20, 5);
INSERT INTO grupo_cipa (cipa, tipo, id_intervalo, quantidade) VALUES ('C25', 1, 20, 4);
INSERT INTO grupo_cipa (cipa, tipo, id_intervalo, quantidade) VALUES ('C25', 0, 21, 6);
INSERT INTO grupo_cipa (cipa, tipo, id_intervalo, quantidade) VALUES ('C25', 1, 21, 5);
INSERT INTO grupo_cipa (cipa, tipo, id_intervalo, quantidade) VALUES ('C25', 0, 22, 1);
INSERT INTO grupo_cipa (cipa, tipo, id_intervalo, quantidade) VALUES ('C25', 1, 22, 1);
INSERT INTO grupo_cipa (cipa, tipo, id_intervalo, quantidade) VALUES ('C26', 0, 9, 0);
INSERT INTO grupo_cipa (cipa, tipo, id_intervalo, quantidade) VALUES ('C26', 1, 9, 0);
INSERT INTO grupo_cipa (cipa, tipo, id_intervalo, quantidade) VALUES ('C26', 0, 10, 0);
INSERT INTO grupo_cipa (cipa, tipo, id_intervalo, quantidade) VALUES ('C26', 1, 10, 0);
INSERT INTO grupo_cipa (cipa, tipo, id_intervalo, quantidade) VALUES ('C26', 0, 11, 0);
INSERT INTO grupo_cipa (cipa, tipo, id_intervalo, quantidade) VALUES ('C26', 1, 11, 0);
INSERT INTO grupo_cipa (cipa, tipo, id_intervalo, quantidade) VALUES ('C26', 0, 12, 0);
INSERT INTO grupo_cipa (cipa, tipo, id_intervalo, quantidade) VALUES ('C26', 1, 12, 0);
INSERT INTO grupo_cipa (cipa, tipo, id_intervalo, quantidade) VALUES ('C26', 0, 13, 0);
INSERT INTO grupo_cipa (cipa, tipo, id_intervalo, quantidade) VALUES ('C26', 1, 13, 0);
INSERT INTO grupo_cipa (cipa, tipo, id_intervalo, quantidade) VALUES ('C26', 0, 14, 0);
INSERT INTO grupo_cipa (cipa, tipo, id_intervalo, quantidade) VALUES ('C26', 1, 14, 0);
INSERT INTO grupo_cipa (cipa, tipo, id_intervalo, quantidade) VALUES ('C26', 0, 15, 0);
INSERT INTO grupo_cipa (cipa, tipo, id_intervalo, quantidade) VALUES ('C26', 1, 15, 0);
INSERT INTO grupo_cipa (cipa, tipo, id_intervalo, quantidade) VALUES ('C26', 0, 16, 0);
INSERT INTO grupo_cipa (cipa, tipo, id_intervalo, quantidade) VALUES ('C26', 1, 16, 0);
INSERT INTO grupo_cipa (cipa, tipo, id_intervalo, quantidade) VALUES ('C26', 0, 17, 1);
INSERT INTO grupo_cipa (cipa, tipo, id_intervalo, quantidade) VALUES ('C26', 1, 17, 1);
INSERT INTO grupo_cipa (cipa, tipo, id_intervalo, quantidade) VALUES ('C26', 0, 18, 2);
INSERT INTO grupo_cipa (cipa, tipo, id_intervalo, quantidade) VALUES ('C26', 1, 18, 2);
INSERT INTO grupo_cipa (cipa, tipo, id_intervalo, quantidade) VALUES ('C26', 0, 19, 3);
INSERT INTO grupo_cipa (cipa, tipo, id_intervalo, quantidade) VALUES ('C26', 1, 19, 3);
INSERT INTO grupo_cipa (cipa, tipo, id_intervalo, quantidade) VALUES ('C26', 0, 20, 4);
INSERT INTO grupo_cipa (cipa, tipo, id_intervalo, quantidade) VALUES ('C26', 1, 20, 3);
INSERT INTO grupo_cipa (cipa, tipo, id_intervalo, quantidade) VALUES ('C26', 0, 21, 5);
INSERT INTO grupo_cipa (cipa, tipo, id_intervalo, quantidade) VALUES ('C26', 1, 21, 4);
INSERT INTO grupo_cipa (cipa, tipo, id_intervalo, quantidade) VALUES ('C26', 0, 22, 1);
INSERT INTO grupo_cipa (cipa, tipo, id_intervalo, quantidade) VALUES ('C26', 1, 22, 1);
INSERT INTO grupo_cipa (cipa, tipo, id_intervalo, quantidade) VALUES ('C27', 0, 9, 0);
INSERT INTO grupo_cipa (cipa, tipo, id_intervalo, quantidade) VALUES ('C27', 1, 9, 0);
INSERT INTO grupo_cipa (cipa, tipo, id_intervalo, quantidade) VALUES ('C27', 0, 10, 0);
INSERT INTO grupo_cipa (cipa, tipo, id_intervalo, quantidade) VALUES ('C27', 1, 10, 0);
INSERT INTO grupo_cipa (cipa, tipo, id_intervalo, quantidade) VALUES ('C27', 0, 11, 0);
INSERT INTO grupo_cipa (cipa, tipo, id_intervalo, quantidade) VALUES ('C27', 1, 11, 0);
INSERT INTO grupo_cipa (cipa, tipo, id_intervalo, quantidade) VALUES ('C27', 0, 12, 0);
INSERT INTO grupo_cipa (cipa, tipo, id_intervalo, quantidade) VALUES ('C27', 1, 12, 0);
INSERT INTO grupo_cipa (cipa, tipo, id_intervalo, quantidade) VALUES ('C27', 0, 13, 0);
INSERT INTO grupo_cipa (cipa, tipo, id_intervalo, quantidade) VALUES ('C27', 1, 13, 0);
INSERT INTO grupo_cipa (cipa, tipo, id_intervalo, quantidade) VALUES ('C27', 0, 14, 1);
INSERT INTO grupo_cipa (cipa, tipo, id_intervalo, quantidade) VALUES ('C27', 1, 14, 1);
INSERT INTO grupo_cipa (cipa, tipo, id_intervalo, quantidade) VALUES ('C27', 0, 15, 1);
INSERT INTO grupo_cipa (cipa, tipo, id_intervalo, quantidade) VALUES ('C27', 1, 15, 1);
INSERT INTO grupo_cipa (cipa, tipo, id_intervalo, quantidade) VALUES ('C27', 0, 16, 2);
INSERT INTO grupo_cipa (cipa, tipo, id_intervalo, quantidade) VALUES ('C27', 1, 16, 2);
INSERT INTO grupo_cipa (cipa, tipo, id_intervalo, quantidade) VALUES ('C27', 0, 17, 3);
INSERT INTO grupo_cipa (cipa, tipo, id_intervalo, quantidade) VALUES ('C27', 1, 17, 3);
INSERT INTO grupo_cipa (cipa, tipo, id_intervalo, quantidade) VALUES ('C27', 0, 18, 4);
INSERT INTO grupo_cipa (cipa, tipo, id_intervalo, quantidade) VALUES ('C27', 1, 18, 3);
INSERT INTO grupo_cipa (cipa, tipo, id_intervalo, quantidade) VALUES ('C27', 0, 19, 5);
INSERT INTO grupo_cipa (cipa, tipo, id_intervalo, quantidade) VALUES ('C27', 1, 19, 4);
INSERT INTO grupo_cipa (cipa, tipo, id_intervalo, quantidade) VALUES ('C27', 0, 20, 6);
INSERT INTO grupo_cipa (cipa, tipo, id_intervalo, quantidade) VALUES ('C27', 1, 20, 5);
INSERT INTO grupo_cipa (cipa, tipo, id_intervalo, quantidade) VALUES ('C27', 0, 21, 6);
INSERT INTO grupo_cipa (cipa, tipo, id_intervalo, quantidade) VALUES ('C27', 1, 21, 5);
INSERT INTO grupo_cipa (cipa, tipo, id_intervalo, quantidade) VALUES ('C27', 0, 22, 1);
INSERT INTO grupo_cipa (cipa, tipo, id_intervalo, quantidade) VALUES ('C27', 1, 22, 1);
INSERT INTO grupo_cipa (cipa, tipo, id_intervalo, quantidade) VALUES ('C28', 0, 9, 0);
INSERT INTO grupo_cipa (cipa, tipo, id_intervalo, quantidade) VALUES ('C28', 1, 9, 0);
INSERT INTO grupo_cipa (cipa, tipo, id_intervalo, quantidade) VALUES ('C28', 0, 10, 0);
INSERT INTO grupo_cipa (cipa, tipo, id_intervalo, quantidade) VALUES ('C28', 1, 10, 0);
INSERT INTO grupo_cipa (cipa, tipo, id_intervalo, quantidade) VALUES ('C28', 0, 11, 0);
INSERT INTO grupo_cipa (cipa, tipo, id_intervalo, quantidade) VALUES ('C28', 1, 11, 0);
INSERT INTO grupo_cipa (cipa, tipo, id_intervalo, quantidade) VALUES ('C28', 0, 12, 0);
INSERT INTO grupo_cipa (cipa, tipo, id_intervalo, quantidade) VALUES ('C28', 1, 12, 0);
INSERT INTO grupo_cipa (cipa, tipo, id_intervalo, quantidade) VALUES ('C28', 0, 13, 0);
INSERT INTO grupo_cipa (cipa, tipo, id_intervalo, quantidade) VALUES ('C28', 1, 13, 0);
INSERT INTO grupo_cipa (cipa, tipo, id_intervalo, quantidade) VALUES ('C28', 0, 14, 1);
INSERT INTO grupo_cipa (cipa, tipo, id_intervalo, quantidade) VALUES ('C28', 1, 14, 1);
INSERT INTO grupo_cipa (cipa, tipo, id_intervalo, quantidade) VALUES ('C28', 0, 15, 1);
INSERT INTO grupo_cipa (cipa, tipo, id_intervalo, quantidade) VALUES ('C28', 1, 15, 1);
INSERT INTO grupo_cipa (cipa, tipo, id_intervalo, quantidade) VALUES ('C28', 0, 16, 2);
INSERT INTO grupo_cipa (cipa, tipo, id_intervalo, quantidade) VALUES ('C28', 1, 16, 2);
INSERT INTO grupo_cipa (cipa, tipo, id_intervalo, quantidade) VALUES ('C28', 0, 17, 3);
INSERT INTO grupo_cipa (cipa, tipo, id_intervalo, quantidade) VALUES ('C28', 1, 17, 3);
INSERT INTO grupo_cipa (cipa, tipo, id_intervalo, quantidade) VALUES ('C28', 0, 18, 4);
INSERT INTO grupo_cipa (cipa, tipo, id_intervalo, quantidade) VALUES ('C28', 1, 18, 4);
INSERT INTO grupo_cipa (cipa, tipo, id_intervalo, quantidade) VALUES ('C28', 0, 19, 5);
INSERT INTO grupo_cipa (cipa, tipo, id_intervalo, quantidade) VALUES ('C28', 1, 19, 5);
INSERT INTO grupo_cipa (cipa, tipo, id_intervalo, quantidade) VALUES ('C28', 0, 20, 6);
INSERT INTO grupo_cipa (cipa, tipo, id_intervalo, quantidade) VALUES ('C28', 1, 20, 5);
INSERT INTO grupo_cipa (cipa, tipo, id_intervalo, quantidade) VALUES ('C28', 0, 21, 6);
INSERT INTO grupo_cipa (cipa, tipo, id_intervalo, quantidade) VALUES ('C28', 1, 21, 5);
INSERT INTO grupo_cipa (cipa, tipo, id_intervalo, quantidade) VALUES ('C28', 0, 22, 1);
INSERT INTO grupo_cipa (cipa, tipo, id_intervalo, quantidade) VALUES ('C28', 1, 22, 1);
INSERT INTO grupo_cipa (cipa, tipo, id_intervalo, quantidade) VALUES ('C29', 0, 9, 0);
INSERT INTO grupo_cipa (cipa, tipo, id_intervalo, quantidade) VALUES ('C29', 1, 9, 0);
INSERT INTO grupo_cipa (cipa, tipo, id_intervalo, quantidade) VALUES ('C29', 0, 10, 0);
INSERT INTO grupo_cipa (cipa, tipo, id_intervalo, quantidade) VALUES ('C29', 1, 10, 0);
INSERT INTO grupo_cipa (cipa, tipo, id_intervalo, quantidade) VALUES ('C29', 0, 11, 0);
INSERT INTO grupo_cipa (cipa, tipo, id_intervalo, quantidade) VALUES ('C29', 1, 11, 0);
INSERT INTO grupo_cipa (cipa, tipo, id_intervalo, quantidade) VALUES ('C29', 0, 12, 0);
INSERT INTO grupo_cipa (cipa, tipo, id_intervalo, quantidade) VALUES ('C29', 1, 12, 0);
INSERT INTO grupo_cipa (cipa, tipo, id_intervalo, quantidade) VALUES ('C29', 0, 13, 0);
INSERT INTO grupo_cipa (cipa, tipo, id_intervalo, quantidade) VALUES ('C29', 1, 13, 0);
INSERT INTO grupo_cipa (cipa, tipo, id_intervalo, quantidade) VALUES ('C29', 0, 14, 0);
INSERT INTO grupo_cipa (cipa, tipo, id_intervalo, quantidade) VALUES ('C29', 1, 14, 0);
INSERT INTO grupo_cipa (cipa, tipo, id_intervalo, quantidade) VALUES ('C29', 0, 15, 0);
INSERT INTO grupo_cipa (cipa, tipo, id_intervalo, quantidade) VALUES ('C29', 1, 15, 0);
INSERT INTO grupo_cipa (cipa, tipo, id_intervalo, quantidade) VALUES ('C29', 0, 16, 0);
INSERT INTO grupo_cipa (cipa, tipo, id_intervalo, quantidade) VALUES ('C29', 1, 16, 0);
INSERT INTO grupo_cipa (cipa, tipo, id_intervalo, quantidade) VALUES ('C29', 0, 17, 1);
INSERT INTO grupo_cipa (cipa, tipo, id_intervalo, quantidade) VALUES ('C29', 1, 17, 1);
INSERT INTO grupo_cipa (cipa, tipo, id_intervalo, quantidade) VALUES ('C29', 0, 18, 2);
INSERT INTO grupo_cipa (cipa, tipo, id_intervalo, quantidade) VALUES ('C29', 1, 18, 2);
INSERT INTO grupo_cipa (cipa, tipo, id_intervalo, quantidade) VALUES ('C29', 0, 19, 3);
INSERT INTO grupo_cipa (cipa, tipo, id_intervalo, quantidade) VALUES ('C29', 1, 19, 3);
INSERT INTO grupo_cipa (cipa, tipo, id_intervalo, quantidade) VALUES ('C29', 0, 20, 4);
INSERT INTO grupo_cipa (cipa, tipo, id_intervalo, quantidade) VALUES ('C29', 1, 20, 3);
INSERT INTO grupo_cipa (cipa, tipo, id_intervalo, quantidade) VALUES ('C29', 0, 21, 5);
INSERT INTO grupo_cipa (cipa, tipo, id_intervalo, quantidade) VALUES ('C29', 1, 21, 4);
INSERT INTO grupo_cipa (cipa, tipo, id_intervalo, quantidade) VALUES ('C29', 0, 22, 1);
INSERT INTO grupo_cipa (cipa, tipo, id_intervalo, quantidade) VALUES ('C29', 1, 22, 1);
INSERT INTO grupo_cipa (cipa, tipo, id_intervalo, quantidade) VALUES ('C30', 0, 9, 0);
INSERT INTO grupo_cipa (cipa, tipo, id_intervalo, quantidade) VALUES ('C30', 1, 9, 0);
INSERT INTO grupo_cipa (cipa, tipo, id_intervalo, quantidade) VALUES ('C30', 0, 10, 1);
INSERT INTO grupo_cipa (cipa, tipo, id_intervalo, quantidade) VALUES ('C30', 1, 10, 1);
INSERT INTO grupo_cipa (cipa, tipo, id_intervalo, quantidade) VALUES ('C30', 0, 11, 1);
INSERT INTO grupo_cipa (cipa, tipo, id_intervalo, quantidade) VALUES ('C30', 1, 11, 1);
INSERT INTO grupo_cipa (cipa, tipo, id_intervalo, quantidade) VALUES ('C30', 0, 12, 1);
INSERT INTO grupo_cipa (cipa, tipo, id_intervalo, quantidade) VALUES ('C30', 1, 12, 1);
INSERT INTO grupo_cipa (cipa, tipo, id_intervalo, quantidade) VALUES ('C30', 0, 13, 2);
INSERT INTO grupo_cipa (cipa, tipo, id_intervalo, quantidade) VALUES ('C30', 1, 13, 2);
INSERT INTO grupo_cipa (cipa, tipo, id_intervalo, quantidade) VALUES ('C30', 0, 14, 4);
INSERT INTO grupo_cipa (cipa, tipo, id_intervalo, quantidade) VALUES ('C30', 1, 14, 3);
INSERT INTO grupo_cipa (cipa, tipo, id_intervalo, quantidade) VALUES ('C30', 0, 15, 4);
INSERT INTO grupo_cipa (cipa, tipo, id_intervalo, quantidade) VALUES ('C30', 1, 15, 3);
INSERT INTO grupo_cipa (cipa, tipo, id_intervalo, quantidade) VALUES ('C30', 0, 16, 4);
INSERT INTO grupo_cipa (cipa, tipo, id_intervalo, quantidade) VALUES ('C30', 1, 16, 4);
INSERT INTO grupo_cipa (cipa, tipo, id_intervalo, quantidade) VALUES ('C30', 0, 17, 5);
INSERT INTO grupo_cipa (cipa, tipo, id_intervalo, quantidade) VALUES ('C30', 1, 17, 4);
INSERT INTO grupo_cipa (cipa, tipo, id_intervalo, quantidade) VALUES ('C30', 0, 18, 7);
INSERT INTO grupo_cipa (cipa, tipo, id_intervalo, quantidade) VALUES ('C30', 1, 18, 6);
INSERT INTO grupo_cipa (cipa, tipo, id_intervalo, quantidade) VALUES ('C30', 0, 19, 8);
INSERT INTO grupo_cipa (cipa, tipo, id_intervalo, quantidade) VALUES ('C30', 1, 19, 7);
INSERT INTO grupo_cipa (cipa, tipo, id_intervalo, quantidade) VALUES ('C30', 0, 20, 9);
INSERT INTO grupo_cipa (cipa, tipo, id_intervalo, quantidade) VALUES ('C30', 1, 20, 8);
INSERT INTO grupo_cipa (cipa, tipo, id_intervalo, quantidade) VALUES ('C30', 0, 21, 10);
INSERT INTO grupo_cipa (cipa, tipo, id_intervalo, quantidade) VALUES ('C30', 1, 21, 9);
INSERT INTO grupo_cipa (cipa, tipo, id_intervalo, quantidade) VALUES ('C30', 0, 22, 2);
INSERT INTO grupo_cipa (cipa, tipo, id_intervalo, quantidade) VALUES ('C30', 1, 22, 1);
INSERT INTO grupo_cipa (cipa, tipo, id_intervalo, quantidade) VALUES ('C31', 0, 9, 0);
INSERT INTO grupo_cipa (cipa, tipo, id_intervalo, quantidade) VALUES ('C31', 1, 9, 0);
INSERT INTO grupo_cipa (cipa, tipo, id_intervalo, quantidade) VALUES ('C31', 0, 10, 0);
INSERT INTO grupo_cipa (cipa, tipo, id_intervalo, quantidade) VALUES ('C31', 1, 10, 0);
INSERT INTO grupo_cipa (cipa, tipo, id_intervalo, quantidade) VALUES ('C31', 0, 11, 0);
INSERT INTO grupo_cipa (cipa, tipo, id_intervalo, quantidade) VALUES ('C31', 1, 11, 0);
INSERT INTO grupo_cipa (cipa, tipo, id_intervalo, quantidade) VALUES ('C31', 0, 12, 1);
INSERT INTO grupo_cipa (cipa, tipo, id_intervalo, quantidade) VALUES ('C31', 1, 12, 1);
INSERT INTO grupo_cipa (cipa, tipo, id_intervalo, quantidade) VALUES ('C31', 0, 13, 1);
INSERT INTO grupo_cipa (cipa, tipo, id_intervalo, quantidade) VALUES ('C31', 1, 13, 1);
INSERT INTO grupo_cipa (cipa, tipo, id_intervalo, quantidade) VALUES ('C31', 0, 14, 2);
INSERT INTO grupo_cipa (cipa, tipo, id_intervalo, quantidade) VALUES ('C31', 1, 14, 2);
INSERT INTO grupo_cipa (cipa, tipo, id_intervalo, quantidade) VALUES ('C31', 0, 15, 2);
INSERT INTO grupo_cipa (cipa, tipo, id_intervalo, quantidade) VALUES ('C31', 1, 15, 2);
INSERT INTO grupo_cipa (cipa, tipo, id_intervalo, quantidade) VALUES ('C31', 0, 16, 2);
INSERT INTO grupo_cipa (cipa, tipo, id_intervalo, quantidade) VALUES ('C31', 1, 16, 2);
INSERT INTO grupo_cipa (cipa, tipo, id_intervalo, quantidade) VALUES ('C31', 0, 17, 3);
INSERT INTO grupo_cipa (cipa, tipo, id_intervalo, quantidade) VALUES ('C31', 1, 17, 3);
INSERT INTO grupo_cipa (cipa, tipo, id_intervalo, quantidade) VALUES ('C31', 0, 18, 3);
INSERT INTO grupo_cipa (cipa, tipo, id_intervalo, quantidade) VALUES ('C31', 1, 18, 3);
INSERT INTO grupo_cipa (cipa, tipo, id_intervalo, quantidade) VALUES ('C31', 0, 19, 4);
INSERT INTO grupo_cipa (cipa, tipo, id_intervalo, quantidade) VALUES ('C31', 1, 19, 3);
INSERT INTO grupo_cipa (cipa, tipo, id_intervalo, quantidade) VALUES ('C31', 0, 20, 5);
INSERT INTO grupo_cipa (cipa, tipo, id_intervalo, quantidade) VALUES ('C31', 1, 20, 4);
INSERT INTO grupo_cipa (cipa, tipo, id_intervalo, quantidade) VALUES ('C31', 0, 21, 6);
INSERT INTO grupo_cipa (cipa, tipo, id_intervalo, quantidade) VALUES ('C31', 1, 21, 5);
INSERT INTO grupo_cipa (cipa, tipo, id_intervalo, quantidade) VALUES ('C31', 0, 22, 1);
INSERT INTO grupo_cipa (cipa, tipo, id_intervalo, quantidade) VALUES ('C31', 1, 22, 1);
INSERT INTO grupo_cipa (cipa, tipo, id_intervalo, quantidade) VALUES ('C32', 0, 9, 0);
INSERT INTO grupo_cipa (cipa, tipo, id_intervalo, quantidade) VALUES ('C32', 1, 9, 0);
INSERT INTO grupo_cipa (cipa, tipo, id_intervalo, quantidade) VALUES ('C32', 0, 10, 0);
INSERT INTO grupo_cipa (cipa, tipo, id_intervalo, quantidade) VALUES ('C32', 1, 10, 0);
INSERT INTO grupo_cipa (cipa, tipo, id_intervalo, quantidade) VALUES ('C32', 0, 11, 0);
INSERT INTO grupo_cipa (cipa, tipo, id_intervalo, quantidade) VALUES ('C32', 1, 11, 0);
INSERT INTO grupo_cipa (cipa, tipo, id_intervalo, quantidade) VALUES ('C32', 0, 12, 1);
INSERT INTO grupo_cipa (cipa, tipo, id_intervalo, quantidade) VALUES ('C32', 1, 12, 1);
INSERT INTO grupo_cipa (cipa, tipo, id_intervalo, quantidade) VALUES ('C32', 0, 13, 1);
INSERT INTO grupo_cipa (cipa, tipo, id_intervalo, quantidade) VALUES ('C32', 1, 13, 1);
INSERT INTO grupo_cipa (cipa, tipo, id_intervalo, quantidade) VALUES ('C32', 0, 14, 2);
INSERT INTO grupo_cipa (cipa, tipo, id_intervalo, quantidade) VALUES ('C32', 1, 14, 2);
INSERT INTO grupo_cipa (cipa, tipo, id_intervalo, quantidade) VALUES ('C32', 0, 15, 2);
INSERT INTO grupo_cipa (cipa, tipo, id_intervalo, quantidade) VALUES ('C32', 1, 15, 2);
INSERT INTO grupo_cipa (cipa, tipo, id_intervalo, quantidade) VALUES ('C32', 0, 16, 2);
INSERT INTO grupo_cipa (cipa, tipo, id_intervalo, quantidade) VALUES ('C32', 1, 16, 2);
INSERT INTO grupo_cipa (cipa, tipo, id_intervalo, quantidade) VALUES ('C32', 0, 17, 3);
INSERT INTO grupo_cipa (cipa, tipo, id_intervalo, quantidade) VALUES ('C32', 1, 17, 3);
INSERT INTO grupo_cipa (cipa, tipo, id_intervalo, quantidade) VALUES ('C32', 0, 18, 3);
INSERT INTO grupo_cipa (cipa, tipo, id_intervalo, quantidade) VALUES ('C32', 1, 18, 3);
INSERT INTO grupo_cipa (cipa, tipo, id_intervalo, quantidade) VALUES ('C32', 0, 19, 4);
INSERT INTO grupo_cipa (cipa, tipo, id_intervalo, quantidade) VALUES ('C32', 1, 19, 3);
INSERT INTO grupo_cipa (cipa, tipo, id_intervalo, quantidade) VALUES ('C32', 0, 20, 5);
INSERT INTO grupo_cipa (cipa, tipo, id_intervalo, quantidade) VALUES ('C32', 1, 20, 4);
INSERT INTO grupo_cipa (cipa, tipo, id_intervalo, quantidade) VALUES ('C32', 0, 21, 6);
INSERT INTO grupo_cipa (cipa, tipo, id_intervalo, quantidade) VALUES ('C32', 1, 21, 5);
INSERT INTO grupo_cipa (cipa, tipo, id_intervalo, quantidade) VALUES ('C32', 0, 22, 1);
INSERT INTO grupo_cipa (cipa, tipo, id_intervalo, quantidade) VALUES ('C32', 1, 22, 1);
INSERT INTO grupo_cipa (cipa, tipo, id_intervalo, quantidade) VALUES ('C33', 0, 9, 0);
INSERT INTO grupo_cipa (cipa, tipo, id_intervalo, quantidade) VALUES ('C33', 1, 9, 0);
INSERT INTO grupo_cipa (cipa, tipo, id_intervalo, quantidade) VALUES ('C33', 0, 10, 0);
INSERT INTO grupo_cipa (cipa, tipo, id_intervalo, quantidade) VALUES ('C33', 1, 10, 0);
INSERT INTO grupo_cipa (cipa, tipo, id_intervalo, quantidade) VALUES ('C33', 0, 11, 0);
INSERT INTO grupo_cipa (cipa, tipo, id_intervalo, quantidade) VALUES ('C33', 1, 11, 0);
INSERT INTO grupo_cipa (cipa, tipo, id_intervalo, quantidade) VALUES ('C33', 0, 12, 0);
INSERT INTO grupo_cipa (cipa, tipo, id_intervalo, quantidade) VALUES ('C33', 1, 12, 0);
INSERT INTO grupo_cipa (cipa, tipo, id_intervalo, quantidade) VALUES ('C33', 0, 13, 0);
INSERT INTO grupo_cipa (cipa, tipo, id_intervalo, quantidade) VALUES ('C33', 1, 13, 0);
INSERT INTO grupo_cipa (cipa, tipo, id_intervalo, quantidade) VALUES ('C33', 0, 14, 1);
INSERT INTO grupo_cipa (cipa, tipo, id_intervalo, quantidade) VALUES ('C33', 1, 14, 1);
INSERT INTO grupo_cipa (cipa, tipo, id_intervalo, quantidade) VALUES ('C33', 0, 15, 1);
INSERT INTO grupo_cipa (cipa, tipo, id_intervalo, quantidade) VALUES ('C33', 1, 15, 1);
INSERT INTO grupo_cipa (cipa, tipo, id_intervalo, quantidade) VALUES ('C33', 0, 16, 1);
INSERT INTO grupo_cipa (cipa, tipo, id_intervalo, quantidade) VALUES ('C33', 1, 16, 1);
INSERT INTO grupo_cipa (cipa, tipo, id_intervalo, quantidade) VALUES ('C33', 0, 17, 1);
INSERT INTO grupo_cipa (cipa, tipo, id_intervalo, quantidade) VALUES ('C33', 1, 17, 1);
INSERT INTO grupo_cipa (cipa, tipo, id_intervalo, quantidade) VALUES ('C33', 0, 18, 2);
INSERT INTO grupo_cipa (cipa, tipo, id_intervalo, quantidade) VALUES ('C33', 1, 18, 2);
INSERT INTO grupo_cipa (cipa, tipo, id_intervalo, quantidade) VALUES ('C33', 0, 19, 3);
INSERT INTO grupo_cipa (cipa, tipo, id_intervalo, quantidade) VALUES ('C33', 1, 19, 3);
INSERT INTO grupo_cipa (cipa, tipo, id_intervalo, quantidade) VALUES ('C33', 0, 20, 4);
INSERT INTO grupo_cipa (cipa, tipo, id_intervalo, quantidade) VALUES ('C33', 1, 20, 3);
INSERT INTO grupo_cipa (cipa, tipo, id_intervalo, quantidade) VALUES ('C33', 0, 21, 5);
INSERT INTO grupo_cipa (cipa, tipo, id_intervalo, quantidade) VALUES ('C33', 1, 21, 4);
INSERT INTO grupo_cipa (cipa, tipo, id_intervalo, quantidade) VALUES ('C33', 0, 22, 1);
INSERT INTO grupo_cipa (cipa, tipo, id_intervalo, quantidade) VALUES ('C33', 1, 22, 1);
INSERT INTO grupo_cipa (cipa, tipo, id_intervalo, quantidade) VALUES ('C34', 0, 9, 0);
INSERT INTO grupo_cipa (cipa, tipo, id_intervalo, quantidade) VALUES ('C34', 1, 9, 0);
INSERT INTO grupo_cipa (cipa, tipo, id_intervalo, quantidade) VALUES ('C34', 0, 10, 1);
INSERT INTO grupo_cipa (cipa, tipo, id_intervalo, quantidade) VALUES ('C34', 1, 10, 1);
INSERT INTO grupo_cipa (cipa, tipo, id_intervalo, quantidade) VALUES ('C34', 0, 11, 1);
INSERT INTO grupo_cipa (cipa, tipo, id_intervalo, quantidade) VALUES ('C34', 1, 11, 1);
INSERT INTO grupo_cipa (cipa, tipo, id_intervalo, quantidade) VALUES ('C34', 0, 12, 2);
INSERT INTO grupo_cipa (cipa, tipo, id_intervalo, quantidade) VALUES ('C34', 1, 12, 2);
INSERT INTO grupo_cipa (cipa, tipo, id_intervalo, quantidade) VALUES ('C34', 0, 13, 2);
INSERT INTO grupo_cipa (cipa, tipo, id_intervalo, quantidade) VALUES ('C34', 1, 13, 2);
INSERT INTO grupo_cipa (cipa, tipo, id_intervalo, quantidade) VALUES ('C34', 0, 14, 4);
INSERT INTO grupo_cipa (cipa, tipo, id_intervalo, quantidade) VALUES ('C34', 1, 14, 3);
INSERT INTO grupo_cipa (cipa, tipo, id_intervalo, quantidade) VALUES ('C34', 0, 15, 4);
INSERT INTO grupo_cipa (cipa, tipo, id_intervalo, quantidade) VALUES ('C34', 1, 15, 3);
INSERT INTO grupo_cipa (cipa, tipo, id_intervalo, quantidade) VALUES ('C34', 0, 16, 4);
INSERT INTO grupo_cipa (cipa, tipo, id_intervalo, quantidade) VALUES ('C34', 1, 16, 3);
INSERT INTO grupo_cipa (cipa, tipo, id_intervalo, quantidade) VALUES ('C34', 0, 17, 4);
INSERT INTO grupo_cipa (cipa, tipo, id_intervalo, quantidade) VALUES ('C34', 1, 17, 4);
INSERT INTO grupo_cipa (cipa, tipo, id_intervalo, quantidade) VALUES ('C34', 0, 18, 6);
INSERT INTO grupo_cipa (cipa, tipo, id_intervalo, quantidade) VALUES ('C34', 1, 18, 5);
INSERT INTO grupo_cipa (cipa, tipo, id_intervalo, quantidade) VALUES ('C34', 0, 19, 8);
INSERT INTO grupo_cipa (cipa, tipo, id_intervalo, quantidade) VALUES ('C34', 1, 19, 7);
INSERT INTO grupo_cipa (cipa, tipo, id_intervalo, quantidade) VALUES ('C34', 0, 20, 10);
INSERT INTO grupo_cipa (cipa, tipo, id_intervalo, quantidade) VALUES ('C34', 1, 20, 8);
INSERT INTO grupo_cipa (cipa, tipo, id_intervalo, quantidade) VALUES ('C34', 0, 21, 12);
INSERT INTO grupo_cipa (cipa, tipo, id_intervalo, quantidade) VALUES ('C34', 1, 21, 9);
INSERT INTO grupo_cipa (cipa, tipo, id_intervalo, quantidade) VALUES ('C34', 0, 22, 2);
INSERT INTO grupo_cipa (cipa, tipo, id_intervalo, quantidade) VALUES ('C34', 1, 22, 2);
INSERT INTO grupo_cipa (cipa, tipo, id_intervalo, quantidade) VALUES ('C35', 0, 9, 0);
INSERT INTO grupo_cipa (cipa, tipo, id_intervalo, quantidade) VALUES ('C35', 1, 9, 0);
INSERT INTO grupo_cipa (cipa, tipo, id_intervalo, quantidade) VALUES ('C35', 0, 10, 0);
INSERT INTO grupo_cipa (cipa, tipo, id_intervalo, quantidade) VALUES ('C35', 1, 10, 0);
INSERT INTO grupo_cipa (cipa, tipo, id_intervalo, quantidade) VALUES ('C35', 0, 11, 0);
INSERT INTO grupo_cipa (cipa, tipo, id_intervalo, quantidade) VALUES ('C35', 1, 11, 0);
INSERT INTO grupo_cipa (cipa, tipo, id_intervalo, quantidade) VALUES ('C35', 0, 12, 1);
INSERT INTO grupo_cipa (cipa, tipo, id_intervalo, quantidade) VALUES ('C35', 1, 12, 1);
INSERT INTO grupo_cipa (cipa, tipo, id_intervalo, quantidade) VALUES ('C35', 0, 13, 1);
INSERT INTO grupo_cipa (cipa, tipo, id_intervalo, quantidade) VALUES ('C35', 1, 13, 1);
INSERT INTO grupo_cipa (cipa, tipo, id_intervalo, quantidade) VALUES ('C35', 0, 14, 2);
INSERT INTO grupo_cipa (cipa, tipo, id_intervalo, quantidade) VALUES ('C35', 1, 14, 2);
INSERT INTO grupo_cipa (cipa, tipo, id_intervalo, quantidade) VALUES ('C35', 0, 15, 2);
INSERT INTO grupo_cipa (cipa, tipo, id_intervalo, quantidade) VALUES ('C35', 1, 15, 2);
INSERT INTO grupo_cipa (cipa, tipo, id_intervalo, quantidade) VALUES ('C35', 0, 16, 2);
INSERT INTO grupo_cipa (cipa, tipo, id_intervalo, quantidade) VALUES ('C35', 1, 16, 2);
INSERT INTO grupo_cipa (cipa, tipo, id_intervalo, quantidade) VALUES ('C35', 0, 17, 2);
INSERT INTO grupo_cipa (cipa, tipo, id_intervalo, quantidade) VALUES ('C35', 1, 17, 2);
INSERT INTO grupo_cipa (cipa, tipo, id_intervalo, quantidade) VALUES ('C35', 0, 18, 3);
INSERT INTO grupo_cipa (cipa, tipo, id_intervalo, quantidade) VALUES ('C35', 1, 18, 3);
INSERT INTO grupo_cipa (cipa, tipo, id_intervalo, quantidade) VALUES ('C35', 0, 19, 4);
INSERT INTO grupo_cipa (cipa, tipo, id_intervalo, quantidade) VALUES ('C35', 1, 19, 3);
INSERT INTO grupo_cipa (cipa, tipo, id_intervalo, quantidade) VALUES ('C35', 0, 20, 5);
INSERT INTO grupo_cipa (cipa, tipo, id_intervalo, quantidade) VALUES ('C35', 1, 20, 4);
INSERT INTO grupo_cipa (cipa, tipo, id_intervalo, quantidade) VALUES ('C35', 0, 21, 6);
INSERT INTO grupo_cipa (cipa, tipo, id_intervalo, quantidade) VALUES ('C35', 1, 21, 5);
INSERT INTO grupo_cipa (cipa, tipo, id_intervalo, quantidade) VALUES ('C35', 0, 22, 1);
INSERT INTO grupo_cipa (cipa, tipo, id_intervalo, quantidade) VALUES ('C35', 1, 22, 1);
-- FIM DA SQL PARA INSERIR grupo_cipa --

