-- phpMyAdmin SQL Dump
-- version 4.1.14
-- http://www.phpmyadmin.net
--
-- Host: 127.0.0.1
-- Generation Time: 25-Jun-2016 às 01:10
-- Versão do servidor: 5.6.17
-- PHP Version: 5.5.12

SET SQL_MODE = "NO_AUTO_VALUE_ON_ZERO";
SET time_zone = "+00:00";


/*!40101 SET @OLD_CHARACTER_SET_CLIENT=@@CHARACTER_SET_CLIENT */;
/*!40101 SET @OLD_CHARACTER_SET_RESULTS=@@CHARACTER_SET_RESULTS */;
/*!40101 SET @OLD_COLLATION_CONNECTION=@@COLLATION_CONNECTION */;
/*!40101 SET NAMES utf8 */;

--
-- Database: `tst`
--
CREATE DATABASE IF NOT EXISTS `tst` DEFAULT CHARACTER SET utf8 COLLATE utf8_general_ci;
USE `tst`;

-- --------------------------------------------------------

--
-- Estrutura da tabela `cnae`
--

CREATE TABLE IF NOT EXISTS `cnae` (
  `num_cnae` char(5) NOT NULL,
  `id_risco` int(1) NOT NULL,
  `descricao` text NOT NULL,
  PRIMARY KEY (`num_cnae`),
  KEY `FrKrisco_cnae` (`id_risco`)
) ENGINE=InnoDB DEFAULT CHARSET=utf8;

--
-- Extraindo dados da tabela `cnae`
--

INSERT INTO `cnae` (`num_cnae`, `id_risco`, `descricao`) VALUES
('01113', 3, 'Cultivo de cereais'),
('01121', 3, 'Cultivo de algodão herbáceo e de outras fibras de lavoura temporária'),
('01130', 3, 'Cultivo de cana-de-açúcar'),
('01148', 3, 'Cultivo de fumo'),
('01156', 3, 'Cultivo de soja'),
('01164', 3, 'Cultivo de oleaginosas de lavoura temporária, exceto soja'),
('01199', 3, 'Cultivo de plantas de lavoura temporária não especificadas anteriormente'),
('01211', 3, 'Horticultura'),
('01229', 3, 'Cultivo de flores e plantas ornamentais'),
('01318', 3, 'Cultivo de laranja'),
('01326', 3, 'Cultivo de uva'),
('01334', 3, 'Cultivo de frutas de lavoura permanente, exceto laranja e uva'),
('01342', 3, 'Cultivo de café'),
('01351', 3, 'Cultivo de cacau'),
('01393', 3, 'Cultivo de plantas de lavoura permanente não especificadas anteriormente'),
('01415', 3, 'Produção de sementes certificadas'),
('01423', 3, 'Produção de mudas e outras formas de propagação vegetal, certificadas'),
('01512', 3, 'Criação de bovinos'),
('01521', 3, 'Criação de outros animais de grande porte'),
('01539', 3, 'Criação de caprinos e ovinos'),
('01547', 3, 'Criação de suínos'),
('01555', 3, 'Criação de aves'),
('01598', 3, 'Criação de animais não especificados anteriormente'),
('01610', 3, 'Atividades de apoio à agricultura'),
('01628', 3, 'Atividades de apoio à pecuária'),
('01636', 3, 'Atividades de pós-colheita'),
('01709', 3, 'Caça e serviços relacionados'),
('02101', 3, 'Produção florestal - florestas plantadas'),
('02209', 4, 'Produção florestal - florestas nativas'),
('02306', 3, 'Atividades de apoio à produção florestal'),
('03116', 3, 'Pesca em água salgada'),
('03124', 3, 'Pesca em água doce'),
('03213', 3, 'Aquicultura em água salgada e salobra'),
('03221', 3, 'Aquicultura em água doce'),
('05003', 4, 'Extração de carvão mineral'),
('06000', 4, 'Extração de petróleo e gás natural'),
('07103', 4, 'Extração de minério de ferro'),
('07219', 4, 'Extração de minério de alumínio'),
('07227', 4, 'Extração de minério de estanho'),
('07235', 4, 'Extração de minério de manganês'),
('07243', 4, 'Extração de minério de metais preciosos'),
('07251', 4, 'Extração de minerais radioativos'),
('07294', 4, 'Extração de minerais metálicos não ferrosos não especificados anteriormente'),
('08100', 4, 'Extração de pedra, areia e argila'),
('08916', 4, 'Extração de minerais para fabricação de adubos, fertilizantes e outros produtos químicos'),
('08924', 4, 'Extração e refino de sal marinho e sal-gema'),
('08932', 4, 'Extração de gemas (pedras preciosas e semipreciosas)'),
('08991', 4, 'Extração de minerais não metálicos não especificados anteriormente'),
('09106', 4, 'Atividades de apoio à extração de petróleo e gás natural'),
('09904', 4, 'Atividades de apoio à extração de minerais, exceto petróleo e gás natural'),
('10112', 3, 'Abate de reses, exceto suínos'),
('10121', 3, 'Abate de suínos, aves e outros pequenos animais'),
('10139', 3, 'Fabricação de produtos de carne'),
('10201', 3, 'Preservação do pescado e fabricação de produtos do pescado'),
('10317', 3, 'Fabricação de conservas de frutas'),
('10325', 3, 'Fabricação de conservas de legumes e outros vegetais'),
('10333', 3, 'Fabricação de sucos de frutas, hortaliças e legumes'),
('10414', 3, 'Fabricação de óleos vegetais em bruto, exceto óleo de milho'),
('10422', 3, 'Fabricação de óleos vegetais refinados, exceto óleo de milho'),
('10431', 3, 'Fabricação de margarina e outras gorduras vegetais e de óleos não comestíveis de animais'),
('10511', 3, 'Preparação do leite'),
('10520', 3, 'Fabricação de laticínios'),
('10538', 3, 'Fabricação de sorvetes e outros gelados comestíveis'),
('10619', 3, 'Beneficiamento de arroz e fabricação de produtos do arroz'),
('10627', 3, 'Moagem de trigo e fabricação de derivados'),
('10635', 3, 'Fabricação de farinha de mandioca e derivados'),
('10643', 3, 'Fabricação de farinha de milho e derivados, exceto óleos de milho'),
('10651', 3, 'Fabricação de amidos e féculas de vegetais e de óleos de milho'),
('10660', 3, 'Fabricação de alimentos para animais'),
('10694', 3, 'Moagem e fabricação de produtos de origem vegetal não especificados'),
('10716', 3, 'Fabricação de açúcar em bruto'),
('10724', 3, 'Fabricação de açúcar refinado'),
('10813', 3, 'Torrefação e moagem de café'),
('10821', 3, 'Fabricação de produtos à base de café'),
('10911', 3, 'Fabricação de produtos de panificação'),
('10929', 3, 'Fabricação de biscoitos e bolachas'),
('10937', 3, 'Fabricação de produtos derivados do cacau, de chocolates e confeitos'),
('10945', 3, 'Fabricação de massas alimentícias'),
('10953', 3, 'Fabricação de especiarias, molhos, temperos e condimentos'),
('10961', 3, 'Fabricação de alimentos e pratos prontos'),
('10996', 3, 'Fabricação de produtos alimentícios não especificados anteriormente'),
('11119', 3, 'Fabricação de aguardentes e outras bebidas destiladas'),
('11127', 3, 'Fabricação de vinho'),
('11135', 3, 'Fabricação de malte, cervejas e chopes'),
('11216', 3, 'Fabricação de águas envasadas'),
('11224', 3, 'Fabricação de refrigerantes e de outras bebidas não alcoólicas'),
('12107', 3, 'Processamento industrial do fumo'),
('12204', 3, 'Fabricação de produtos do fumo'),
('13111', 3, 'Preparação e fiação de fibras de algodão'),
('13120', 3, 'Preparação e fiação de fibras têxteis naturais, exceto algodão'),
('13138', 3, 'Fiação de fibras artificiais e sintéticas'),
('13146', 3, 'Fabricação de linhas para costurar e bordar'),
('13219', 3, 'Tecelagem de fios de algodão'),
('13227', 3, 'Tecelagem de fios de fibras têxteis naturais, exceto algodão'),
('13235', 3, 'Tecelagem de fios de fibras artificiais e sintéticas'),
('13308', 3, 'Fabricação de tecidos de malha'),
('13405', 3, 'Acabamentos em fios, tecidos e artefatos têxteis'),
('13511', 3, 'Fabricação de artefatos têxteis para uso doméstico'),
('13529', 3, 'Fabricação de artefatos de tapeçaria'),
('13537', 3, 'Fabricação de artefatos de cordoaria'),
('13545', 3, 'Fabricação de tecidos especiais, inclusive artefatos'),
('13596', 3, 'Fabricação de outros produtos têxteis não especificados anteriormente'),
('14118', 2, 'Confecção de roupas íntimas'),
('14126', 2, 'Confecção de peças do vestuário, exceto roupas íntimas'),
('14134', 2, 'Confecção de roupas profissionais'),
('14142', 2, 'Fabricação de acessórios do vestuário, exceto para segurança e proteção'),
('14215', 2, 'Fabricação de meias'),
('14223', 2, 'Fabricação de artigos do vestuário, produzidos em malharias e tricotagens, exceto meias'),
('15106', 3, 'Curtimento e outras preparações de couro'),
('15211', 2, 'Fabricação de artigos para viagem, bolsas e semelhantes de qualquer material'),
('15297', 2, 'Fabricação de artefatos de couro não especificados anteriormente'),
('15319', 3, 'Fabricação de calçados de couro'),
('15327', 3, 'Fabricação de tênis de qualquer material'),
('15335', 3, 'Fabricação de calçados de material sintético'),
('15394', 3, 'Fabricação de calçados de materiais não especificados anteriormente'),
('15408', 3, 'Fabricação de partes para calçados, de qualquer material'),
('16102', 3, 'Desdobramento de madeira'),
('16218', 3, 'Fabricação de madeira laminada e de chapas de madeira compensada, prensada e aglomerada'),
('16226', 3, 'Fabricação de estruturas de madeira e de artigos de carpintaria para construção'),
('16234', 3, 'Fabricação de artefatos de tanoaria e de embalagens de madeira'),
('16293', 3, 'Fabricação de artefatos de madeira, palha, cortiça, vime e material trançado não especificados anteriormente, exceto móveis'),
('17109', 3, 'Fabricação de celulose e outras pastas para a fabricação de papel'),
('17214', 3, 'Fabricação de papel'),
('17222', 3, 'Fabricação de cartolina e papel-cartão'),
('17311', 2, 'Fabricação de embalagens de papel'),
('17320', 2, 'Fabricação de embalagens de cartolina e papel-cartão'),
('17338', 2, 'Fabricação de chapas e de embalagens de papelão ondulado'),
('17419', 2, 'Fabricação de produtos de papel, cartolina, papel-cartão e papelão ondulado para uso comercial e de escritório'),
('17427', 2, 'Fabricação de produtos de papel para usos doméstico e higiênico-sanitário'),
('17494', 2, 'Fabricação de produtos de pastas celulósicas, papel, cartolina, papel-cartão e papelão ondulado não especificados anteriormente'),
('18113', 3, 'Impressão de jornais, livros, revistas e outras publicações periódicas'),
('18121', 3, 'Impressão de material de segurança'),
('18130', 3, 'Impressão de materiais para outros usos'),
('18211', 3, 'Serviços de pré-impressão'),
('18229', 3, 'Serviços de acabamentos gráficos'),
('18300', 3, 'Reprodução de materiais gravados em qualquer suporte'),
('19101', 3, 'Coquerias'),
('19217', 3, 'Fabricação de produtos do refino de petróleo'),
('19225', 3, 'Fabricação de produtos derivados do petróleo, exceto produtos do refino'),
('19314', 3, 'Fabricação de álcool'),
('19322', 3, 'Fabricação de biocombustíveis, exceto álcool'),
('20118', 3, 'Fabricação de cloro e álcalis'),
('20126', 3, 'Fabricação de intermediários para fertilizantes'),
('20134', 3, 'Fabricação de adubos e fertilizantes'),
('20142', 3, 'Fabricação de gases industriais'),
('20193', 3, 'Fabricação de produtos químicos inorgânicos não especificados anteriormente'),
('20215', 3, 'Fabricação de produtos petroquímicos básicos'),
('20223', 3, 'Fabricação de intermediários para plastificantes, resinas e fibras'),
('20291', 3, 'Fabricação de produtos químicos orgânicos não especificados anteriormente'),
('20312', 3, 'Fabricação de resinas termoplásticas'),
('20321', 3, 'Fabricação de resinas termofixas'),
('20339', 3, 'Fabricação de elastômeros'),
('20401', 3, 'Fabricação de fibras artificiais e sintéticas'),
('20517', 3, 'Fabricação de defensivos agrícolas'),
('20525', 3, 'Fabricação de desinfetantes domissanitários'),
('20614', 3, 'Fabricação de sabões e detergentes sintéticos'),
('20622', 3, 'Fabricação de produtos de limpeza e polimento'),
('20631', 2, 'Fabricação de cosméticos, produtos de perfumaria e de higiene pessoal'),
('20711', 3, 'Fabricação de tintas, vernizes, esmaltes e lacas'),
('20720', 3, 'Fabricação de tintas de impressão'),
('20738', 3, 'Fabricação de impermeabilizantes, solventes e produtos afins'),
('20916', 3, 'Fabricação de adesivos e selantes'),
('20924', 4, 'Fabricação de explosivos'),
('20932', 3, 'Fabricação de aditivos de uso industrial'),
('20941', 3, 'Fabricação de catalisadores'),
('20991', 3, 'Fabricação de produtos químicos não especificados anteriormente'),
('21106', 3, 'Fabricação de produtos farmoquímicos'),
('21211', 3, 'Fabricação de medicamentos para uso humano'),
('21220', 3, 'Fabricação de medicamentos para uso veterinário'),
('21238', 3, 'Fabricação de preparações farmacêuticas'),
('22111', 3, 'Fabricação de pneumáticos e de câmaras de ar'),
('22129', 3, 'Reforma de pneumáticos usados'),
('22196', 3, 'Fabricação de artefatos de borracha não especificados anteriormente'),
('22218', 3, 'Fabricação de laminados planos e tubulares de material plástico'),
('22226', 3, 'Fabricação de embalagens de material plástico'),
('22234', 3, 'Fabricação de tubos e acessórios de material plástico para uso na construção'),
('22293', 3, 'Fabricação de artefatos de material plástico não especificados anteriormente'),
('23117', 3, 'Fabricação de vidro plano e de segurança'),
('23125', 3, 'Fabricação de embalagens de vidro'),
('23192', 3, 'Fabricação de artigos de vidro'),
('23206', 4, 'Fabricação de cimento'),
('23303', 4, 'Fabricação de artefatos de concreto, cimento, fibrocimento, gesso e materiais semelhantes'),
('23419', 4, 'Fabricação de produtos cerâmicos refratários'),
('23427', 3, 'Fabricação de produtos cerâmicos não-refratários para uso estrutural na construção'),
('23494', 4, 'Fabricação de produtos cerâmicos não refratários não especificados anteriormente'),
('23915', 3, 'Aparelhamento e outros trabalhos em pedras'),
('23923', 4, 'Fabricação de cal e gesso'),
('23991', 3, 'Fabricação de produtos de minerais não metálicos não especificados anteriormente'),
('24113', 4, 'Produção de ferro-gusa'),
('24121', 4, 'Produção de ferroligas'),
('24211', 4, 'Produção de semi-acabados de aço'),
('24229', 4, 'Produção de laminados planos de aço'),
('24237', 4, 'Produção de laminados longos de aço'),
('24245', 4, 'Produção de relaminados, trefilados e perfilados de aço'),
('24318', 4, 'Produção de tubos de aço com costura'),
('24393', 4, 'Produção de outros tubos de ferro e aço'),
('24415', 4, 'Metalurgia do alumínio e suas ligas'),
('24423', 4, 'Metalurgia dos metais preciosos'),
('24431', 4, 'Metalurgia do cobre'),
('24491', 4, 'Metalurgia dos metais não-ferrosos e suas ligas não especificados anteriormente'),
('24512', 4, 'Fundição de ferro e aço'),
('24521', 4, 'Fundição de metais não-ferrosos e suas ligas'),
('25110', 4, 'Fabricação de estruturas metálicas'),
('25128', 3, 'Fabricação de esquadrias de metal'),
('25136', 3, 'Fabricação de obras de caldeiraria pesada'),
('25217', 3, 'Fabricação de tanques, reservatórios metálicos e caldeiras para aquecimento central'),
('25225', 3, 'Fabricação de caldeiras geradoras de vapor, exceto para aquecimento central e para veículos'),
('25314', 4, 'Produção de forjados de aço e de metais não-ferrosos e suas ligas'),
('25322', 4, 'Produção de artefatos estampados de metal; metalurgia do pó'),
('25390', 4, 'Serviços de usinagem, solda, tratamento e revestimento em metais'),
('25411', 3, 'Fabricação de artigos de cutelaria'),
('25420', 3, 'Fabricação de artigos de serralheria, exceto esquadrias'),
('25438', 3, 'Fabricação de ferramentas'),
('25501', 4, 'Fabricação de equipamento bélico pesado, armas de fogo e munições'),
('25918', 3, 'Fabricação de embalagens metálicas'),
('25926', 4, 'Fabricação de produtos de trefilados de metal'),
('25934', 3, 'Fabricação de artigos de metal para uso doméstico e pessoal'),
('25993', 3, 'Fabricação de produtos de metal não especificados anteriormente'),
('26108', 3, 'Fabricação de componentes eletrônicos'),
('26213', 3, 'Fabricação de equipamentos de informática'),
('26221', 3, 'Fabricação de periféricos para equipamentos de informática'),
('26311', 3, 'Fabricação de equipamentos transmissores de comunicação'),
('26329', 3, 'Fabricação de aparelhos telefônicos e de outros equipamentos de comunicação'),
('26400', 3, 'Fabricação de aparelhos de recepção, reprodução, gravação e amplificação de áudio e vídeo'),
('26515', 3, 'Fabricação de aparelhos e equipamentos de medida, teste e controle'),
('26523', 3, 'Fabricação de cronômetros e relógios'),
('26604', 3, 'Fabricação de aparelhos eletromédicos e eletroterapêuticos e equipamentos de irradiação'),
('26701', 3, 'Fabricação de equipamentos e instrumentos ópticos, fotográficos e cinematográficos'),
('26809', 3, 'Fabricação de mídias virgens, magnéticas e ópticas'),
('27104', 3, 'Fabricação de geradores, transformadores e motores elétricos'),
('27210', 3, 'Fabricação de pilhas, baterias e acumuladores elétricos, exceto para veículos automotores'),
('27228', 3, 'Fabricação de baterias e acumuladores para veículos automotores'),
('27317', 3, 'Fabricação de aparelhos e equipamentos para distribuição e controle de energia elétrica'),
('27325', 3, 'Fabricação de material elétrico para instalações em circuito de consumo'),
('27333', 3, 'Fabricação de fios, cabos e condutores elétricos isolados'),
('27406', 3, 'Fabricação de lâmpadas e outros equipamentos de iluminação'),
('27511', 3, 'Fabricação de fogões, refrigeradores e máquinas de lavar e secar para uso doméstico'),
('27597', 3, 'Fabricação de aparelhos eletrodomésticos não especificados anteriormente'),
('27902', 3, 'Fabricação de equipamentos e aparelhos elétricos não especificados anteriormente'),
('28119', 3, 'Fabricação de motores e turbinas, exceto para aviões e veículos rodoviários'),
('28127', 3, 'Fabricação de equipamentos hidráulicos e pneumáticos, exceto válvulas'),
('28135', 3, 'Fabricação de válvulas, registros e dispositivos semelhantes'),
('28143', 3, 'Fabricação de compressores'),
('28151', 3, 'Fabricação de equipamentos de transmissão para fins industriais'),
('28216', 3, 'Fabricação de aparelhos e equipamentos para instalações térmicas'),
('28224', 3, 'Fabricação de máquinas, equipamentos e aparelhos para transporte e elevação de cargas e pessoas'),
('28232', 3, 'Fabricação de máquinas e aparelhos de refrigeração e ventilação para uso industrial e comercial'),
('28241', 3, 'Fabricação de aparelhos e equipamentos de ar condicionado'),
('28259', 3, 'Fabricação de máquinas e equipamentos para saneamento básico e ambiental'),
('28291', 3, 'Fabricação de máquinas e equipamentos de uso geral não especificados anteriormente'),
('28313', 3, 'Fabricação de tratores agrícolas'),
('28321', 3, 'Fabricação de equipamentos para irrigação agrícola'),
('28330', 3, 'Fabricação de máquinas e equipamentos para a agricultura e pecuária, exceto para irrigação'),
('28402', 3, 'Fabricação de máquinas-ferramenta'),
('28518', 3, 'Fabricação de máquinas e equipamentos para a prospecção e extração de petróleo'),
('28526', 3, 'Fabricação de outras máquinas e equipamentos para uso na extração mineral, exceto na extração de petróleo'),
('28534', 3, 'Fabricação de tratores, exceto agrícolas'),
('28542', 3, 'Fabricação de máquinas e equipamentos para terraplenagem, pavimentação e construção, exceto tratores'),
('28615', 3, 'Fabricação de máquinas para a indústria metalúrgica, exceto máquinas-ferramenta'),
('28623', 3, 'Fabricação de máquinas e equipamentos para as indústrias de alimentos, bebidas e fumo'),
('28631', 3, 'Fabricação de máquinas e equipamentos para a indústria têxtil'),
('28640', 3, 'Fabricação de máquinas e equipamentos para as indústrias do vestuário, do couro e de calçados'),
('28658', 3, 'Fabricação de máquinas e equipamentos para as indústrias de celulose, papel e papelão e artefatos'),
('28666', 3, 'Fabricação de máquinas e equipamentos para a indústria do plástico'),
('28691', 3, 'Fabricação de máquinas e equipamentos para uso industrial específico não especificados anteriormente'),
('29107', 3, 'Fabricação de automóveis, camionetas e utilitários'),
('29204', 3, 'Fabricação de caminhões e ônibus'),
('29301', 3, 'Fabricação de cabines, carrocerias e reboques para veículos automotores'),
('29417', 3, 'Fabricação de peças e acessórios para o sistema motor de veículos automotores'),
('29425', 3, 'Fabricação de peças e acessórios para os sistemas de marcha e transmissão de veículos automotores'),
('29433', 3, 'Fabricação de peças e acessórios para o sistema de freios de veículos automotores'),
('29441', 3, 'Fabricação de peças e acessórios para o sistema de direção e suspensão de veículos automotores'),
('29450', 3, 'Fabricação de material elétrico e eletrônico para veículos automotores, exceto baterias'),
('29492', 3, 'Fabricação de peças e acessórios para veículos automotores não especificados anteriormente'),
('29506', 3, 'Recondicionamento e recuperação de motores para veículos automotores'),
('30113', 3, 'Construção de embarcações e estruturas flutuantes'),
('30121', 3, 'Construção de embarcações para esporte e lazer'),
('30318', 3, 'Fabricação de locomotivas, vagões e outros materiais rodantes'),
('30326', 3, 'Fabricação de peças e acessórios para veículos ferroviários'),
('30415', 3, 'Fabricação de aeronaves'),
('30423', 3, 'Fabricação de turbinas, motores e outros componentes e peças para aeronaves'),
('30504', 3, 'Fabricação de veículos militares de combate'),
('30911', 3, 'Fabricação de motocicletas'),
('30920', 3, 'Fabricação de bicicletas e triciclos não motorizados'),
('30997', 3, 'Fabricação de equipamentos de transporte não especificados anteriormente'),
('31012', 3, 'Fabricação de móveis com predominância de madeira'),
('31021', 3, 'Fabricação de móveis com predominância de metal'),
('31039', 3, 'Fabricação de móveis de outros materiais, exceto madeira e metal'),
('31047', 2, 'Fabricação de colchões'),
('32116', 3, 'Lapidação de gemas e fabricação de artefatos de ourivesaria e joalheria'),
('32124', 3, 'Fabricação de bijuterias e artefatos semelhantes'),
('32205', 3, 'Fabricação de instrumentos musicais'),
('32302', 3, 'Fabricação de artefatos para pesca e esporte'),
('32400', 3, 'Fabricação de brinquedos e jogos recreativos'),
('32507', 3, 'Fabricação de instrumentos e materiais para uso médico e odontológico e de artigos ópticos'),
('32914', 3, 'Fabricação de escovas, pincéis e vassouras'),
('32922', 3, 'Fabricação de equipamentos e acessórios para segurança e proteção pessoal e profissional'),
('32990', 3, 'Fabricação de produtos diversos não especificados anteriormente'),
('33112', 3, 'Manutenção e reparação de tanques, reservatórios metálicos e caldeiras, exceto para veículos'),
('33121', 3, 'Manutenção e reparação de equipamentos eletrônicos e ópticos'),
('33139', 3, 'Manutenção e reparação de máquinas e equipamentos elétricos'),
('33147', 3, 'Manutenção e reparação de máquinas e equipamentos da indústria mecânica'),
('33155', 3, 'Manutenção e reparação de veículos ferroviários'),
('33163', 3, 'Manutenção e reparação de aeronaves'),
('33171', 3, 'Manutenção e reparação de embarcações'),
('33198', 3, 'Manutenção e reparação de equipamentos e produtos não especificados anteriormente'),
('33210', 3, 'Instalação de máquinas e equipamentos industriais'),
('33295', 3, 'Instalação de equipamentos não especificados anteriormente'),
('35115', 3, 'Geração de energia elétrica'),
('35123', 3, 'Transmissão de energia elétrica'),
('35131', 3, 'Comércio atacadista de energia elétrica'),
('35140', 3, 'Distribuição de energia elétrica'),
('35204', 3, 'Produção de gás; processamento de gás natural; distribuição de combustíveis gasosos por redes urbanas'),
('35301', 3, 'Produção e distribuição de vapor, água quente e ar condicionado'),
('36006', 3, 'Captação, tratamento e distribuição de água'),
('37011', 3, 'Gestão de redes de esgoto'),
('37029', 3, 'Atividades relacionadas a esgoto, exceto a gestão de redes'),
('38114', 3, 'Coleta de resíduos não perigosos'),
('38122', 3, 'Coleta de resíduos perigosos'),
('38211', 3, 'Tratamento e disposição de resíduos não perigosos'),
('38220', 3, 'Tratamento e disposição de resíduos perigosos'),
('38319', 3, 'Recuperação de materiais metálicos'),
('38327', 3, 'Recuperação de materiais plásticos'),
('38394', 3, 'Recuperação de materiais não especificados anteriormente'),
('39005', 3, 'Descontaminação e outros serviços de gestão de resíduos'),
('41107', 1, 'Incorporação de empreendimentos imobiliários'),
('41204', 3, 'Construção de edifícios'),
('42111', 4, 'Construção de rodovias e ferrovias'),
('42120', 4, 'Construção de obras-de-arte especiais'),
('42138', 3, 'Obras de urbanização - ruas, praças e calçadas'),
('42219', 4, 'Obras para geração e distribuição de energia elétrica e para telecomunicações'),
('42227', 4, 'Construção de redes de abastecimento de água, coleta de esgoto e construções correlatas'),
('42235', 4, 'Construção de redes de transportes por dutos, exceto para água e esgoto'),
('42910', 4, 'Obras portuárias, marítimas e fluviais'),
('42928', 4, 'Montagem de instalações industriais e de estruturas metálicas'),
('42995', 3, 'Obras de engenharia civil não especificadas anteriormente'),
('43118', 4, 'Demolição e preparação de canteiros de obras'),
('43126', 4, 'Perfurações e sondagens'),
('43134', 3, 'Obras de terraplenagem'),
('43193', 3, 'Serviços de preparação do terreno não especificados anteriormente'),
('43215', 3, 'Instalações elétricas'),
('43223', 3, 'Instalações hidráulicas, de sistemas de ventilação e refrigeração'),
('43291', 3, 'Obras de instalações em construções não especificadas anteriormente'),
('43304', 3, 'Obras de acabamento'),
('43916', 4, 'Obras de fundações'),
('43991', 3, 'Serviços especializados para construção não especificados anteriormente'),
('45111', 2, 'Comércio a varejo e por atacado de veículos automotores'),
('45129', 2, 'Representantes comerciais e agentes do comércio de veículos automotores'),
('45200', 3, 'Manutenção e reparação de veículos automotores'),
('45307', 2, 'Comércio de peças e acessórios para veículos automotores'),
('45412', 2, 'Comércio por atacado e a varejo de motocicletas, peças e acessórios'),
('45421', 2, 'Representantes comerciais e agentes do comércio de motocicletas, peças e acessórios'),
('45439', 3, 'Manutenção e reparação de motocicletas'),
('46117', 2, 'Representantes comerciais e agentes do comércio de matérias-primas agrícolas e animais vivos'),
('46125', 2, 'Representantes comerciais e agentes do comércio de combustíveis, minerais, produtos siderúrgicos e químicos'),
('46133', 2, 'Representantes comerciais e agentes do comércio de madeira, material de construção e ferragens'),
('46141', 2, 'Representantes comerciais e agentes do comércio de máquinas, equipamentos, embarcações e aeronaves'),
('46150', 2, 'Representantes comerciais e agentes do comércio de eletrodomésticos, móveis e artigos de uso doméstico'),
('46168', 2, 'Representantes comerciais e agentes do comércio de têxteis, vestuário, calçados e artigos de viagem'),
('46176', 2, 'Representantes comerciais e agentes do comércio de produtos alimentícios, bebidas e fumo'),
('46184', 2, 'Representantes comerciais e agentes do comércio especializado em produtos não especificados anteriormente'),
('46192', 2, 'Representantes comerciais e agentes do comércio de mercadorias em geral não especializado'),
('46214', 2, 'Comércio atacadista de café em grão'),
('46222', 2, 'Comércio atacadista de soja'),
('46231', 2, 'Comércio atacadista de animais vivos, alimentos para animais e matérias-primas agrícolas, exceto café e soja'),
('46311', 2, 'Comércio atacadista de leite e laticínios'),
('46320', 2, 'Comércio atacadista de cereais e leguminosas beneficiados, farinhas, amidos e féculas'),
('46338', 2, 'Comércio atacadista de hortifrutigranjeiros'),
('46346', 2, 'Comércio atacadista de carnes, produtos da carne e pescado'),
('46354', 2, 'Comércio atacadista de bebidas'),
('46362', 2, 'Comércio atacadista de produtos do fumo'),
('46371', 2, 'Comércio atacadista especializado em produtos alimentícios não especificados anteriormente'),
('46397', 2, 'Comércio atacadista de produtos alimentícios em geral'),
('46419', 2, 'Comércio atacadista de tecidos, artefatos de tecidos e de armarinho'),
('46427', 2, 'Comércio atacadista de artigos do vestuário e acessórios'),
('46435', 2, 'Comércio atacadista de calçados e artigos de viagem'),
('46443', 2, 'Comércio atacadista de produtos farmacêuticos para uso humano e veterinário'),
('46451', 2, 'Comércio atacadista de instrumentos e materiais para uso médico, cirúrgico, ortopédico e odontológico'),
('46460', 2, 'Comércio atacadista de cosméticos, produtos de perfumaria e de higiene pessoal'),
('46478', 2, 'Comércio atacadista de artigos de escritório e de papelaria; livros, jornais e outras publicações'),
('46494', 2, 'Comércio atacadista de equipamentos e artigos de uso pessoal e doméstico não especificados anteriormente'),
('46516', 3, 'Comércio atacadista de computadores, periféricos e suprimentos de informática'),
('46524', 3, 'Comércio atacadista de componentes eletrônicos e equipamentos de telefonia e comunicação'),
('46613', 3, 'Comércio atacadista de máquinas, aparelhos e equipamentos para uso agropecuário; partes e peças'),
('46621', 3, 'Comércio atacadista de máquinas, equipamentos para terraplenagem, mineração e construção; partes e peças'),
('46630', 3, 'Comércio atacadista de máquinas e equipamentos para uso industrial; partes e peças'),
('46648', 3, 'Comércio atacadista de máquinas, aparelhos e equipamentos para uso odonto-médico-hospitalar; partes e peças'),
('46656', 3, 'Comércio atacadista de máquinas e equipamentos para uso comercial; partes e peças'),
('46699', 3, 'Comércio atacadista de máquinas, aparelhos e equipamentos não especificados anteriormente; partes e peças'),
('46711', 3, 'Comércio atacadista de madeira e produtos derivados'),
('46729', 3, 'Comércio atacadista de ferragens e ferramentas'),
('46737', 3, 'Comércio atacadista de material elétrico'),
('46745', 3, 'Comércio atacadista de cimento'),
('46796', 3, 'Comércio atacadista especializado de materiais de construção não especificados anteriormente e de materiais de construção em geral'),
('46818', 3, 'Comércio atacadista de combustíveis sólidos, líquidos e gasosos, exceto gás natural e GLP'),
('46826', 3, 'Comércio atacadista de gás liquefeito de petróleo (GLP)'),
('46834', 3, 'Comércio atacadista de defensivos agrícolas, adubos, fertilizantes e corretivos do solo'),
('46842', 3, 'Comércio atacadista de produtos químicos e petroquímicos, exceto agroquímicos'),
('46851', 3, 'Comércio atacadista de produtos siderúrgicos e metalúrgicos, exceto para construção'),
('46869', 3, 'Comércio atacadista de papel e papelão em bruto e de embalagens'),
('46877', 3, 'Comércio atacadista de resíduos e sucatas'),
('46893', 3, 'Comércio atacadista especializado de outros produtos intermediários não especificados anteriormente'),
('46915', 2, 'Comércio atacadista de mercadorias em geral, com predominância de produtos alimentícios'),
('46923', 2, 'Comércio atacadista de mercadorias em geral, com predominância de insumos agropecuários'),
('46931', 2, 'Comércio atacadista de mercadorias em geral, sem predominância de alimentos ou de insumos agropecuários'),
('47113', 2, 'Comércio varejista de mercadorias em geral, com predominância de produtos alimentícios - hipermercados e supermercados'),
('47121', 2, 'Comércio varejista de mercadorias em geral, com predominância de produtos alimentícios - minimercados, mercearias e armazéns'),
('47130', 2, 'Comércio varejista de mercadorias em geral, sem predominância de produtos alimentícios'),
('47211', 2, 'Comércio varejista de produtos de padaria, laticínio, doces, balas e semelhantes'),
('47229', 3, 'Comércio varejista de carnes e pescados - açougues e peixarias'),
('47237', 2, 'Comércio varejista de bebidas'),
('47245', 2, 'Comércio varejista de hortifrutigranjeiros'),
('47296', 2, 'Comércio varejista de produtos alimentícios em geral ou especializado em produtos alimentícios não especificados anteriormente; produtos do fumo'),
('47318', 3, 'Comércio varejista de combustíveis para veículos automotores'),
('47326', 3, 'Comércio varejista de lubrificantes'),
('47415', 2, 'Comércio varejista de tintas e materiais para pintura'),
('47423', 1, 'Comércio varejista de material elétrico'),
('47431', 2, 'Comércio varejista de vidros'),
('47440', 2, 'Comércio varejista de ferragens, madeira e materiais de construção'),
('47512', 1, 'Comércio varejista especializado de equipamentos e suprimentos de informática'),
('47521', 1, 'Comércio varejista especializado de equipamentos de telefonia e comunicação'),
('47539', 1, 'Comércio varejista especializado de eletrodomésticos e equipamentos de áudio e vídeo'),
('47547', 1, 'Comércio varejista especializado de móveis, colchoaria e artigos de iluminação'),
('47555', 1, 'Comércio varejista especializado de tecidos e artigos de cama, mesa e banho'),
('47563', 1, 'Comércio varejista especializado de instrumentos musicais e acessórios'),
('47571', 1, 'Comércio varejista especializado de peças e acessórios para aparelhos eletroeletrônicos para uso doméstico, exceto informática e comunicação'),
('47598', 1, 'Comércio varejista de artigos de uso doméstico não especificados anteriormente'),
('47610', 1, 'Comércio varejista de livros, jornais, revistas e papelaria'),
('47628', 1, 'Comércio varejista de discos, CDs, DVDs e fitas'),
('47636', 1, 'Comércio varejista de artigos recreativos e esportivos'),
('47717', 2, 'Comércio varejista de produtos farmacêuticos para uso humano e veterinário'),
('47725', 1, 'Comércio varejista de cosméticos, produtos de perfumaria e de higiene pessoal'),
('47733', 1, 'Comércio varejista de artigos médicos e ortopédicos'),
('47741', 1, 'Comércio varejista de artigos de óptica'),
('47814', 1, 'Comércio varejista de artigos do vestuário e acessórios'),
('47822', 1, 'Comércio varejista de calçados e artigos de viagem'),
('47831', 1, 'Comércio varejista de joias e relógios'),
('47849', 3, 'Comércio varejista de gás liquefeito de petróleo (GLP)'),
('47857', 2, 'Comércio varejista de artigos usados'),
('47890', 1, 'Comércio varejista de outros produtos novos não especificados anteriormente'),
('47903', 2, 'Comércio ambulante e outros tipos de comércio varejista'),
('49116', 3, 'Transporte ferroviário de carga'),
('49124', 3, 'Transporte metro ferroviário de passageiros'),
('49213', 3, 'Transporte rodoviário coletivo de passageiros, com itinerário fixo, municipal e em região metropolitana'),
('49221', 3, 'Transporte rodoviário coletivo de passageiros, com itinerário fixo, intermunicipal, interestadual e internacional'),
('49230', 3, 'Transporte rodoviário de táxi'),
('49248', 3, 'Transporte escolar'),
('49299', 3, 'Transporte rodoviário coletivo de passageiros, sob regime de fretamento, e outros transportes rodoviários não especificados anteriormente'),
('49302', 3, 'Transporte rodoviário de carga'),
('49400', 3, 'Transporte dutoviário'),
('49507', 3, 'Trens turísticos, teleféricos e similares'),
('50114', 3, 'Transporte marítimo de cabotagem'),
('50122', 3, 'Transporte marítimo de longo curso'),
('50211', 3, 'Transporte por navegação interior de carga'),
('50220', 3, 'Transporte por navegação interior de passageiros em linhas regulares'),
('50301', 3, 'Navegação de apoio'),
('50912', 3, 'Transporte por navegação de travessia'),
('50998', 3, 'Transportes aquaviários não especificados anteriormente'),
('51111', 3, 'Transporte aéreo de passageiros regular'),
('51129', 3, 'Transporte aéreo de passageiros não regular'),
('51200', 3, 'Transporte aéreo de carga'),
('51307', 3, 'Transporte espacial'),
('52117', 3, 'Armazenamento'),
('52125', 3, 'Carga e descarga'),
('52214', 3, 'Concessionárias de rodovias, pontes, túneis e serviços relacionados'),
('52222', 3, 'Terminais rodoviários e ferroviários'),
('52231', 3, 'Estacionamento de veículos'),
('52290', 3, 'Atividades auxiliares dos transportes terrestres não especificadas anteriormente'),
('52311', 3, 'Gestão de portos e terminais'),
('52320', 3, 'Atividades de agenciamento marítimo'),
('52397', 3, 'Atividades auxiliares dos transportes aquaviários não especificadas anteriormente'),
('52401', 3, 'Atividades auxiliares dos transportes aéreos'),
('52508', 3, 'Atividades relacionadas à organização do transporte de carga'),
('53105', 2, 'Atividades de Correio'),
('53202', 2, 'Atividades de malote e de entrega'),
('55108', 2, 'Hotéis e similares'),
('55906', 2, 'Outros tipos de alojamento não especificados anteriormente'),
('56112', 2, 'Restaurantes e outros estabelecimentos de serviços de alimentação e bebidas'),
('56121', 2, 'Serviços ambulantes de alimentação'),
('56201', 2, 'Serviços de catering, bufê e outros serviços de comida preparada'),
('58115', 3, 'Edição de livros'),
('58123', 3, 'Edição de jornais'),
('58131', 3, 'Edição de revistas'),
('58191', 3, 'Edição de cadastros, listas e outros produtos gráficos'),
('58212', 3, 'Edição integrada à impressão de livros'),
('58221', 3, 'Edição integrada à impressão de jornais'),
('58239', 3, 'Edição integrada à impressão de revistas'),
('58298', 3, 'Edição integrada à impressão de cadastros, listas e outros produtos gráficos'),
('59111', 2, 'Atividades de produção cinematográfica, de vídeos e de programas de televisão'),
('59120', 2, 'Atividades de pós-produção cinematográfica, de vídeos e de programas de televisão'),
('59138', 2, 'Distribuição cinematográfica, de vídeo e de programas de televisão'),
('59146', 2, 'Atividades de exibição cinematográfica'),
('59201', 2, 'Atividades de gravação de som e de edição de música'),
('60101', 2, 'Atividades de rádio'),
('60217', 2, 'Atividades de televisão aberta'),
('60225', 2, 'Programadoras e atividades relacionadas à televisão por assinatura'),
('61108', 2, 'Telecomunicações por fio'),
('61205', 2, 'Telecomunicações sem fio'),
('61302', 2, 'Telecomunicações por satélite'),
('61418', 2, 'Operadoras de televisão por assinatura por cabo'),
('61426', 2, 'Operadoras de televisão por assinatura por microondas'),
('61434', 2, 'Operadoras de televisão por assinatura por satélite'),
('61906', 2, 'Outras atividades de telecomunicações'),
('62015', 2, 'Desenvolvimento de programas de computador sob encomenda'),
('62023', 2, 'Desenvolvimento e licenciamento de programas de computador customizáveis'),
('62031', 2, 'Desenvolvimento e licenciamento de programas de computador não-customizáveis'),
('62040', 2, 'Consultoria em tecnologia da informação'),
('62091', 2, 'Suporte técnico, manutenção e outros serviços em tecnologia da informação'),
('63119', 2, 'Tratamento de dados, provedores de serviços de aplicação e serviços de hospedagem na internet'),
('63194', 2, 'Portais, provedores de conteúdo e outros serviços de informação na internet'),
('63917', 2, 'Agências de notícias'),
('63992', 2, 'Outras atividades de prestação de serviços de informação não especificadas anteriormente'),
('641', 1, 'Banco Central'),
('64107', 1, 'Banco Central'),
('64212', 1, 'Bancos comerciais'),
('64221', 1, 'Bancos múltiplos, com carteira comercial'),
('64239', 1, 'Caixas econômicas'),
('64247', 1, 'Crédito cooperativo'),
('64310', 1, 'Bancos múltiplos, sem carteira comercial'),
('64328', 1, 'Bancos de investimento'),
('64336', 1, 'Bancos de desenvolvimento'),
('64344', 1, 'Agências de fomento'),
('64352', 1, 'Crédito imobiliário'),
('64361', 1, 'Sociedades de crédito, financiamento e investimento - financeiras'),
('64379', 1, 'Sociedades de crédito ao microempreendedor'),
('64387', 1, 'Bancos de câmbio e outras instituições de intermediação não monetária'),
('64409', 1, 'Arrendamento mercantil'),
('64506', 1, 'Sociedades de capitalização'),
('64611', 1, 'Holdings de instituições financeiras'),
('64620', 1, 'Holdings de instituições não financeiras'),
('64638', 1, 'Outras sociedades de participação, exceto holdings'),
('64701', 1, 'Fundos de investimento'),
('64913', 1, 'Sociedades de fomento mercantil - factoring'),
('64921', 1, 'Securitização de créditos'),
('64930', 1, 'Administração de consórcios para aquisição de bens e direitos'),
('64999', 1, 'Outras atividades de serviços financeiros não especificadas anteriormente'),
('65111', 1, 'Seguros de vida'),
('65120', 1, 'Seguros não-vida'),
('65201', 1, 'Seguros-saúde'),
('65308', 1, 'Resseguros'),
('65413', 1, 'Previdência complementar fechada'),
('65421', 1, 'Previdência complementar aberta'),
('65502', 1, 'Planos de saúde'),
('66118', 1, 'Administração de bolsas e mercados de balcão organizados'),
('66126', 1, 'Atividades de intermediários em transações de títulos, valores mobiliários e mercadorias'),
('66134', 1, 'Administração de cartões de crédito'),
('66193', 1, 'Atividades auxiliares dos serviços financeiros não especificadas anteriormente'),
('66215', 1, 'Avaliação de riscos e perdas'),
('66223', 1, 'Corretores e agentes de seguros, de planos de previdência complementar e de saúde'),
('66291', 1, 'Atividades auxiliares dos seguros, da previdência complementar e dos planos de saúde não especificadas anteriormente'),
('66304', 1, 'Atividades de administração de fundos por contrato ou comissão'),
('68102', 1, 'Atividades imobiliárias de imóveis próprios'),
('68218', 1, 'Intermediação na compra, venda e aluguel de imóveis'),
('68226', 1, 'Gestão e administração da propriedade imobiliária'),
('69117', 1, 'Atividades jurídicas, exceto cartórios'),
('69125', 1, 'Cartórios'),
('69206', 1, 'Atividades de contabilidade, consultoria e auditoria contábil e tributária'),
('70107', 1, 'Sedes de empresas e unidades administrativas locais'),
('70204', 1, 'Atividades de consultoria em gestão empresarial'),
('71111', 1, 'Serviços de arquitetura'),
('71120', 1, 'Serviços de engenharia'),
('71197', 1, 'Atividades técnicas relacionadas à arquitetura e engenharia'),
('71201', 2, 'Testes e análises técnicas'),
('72100', 2, 'Pesquisa e desenvolvimento experimental em ciências físicas e naturais'),
('72207', 2, 'Pesquisa e desenvolvimento experimental em ciências sociais e humanas'),
('73114', 1, 'Agências de publicidade'),
('73122', 1, 'Agenciamento de espaços para publicidade, exceto em veículos de comunicação'),
('73190', 1, 'Atividades de publicidade não especificadas anteriormente'),
('73203', 1, 'Pesquisas de mercado e de opinião pública'),
('74102', 1, 'Design e decoração de interiores'),
('74200', 2, 'Atividades fotográficas e similares'),
('74901', 1, 'Atividades profissionais, científicas e técnicas não especificadas anteriormente'),
('75001', 3, 'Atividades veterinárias'),
('77110', 1, 'Locação de automóveis sem condutor'),
('77195', 1, 'Locação de meios de transporte, exceto automóveis, sem condutor'),
('77217', 1, 'Aluguel de equipamentos recreativos e esportivos'),
('77225', 1, 'Aluguel de fitas de vídeo, DVDs e similares'),
('77233', 1, 'Aluguel de objetos do vestuário, joias e acessórios'),
('77292', 1, 'Aluguel de objetos pessoais e domésticos não especificados anteriormente'),
('77314', 1, 'Aluguel de máquinas e equipamentos agrícolas sem operador'),
('77322', 1, 'Aluguel de máquinas e equipamentos para construção sem operador'),
('77331', 1, 'Aluguel de máquinas e equipamentos para escritório'),
('77390', 1, 'Aluguel de máquinas e equipamentos não especificados anteriormente'),
('77403', 1, 'Gestão de ativos intangíveis não financeiros'),
('78108', 1, 'Seleção e agenciamento de mão de obra'),
('78205', 1, 'Locação de mão de obra temporária'),
('78302', 1, 'Fornecimento e gestão de recursos humanos para terceiros'),
('79112', 1, 'Agências de viagens'),
('79121', 1, 'Operadores turísticos'),
('79902', 1, 'Serviços de reservas e outros serviços de turismo não especificados anteriormente'),
('80111', 3, 'Atividades de vigilância e segurança privada'),
('80129', 3, 'Atividades de transporte de valores'),
('80200', 3, 'Atividades de monitoramento de sistemas de segurança'),
('80307', 3, 'Atividades de investigação particular'),
('81117', 2, 'Serviços combinados para apoio a edifícios, exceto condomínios prediais'),
('81125', 2, 'Condomínios prediais'),
('81214', 3, 'Limpeza em prédios e em domicílios'),
('81222', 3, 'Imunização e controle de pragas urbanas'),
('81290', 3, 'Atividades de limpeza não especificadas anteriormente'),
('81303', 1, 'Atividades paisagísticas'),
('82113', 1, 'Serviços combinados de escritório e apoio administrativo'),
('82199', 2, 'Fotocópias, preparação de documentos e outros serviços especializados de apoio administrativo'),
('82202', 2, 'Atividades de teleatendimento'),
('82300', 2, 'Atividades de organização de eventos, exceto culturais e esportivos'),
('82911', 2, 'Atividades de cobrança e informações cadastrais'),
('82920', 2, 'Envasamento e empacotamento sob contrato'),
('82997', 2, 'Atividades de serviços prestados principalmente às empresas não especificadas anteriormente'),
('84116', 1, 'Administração pública em geral'),
('84124', 1, 'Regulação das atividades de saúde, educação, serviços culturais e outros serviços sociais'),
('84132', 1, 'Regulação das atividades econômicas'),
('84213', 1, 'Relações exteriores'),
('84221', 1, 'Defesa'),
('84230', 1, 'Justiça'),
('84248', 1, 'Segurança e ordem pública'),
('84256', 1, 'Defesa Civil'),
('84302', 1, 'Seguridade social obrigatória'),
('85112', 2, 'Educação infantil - creche'),
('85121', 2, 'Educação infantil - pré-escola'),
('85139', 2, 'Ensino fundamental'),
('85201', 2, 'Ensino médio'),
('85317', 2, 'Educação superior - graduação'),
('85325', 2, 'Educação superior - graduação e pós-graduação'),
('85333', 2, 'Educação superior - pós-graduação e extensão'),
('85414', 2, 'Educação profissional de nível técnico'),
('85422', 2, 'Educação profissional de nível tecnológico'),
('85503', 2, 'Atividades de apoio à educação'),
('85911', 2, 'Ensino de esportes'),
('85929', 2, 'Ensino de arte e cultura'),
('85937', 2, 'Ensino de idiomas'),
('85996', 2, 'Atividades de ensino não especificadas anteriormente'),
('86101', 3, 'Atividades de atendimento hospitalar'),
('86216', 3, 'Serviços móveis de atendimento a urgências'),
('86224', 3, 'Serviços de remoção de pacientes, exceto os serviços móveis de atendimento a urgências'),
('86305', 3, 'Atividades de atenção ambulatorial executadas por médicos e odontólogos'),
('86402', 3, 'Atividades de serviços de complementação diagnóstica e terapêutica'),
('86500', 2, 'Atividades de profissionais da área de saúde, exceto médicos e odontólogos'),
('86607', 1, 'Atividades de apoio à gestão de saúde'),
('86909', 1, 'Atividades de atenção à saúde humana não especificadas anteriormente'),
('87115', 1, 'Atividades de assistência a idosos, deficientes físicos, imunodeprimidos e convalescentes prestadas em residências coletivas e particulares'),
('87123', 1, 'Atividades de fornecimento de infraestrutura de apoio e assistência a paciente no domicílio'),
('87204', 1, 'Atividades de assistência psicossocial e à saúde a portadores de distúrbios psíquicos, deficiência mental e dependência química'),
('873', 1, 'Atividades de assistência social prestadas em residências coletivas e particulares'),
('87301', 1, 'Atividades de assistência social prestadas em residências coletivas e particulares'),
('88006', 1, 'Serviços de assistência social sem alojamento'),
('90019', 2, 'Artes cênicas, espetáculos e atividades complementares'),
('90027', 2, 'Criação artística'),
('90035', 1, 'Gestão de espaços para artes cênicas, espetáculos e outras atividades artísticas'),
('91015', 2, 'Atividades de bibliotecas e arquivos'),
('91023', 2, 'Atividades de museus e de exploração, restauração artística e conservação de lugares e prédios históricos e atrações similares'),
('91031', 2, 'Atividades de jardins botânicos, zoológicos, parques nacionais, reservas ecológicas e áreas de proteção ambiental'),
('92003', 1, 'Atividades de exploração de jogos de azar e apostas'),
('93115', 1, 'Gestão de instalações de esportes'),
('93123', 2, 'Clubes sociais, esportivos e similares'),
('93131', 2, 'Atividades de condicionamento físico'),
('93191', 2, 'Atividades esportivas não especificadas anteriormente'),
('93212', 2, 'Parques de diversão e parques temáticos'),
('93298', 2, 'Atividades de recreação e lazer não especificadas anteriormente'),
('94111', 1, 'Atividades de organizações associativas patronais e empresariais'),
('94120', 1, 'Atividades de organizações associativas profissionais'),
('94201', 1, 'Atividades de organizações sindicais'),
('94308', 1, 'Atividades de associações de defesa de direitos sociais'),
('94910', 1, 'Atividades de organizações religiosas'),
('94928', 1, 'Atividades de organizações políticas'),
('94936', 1, 'Atividades de organizações associativas ligadas à cultura e à arte'),
('94995', 1, 'Atividades associativas não especificadas anteriormente'),
('95118', 3, 'Reparação e manutenção de computadores e de equipamentos periféricos'),
('95126', 3, 'Reparação e manutenção de equipamentos de comunicação'),
('95215', 3, 'Reparação e manutenção de equipamentos eletroeletrônicos de uso pessoal e doméstico'),
('95291', 3, 'Reparação e manutenção de objetos e equipamentos pessoais e domésticos não especificados anteriormente'),
('96017', 2, 'Lavanderias, tinturarias e toalheiros'),
('96025', 2, 'Cabeleireiros e outras atividades de tratamento de beleza'),
('96033', 2, 'Atividades funerárias e serviços relacionados'),
('96092', 2, 'Atividades de serviços pessoais não especificadas anteriormente'),
('97005', 2, 'Serviços domésticos'),
('99008', 1, 'Organismos internacionais e outras instituições extraterritoriais');

-- --------------------------------------------------------

--
-- Estrutura da tabela `empregado`
--

CREATE TABLE IF NOT EXISTS `empregado` (
  `id_empregado` int(2) NOT NULL AUTO_INCREMENT,
  `descricao` text NOT NULL,
  PRIMARY KEY (`id_empregado`)
) ENGINE=InnoDB  DEFAULT CHARSET=utf8 AUTO_INCREMENT=6 ;

--
-- Extraindo dados da tabela `empregado`
--

INSERT INTO `empregado` (`id_empregado`, `descricao`) VALUES
(1, 'Técnico Seg. Trabalho'),
(2, 'Engenheiro Seg. Trabalho'),
(3, 'Aux. Enfermagem Trabalho'),
(4, 'Enfermeiro do Trabalho'),
(5, 'Médico do Trabalho');

-- --------------------------------------------------------

--
-- Estrutura da tabela `empregado_obrigatorio`
--

CREATE TABLE IF NOT EXISTS `empregado_obrigatorio` (
  `id_emp_obg` int(4) NOT NULL AUTO_INCREMENT,
  `id_risco` int(4) NOT NULL,
  `id_intervalo` int(4) NOT NULL,
  `id_empregado` int(2) NOT NULL,
  `id_observacao` int(4) DEFAULT NULL,
  `quantidade` int(2) NOT NULL,
  PRIMARY KEY (`id_emp_obg`),
  KEY `FrKempregado_obrigatorio_risco` (`id_risco`),
  KEY `FrKempregado_obrigatorio_intervalo` (`id_intervalo`),
  KEY `FrKempregado_obrigatorio_empregado` (`id_empregado`),
  KEY `FrKempregado_obrigatorio_observacao` (`id_observacao`)
) ENGINE=InnoDB  DEFAULT CHARSET=utf8 AUTO_INCREMENT=161 ;

--
-- Extraindo dados da tabela `empregado_obrigatorio`
--

INSERT INTO `empregado_obrigatorio` (`id_emp_obg`, `id_risco`, `id_intervalo`, `id_empregado`, `id_observacao`, `quantidade`) VALUES
(1, 1, 1, 1, NULL, 0),
(2, 1, 1, 2, NULL, 0),
(3, 1, 1, 3, NULL, 0),
(4, 1, 1, 4, NULL, 0),
(5, 1, 1, 5, NULL, 0),
(6, 1, 2, 1, NULL, 0),
(7, 1, 2, 2, NULL, 0),
(8, 1, 2, 3, NULL, 0),
(9, 1, 2, 4, NULL, 0),
(10, 1, 2, 5, NULL, 0),
(11, 1, 3, 1, NULL, 0),
(12, 1, 3, 2, NULL, 0),
(13, 1, 3, 3, NULL, 0),
(14, 1, 3, 4, NULL, 0),
(15, 1, 3, 5, NULL, 0),
(16, 1, 4, 1, NULL, 1),
(17, 1, 4, 2, NULL, 0),
(18, 1, 4, 3, NULL, 0),
(19, 1, 4, 4, NULL, 0),
(20, 1, 4, 5, NULL, 0),
(21, 1, 5, 1, NULL, 1),
(22, 1, 5, 2, NULL, 0),
(23, 1, 5, 3, NULL, 0),
(24, 1, 5, 4, NULL, 0),
(25, 1, 5, 5, 1, 1),
(26, 1, 6, 1, NULL, 1),
(27, 1, 6, 2, 1, 1),
(28, 1, 6, 3, NULL, 1),
(29, 1, 6, 4, NULL, 0),
(30, 1, 6, 5, 1, 1),
(31, 1, 7, 1, NULL, 2),
(32, 1, 7, 2, NULL, 1),
(33, 1, 7, 3, NULL, 1),
(34, 1, 7, 4, 1, 1),
(35, 1, 7, 5, NULL, 1),
(36, 1, 8, 1, NULL, 1),
(37, 1, 8, 2, 1, 1),
(38, 1, 8, 3, NULL, 1),
(39, 1, 8, 4, NULL, 0),
(40, 1, 8, 5, 1, 1),
(41, 2, 1, 1, NULL, 0),
(42, 2, 1, 2, NULL, 0),
(43, 3, 1, 3, NULL, 0),
(44, 2, 1, 4, NULL, 0),
(45, 2, 1, 5, NULL, 0),
(46, 2, 2, 1, NULL, 0),
(47, 2, 2, 2, NULL, 0),
(48, 3, 2, 3, NULL, 0),
(49, 2, 2, 4, NULL, 0),
(50, 2, 2, 5, NULL, 0),
(51, 2, 3, 1, NULL, 0),
(52, 2, 3, 2, NULL, 0),
(53, 3, 3, 3, NULL, 0),
(54, 2, 3, 4, NULL, 0),
(55, 2, 3, 5, NULL, 0),
(56, 2, 4, 1, NULL, 1),
(57, 2, 4, 2, NULL, 0),
(58, 3, 4, 3, NULL, 0),
(59, 2, 4, 4, NULL, 0),
(60, 2, 4, 5, NULL, 0),
(61, 2, 5, 1, NULL, 1),
(62, 2, 5, 2, 1, 1),
(63, 3, 5, 3, NULL, 1),
(64, 2, 5, 4, NULL, 0),
(65, 2, 5, 5, 1, 1),
(66, 2, 6, 1, NULL, 2),
(67, 2, 6, 2, NULL, 1),
(68, 3, 6, 3, NULL, 1),
(69, 2, 6, 4, NULL, 0),
(70, 2, 6, 5, NULL, 1),
(71, 2, 7, 1, NULL, 5),
(72, 2, 7, 2, NULL, 1),
(73, 3, 7, 3, NULL, 1),
(74, 2, 7, 4, NULL, 1),
(75, 2, 7, 5, NULL, 1),
(76, 2, 8, 1, NULL, 1),
(77, 2, 8, 2, 1, 1),
(78, 3, 8, 3, NULL, 1),
(79, 2, 8, 4, NULL, 0),
(80, 2, 8, 5, NULL, 1),
(81, 3, 1, 1, NULL, 0),
(82, 3, 1, 2, NULL, 0),
(83, 3, 1, 3, NULL, 0),
(84, 3, 1, 4, NULL, 0),
(85, 3, 1, 5, NULL, 0),
(86, 3, 2, 1, NULL, 1),
(87, 3, 2, 2, NULL, 0),
(88, 3, 2, 3, NULL, 0),
(89, 3, 2, 4, NULL, 0),
(90, 3, 2, 5, NULL, 0),
(91, 3, 3, 1, NULL, 2),
(92, 3, 3, 2, NULL, 0),
(93, 3, 3, 3, NULL, 0),
(94, 3, 3, 4, NULL, 0),
(95, 3, 3, 5, NULL, 0),
(96, 3, 4, 1, NULL, 3),
(97, 3, 4, 2, 1, 1),
(98, 3, 4, 3, NULL, 0),
(99, 3, 4, 4, NULL, 0),
(100, 3, 4, 5, 1, 1),
(101, 3, 5, 1, NULL, 4),
(102, 3, 5, 2, NULL, 1),
(103, 3, 5, 3, NULL, 1),
(104, 3, 5, 4, NULL, 0),
(105, 3, 5, 5, NULL, 1),
(106, 3, 6, 1, NULL, 6),
(107, 3, 6, 2, NULL, 1),
(108, 3, 6, 3, NULL, 2),
(109, 3, 6, 4, NULL, 0),
(110, 3, 6, 5, NULL, 1),
(111, 3, 7, 1, NULL, 8),
(112, 3, 7, 2, NULL, 2),
(113, 3, 7, 3, NULL, 1),
(114, 3, 7, 4, NULL, 1),
(115, 3, 7, 5, NULL, 2),
(116, 3, 8, 1, NULL, 3),
(117, 3, 8, 2, NULL, 1),
(118, 3, 8, 3, NULL, 1),
(119, 3, 8, 4, NULL, 0),
(120, 3, 8, 5, NULL, 1),
(121, 4, 1, 1, NULL, 1),
(122, 4, 1, 2, NULL, 0),
(123, 4, 1, 3, NULL, 0),
(124, 4, 1, 4, NULL, 0),
(125, 4, 1, 5, NULL, 0),
(126, 4, 2, 1, NULL, 2),
(127, 4, 2, 2, 1, 1),
(128, 4, 2, 3, NULL, 0),
(129, 4, 2, 4, NULL, 0),
(130, 4, 2, 5, 1, 1),
(131, 4, 3, 1, NULL, 3),
(132, 4, 3, 2, 1, 1),
(133, 4, 3, 3, NULL, 0),
(134, 4, 3, 4, NULL, 0),
(135, 4, 3, 5, 1, 1),
(136, 4, 4, 1, NULL, 4),
(137, 4, 4, 2, NULL, 1),
(138, 4, 4, 3, NULL, 1),
(139, 4, 4, 4, NULL, 0),
(140, 4, 4, 5, NULL, 1),
(141, 4, 5, 1, NULL, 5),
(142, 4, 5, 2, NULL, 1),
(143, 4, 5, 3, NULL, 1),
(144, 4, 5, 4, NULL, 0),
(145, 4, 5, 5, NULL, 1),
(146, 4, 6, 1, NULL, 8),
(147, 4, 6, 2, NULL, 2),
(148, 4, 6, 3, NULL, 2),
(149, 4, 6, 4, NULL, 0),
(150, 4, 6, 5, NULL, 2),
(151, 4, 7, 1, NULL, 10),
(152, 4, 7, 2, NULL, 3),
(153, 4, 7, 3, NULL, 1),
(154, 4, 7, 4, NULL, 1),
(155, 4, 7, 5, NULL, 3),
(156, 4, 8, 1, NULL, 3),
(157, 4, 8, 2, NULL, 1),
(158, 4, 8, 3, NULL, 1),
(159, 4, 8, 4, NULL, 0),
(160, 4, 8, 5, NULL, 1);

-- --------------------------------------------------------

--
-- Estrutura da tabela `grupo`
--

CREATE TABLE IF NOT EXISTS `grupo` (
  `cipa` char(4) NOT NULL,
  `descricao` text NOT NULL,
  PRIMARY KEY (`cipa`)
) ENGINE=InnoDB DEFAULT CHARSET=utf8;

--
-- Extraindo dados da tabela `grupo`
--

INSERT INTO `grupo` (`cipa`, `descricao`) VALUES
('C1', 'Minerais'),
('C10', 'Químicos'),
('C11', 'Borracha'),
('C12', 'Não-Metálicos'),
('C13', 'Metálicos'),
('C14', 'Equipamentos/Máquinas e Ferramentas'),
('C14a', 'Equipamentos/Máquinas e Ferramentas'),
('C15', 'Explosivos e Armas'),
('C16', 'Veículos'),
('C17', 'Água e Energia'),
('C18', 'Construção'),
('C18a', 'Construção'),
('C19', 'Intermediários do Comércio'),
('C1a', 'Minerais'),
('C2', 'Alimentos'),
('C20', 'Comércio Atacadista'),
('C21', 'Comércio Varejista'),
('C22', 'Comércio de Produtos Perigosos'),
('C23', 'Alojamento e Alimentação'),
('C24', 'Transporte'),
('C24a', 'Transporte'),
('C24b', 'Transporte'),
('C24c', 'Transporte'),
('C24d', 'Transporte'),
('C25', 'Correio e Telecomunicações'),
('C26', 'Seguro'),
('C27', 'Administração de Mercados'),
('C28', 'Bancos'),
('C29', 'Serviços'),
('C3', 'Têxtis'),
('C30', 'Locação de Mão-de-Obra e Limpeza'),
('C31', 'Ensino'),
('C32', 'Pesquisas'),
('C33', 'Administração Pública'),
('C34', 'Saúde'),
('C35', 'Outros Serviços'),
('C3a', 'Têxtis'),
('C4', 'Confecção'),
('C5', 'Calçados e Similares'),
('C5a', 'Calçados e Similares'),
('C6', 'Madeira'),
('C7', 'Papel'),
('C7a', 'Papel'),
('C8', 'Gráficos'),
('C9', 'Som e Imagem');

-- --------------------------------------------------------

--
-- Estrutura da tabela `grupo_cipa`
--

CREATE TABLE IF NOT EXISTS `grupo_cipa` (
  `cipa` char(4) NOT NULL,
  `tipo` tinyint(1) NOT NULL,
  `id_intervalo` int(4) NOT NULL,
  `quantidade` int(2) NOT NULL,
  PRIMARY KEY (`cipa`,`tipo`,`id_intervalo`),
  KEY `FrKgrupo_cipa_intervalo` (`id_intervalo`)
) ENGINE=InnoDB DEFAULT CHARSET=utf8;

--
-- Extraindo dados da tabela `grupo_cipa`
--

INSERT INTO `grupo_cipa` (`cipa`, `tipo`, `id_intervalo`, `quantidade`) VALUES
('C1', 0, 9, 0),
('C1', 0, 10, 1),
('C1', 0, 11, 1),
('C1', 0, 12, 3),
('C1', 0, 13, 3),
('C1', 0, 14, 4),
('C1', 0, 15, 4),
('C1', 0, 16, 4),
('C1', 0, 17, 4),
('C1', 0, 18, 6),
('C1', 0, 19, 9),
('C1', 0, 20, 12),
('C1', 0, 21, 15),
('C1', 0, 22, 2),
('C1', 1, 9, 0),
('C1', 1, 10, 1),
('C1', 1, 11, 1),
('C1', 1, 12, 3),
('C1', 1, 13, 3),
('C1', 1, 14, 3),
('C1', 1, 15, 3),
('C1', 1, 16, 3),
('C1', 1, 17, 3),
('C1', 1, 18, 4),
('C1', 1, 19, 7),
('C1', 1, 20, 9),
('C1', 1, 21, 12),
('C1', 1, 22, 2),
('C10', 0, 9, 0),
('C10', 0, 10, 1),
('C10', 0, 11, 1),
('C10', 0, 12, 2),
('C10', 0, 13, 2),
('C10', 0, 14, 3),
('C10', 0, 15, 3),
('C10', 0, 16, 4),
('C10', 0, 17, 4),
('C10', 0, 18, 5),
('C10', 0, 19, 8),
('C10', 0, 20, 9),
('C10', 0, 21, 10),
('C10', 0, 22, 2),
('C10', 1, 9, 0),
('C10', 1, 10, 1),
('C10', 1, 11, 1),
('C10', 1, 12, 2),
('C10', 1, 13, 2),
('C10', 1, 14, 3),
('C10', 1, 15, 3),
('C10', 1, 16, 3),
('C10', 1, 17, 4),
('C10', 1, 18, 4),
('C10', 1, 19, 6),
('C10', 1, 20, 7),
('C10', 1, 21, 8),
('C10', 1, 22, 2),
('C11', 0, 9, 0),
('C11', 0, 10, 1),
('C11', 0, 11, 1),
('C11', 0, 12, 2),
('C11', 0, 13, 3),
('C11', 0, 14, 3),
('C11', 0, 15, 4),
('C11', 0, 16, 4),
('C11', 0, 17, 5),
('C11', 0, 18, 6),
('C11', 0, 19, 9),
('C11', 0, 20, 10),
('C11', 0, 21, 12),
('C11', 0, 22, 2),
('C11', 1, 9, 0),
('C11', 1, 10, 1),
('C11', 1, 11, 1),
('C11', 1, 12, 2),
('C11', 1, 13, 3),
('C11', 1, 14, 3),
('C11', 1, 15, 3),
('C11', 1, 16, 3),
('C11', 1, 17, 4),
('C11', 1, 18, 4),
('C11', 1, 19, 7),
('C11', 1, 20, 8),
('C11', 1, 21, 10),
('C11', 1, 22, 2),
('C12', 0, 9, 0),
('C12', 0, 10, 1),
('C12', 0, 11, 1),
('C12', 0, 12, 2),
('C12', 0, 13, 3),
('C12', 0, 14, 3),
('C12', 0, 15, 4),
('C12', 0, 16, 4),
('C12', 0, 17, 5),
('C12', 0, 18, 7),
('C12', 0, 19, 8),
('C12', 0, 20, 9),
('C12', 0, 21, 10),
('C12', 0, 22, 2),
('C12', 1, 9, 0),
('C12', 1, 10, 1),
('C12', 1, 11, 1),
('C12', 1, 12, 2),
('C12', 1, 13, 3),
('C12', 1, 14, 3),
('C12', 1, 15, 3),
('C12', 1, 16, 3),
('C12', 1, 17, 4),
('C12', 1, 18, 6),
('C12', 1, 19, 6),
('C12', 1, 20, 7),
('C12', 1, 21, 8),
('C12', 1, 22, 2),
('C13', 0, 9, 0),
('C13', 0, 10, 1),
('C13', 0, 11, 1),
('C13', 0, 12, 3),
('C13', 0, 13, 3),
('C13', 0, 14, 3),
('C13', 0, 15, 3),
('C13', 0, 16, 4),
('C13', 0, 17, 5),
('C13', 0, 18, 6),
('C13', 0, 19, 9),
('C13', 0, 20, 11),
('C13', 0, 21, 13),
('C13', 0, 22, 2),
('C13', 1, 9, 0),
('C13', 1, 10, 1),
('C13', 1, 11, 1),
('C13', 1, 12, 3),
('C13', 1, 13, 3),
('C13', 1, 14, 3),
('C13', 1, 15, 3),
('C13', 1, 16, 3),
('C13', 1, 17, 4),
('C13', 1, 18, 5),
('C13', 1, 19, 7),
('C13', 1, 20, 8),
('C13', 1, 21, 10),
('C13', 1, 22, 2),
('C14', 0, 9, 0),
('C14', 0, 10, 1),
('C14', 0, 11, 1),
('C14', 0, 12, 2),
('C14', 0, 13, 2),
('C14', 0, 14, 3),
('C14', 0, 15, 4),
('C14', 0, 16, 4),
('C14', 0, 17, 5),
('C14', 0, 18, 6),
('C14', 0, 19, 9),
('C14', 0, 20, 11),
('C14', 0, 21, 11),
('C14', 0, 22, 2),
('C14', 1, 9, 0),
('C14', 1, 10, 1),
('C14', 1, 11, 1),
('C14', 1, 12, 2),
('C14', 1, 13, 2),
('C14', 1, 14, 3),
('C14', 1, 15, 3),
('C14', 1, 16, 4),
('C14', 1, 17, 4),
('C14', 1, 18, 5),
('C14', 1, 19, 7),
('C14', 1, 20, 9),
('C14', 1, 21, 9),
('C14', 1, 22, 2),
('C14a', 0, 9, 0),
('C14a', 0, 10, 0),
('C14a', 0, 11, 0),
('C14a', 0, 12, 1),
('C14a', 0, 13, 1),
('C14a', 0, 14, 2),
('C14a', 0, 15, 2),
('C14a', 0, 16, 2),
('C14a', 0, 17, 3),
('C14a', 0, 18, 3),
('C14a', 0, 19, 4),
('C14a', 0, 20, 5),
('C14a', 0, 21, 6),
('C14a', 0, 22, 1),
('C14a', 1, 9, 0),
('C14a', 1, 10, 0),
('C14a', 1, 11, 0),
('C14a', 1, 12, 1),
('C14a', 1, 13, 1),
('C14a', 1, 14, 2),
('C14a', 1, 15, 2),
('C14a', 1, 16, 2),
('C14a', 1, 17, 3),
('C14a', 1, 18, 3),
('C14a', 1, 19, 3),
('C14a', 1, 20, 4),
('C14a', 1, 21, 4),
('C14a', 1, 22, 1),
('C15', 0, 9, 0),
('C15', 0, 10, 1),
('C15', 0, 11, 1),
('C15', 0, 12, 3),
('C15', 0, 13, 3),
('C15', 0, 14, 4),
('C15', 0, 15, 4),
('C15', 0, 16, 4),
('C15', 0, 17, 5),
('C15', 0, 18, 6),
('C15', 0, 19, 8),
('C15', 0, 20, 10),
('C15', 0, 21, 12),
('C15', 0, 22, 2),
('C15', 1, 9, 0),
('C15', 1, 10, 1),
('C15', 1, 11, 1),
('C15', 1, 12, 3),
('C15', 1, 13, 3),
('C15', 1, 14, 3),
('C15', 1, 15, 3),
('C15', 1, 16, 3),
('C15', 1, 17, 4),
('C15', 1, 18, 4),
('C15', 1, 19, 6),
('C15', 1, 20, 8),
('C15', 1, 21, 10),
('C15', 1, 22, 2),
('C16', 0, 9, 0),
('C16', 0, 10, 1),
('C16', 0, 11, 1),
('C16', 0, 12, 2),
('C16', 0, 13, 3),
('C16', 0, 14, 3),
('C16', 0, 15, 3),
('C16', 0, 16, 4),
('C16', 0, 17, 5),
('C16', 0, 18, 6),
('C16', 0, 19, 8),
('C16', 0, 20, 10),
('C16', 0, 21, 12),
('C16', 0, 22, 2),
('C16', 1, 9, 0),
('C16', 1, 10, 1),
('C16', 1, 11, 1),
('C16', 1, 12, 2),
('C16', 1, 13, 3),
('C16', 1, 14, 3),
('C16', 1, 15, 3),
('C16', 1, 16, 3),
('C16', 1, 17, 4),
('C16', 1, 18, 4),
('C16', 1, 19, 6),
('C16', 1, 20, 7),
('C16', 1, 21, 9),
('C16', 1, 22, 2),
('C17', 0, 9, 0),
('C17', 0, 10, 1),
('C17', 0, 11, 1),
('C17', 0, 12, 2),
('C17', 0, 13, 2),
('C17', 0, 14, 4),
('C17', 0, 15, 4),
('C17', 0, 16, 4),
('C17', 0, 17, 4),
('C17', 0, 18, 6),
('C17', 0, 19, 8),
('C17', 0, 20, 10),
('C17', 0, 21, 12),
('C17', 0, 22, 2),
('C17', 1, 9, 0),
('C17', 1, 10, 1),
('C17', 1, 11, 1),
('C17', 1, 12, 2),
('C17', 1, 13, 2),
('C17', 1, 14, 3),
('C17', 1, 15, 3),
('C17', 1, 16, 3),
('C17', 1, 17, 4),
('C17', 1, 18, 5),
('C17', 1, 19, 7),
('C17', 1, 20, 8),
('C17', 1, 21, 10),
('C17', 1, 22, 2),
('C18', 0, 9, 0),
('C18', 0, 10, 0),
('C18', 0, 11, 0),
('C18', 0, 12, 3),
('C18', 0, 13, 3),
('C18', 0, 14, 4),
('C18', 0, 15, 4),
('C18', 0, 16, 4),
('C18', 0, 17, 4),
('C18', 0, 18, 6),
('C18', 0, 19, 8),
('C18', 0, 20, 10),
('C18', 0, 21, 12),
('C18', 0, 22, 2),
('C18', 1, 9, 0),
('C18', 1, 10, 0),
('C18', 1, 11, 0),
('C18', 1, 12, 3),
('C18', 1, 13, 2),
('C18', 1, 14, 3),
('C18', 1, 15, 3),
('C18', 1, 16, 3),
('C18', 1, 17, 4),
('C18', 1, 18, 5),
('C18', 1, 19, 7),
('C18', 1, 20, 8),
('C18', 1, 21, 10),
('C18', 1, 22, 2),
('C18a', 0, 9, 0),
('C18a', 0, 10, 0),
('C18a', 0, 11, 0),
('C18a', 0, 12, 3),
('C18a', 0, 13, 3),
('C18a', 0, 14, 4),
('C18a', 0, 15, 4),
('C18a', 0, 16, 4),
('C18a', 0, 17, 4),
('C18a', 0, 18, 6),
('C18a', 0, 19, 9),
('C18a', 0, 20, 12),
('C18a', 0, 21, 15),
('C18a', 0, 22, 2),
('C18a', 1, 9, 0),
('C18a', 1, 10, 0),
('C18a', 1, 11, 0),
('C18a', 1, 12, 3),
('C18a', 1, 13, 3),
('C18a', 1, 14, 3),
('C18a', 1, 15, 3),
('C18a', 1, 16, 3),
('C18a', 1, 17, 4),
('C18a', 1, 18, 5),
('C18a', 1, 19, 7),
('C18a', 1, 20, 9),
('C18a', 1, 21, 12),
('C18a', 1, 22, 2),
('C19', 0, 9, 0),
('C19', 0, 10, 0),
('C19', 0, 11, 0),
('C19', 0, 12, 1),
('C19', 0, 13, 1),
('C19', 0, 14, 2),
('C19', 0, 15, 2),
('C19', 0, 16, 2),
('C19', 0, 17, 3),
('C19', 0, 18, 3),
('C19', 0, 19, 4),
('C19', 0, 20, 5),
('C19', 0, 21, 6),
('C19', 0, 22, 1),
('C19', 1, 9, 0),
('C19', 1, 10, 0),
('C19', 1, 11, 0),
('C19', 1, 12, 1),
('C19', 1, 13, 1),
('C19', 1, 14, 2),
('C19', 1, 15, 2),
('C19', 1, 16, 2),
('C19', 1, 17, 3),
('C19', 1, 18, 3),
('C19', 1, 19, 3),
('C19', 1, 20, 4),
('C19', 1, 21, 4),
('C19', 1, 22, 1),
('C1a', 0, 9, 0),
('C1a', 0, 10, 1),
('C1a', 0, 11, 1),
('C1a', 0, 12, 3),
('C1a', 0, 13, 3),
('C1a', 0, 14, 4),
('C1a', 0, 15, 4),
('C1a', 0, 16, 4),
('C1a', 0, 17, 4),
('C1a', 0, 18, 6),
('C1a', 0, 19, 9),
('C1a', 0, 20, 12),
('C1a', 0, 21, 15),
('C1a', 0, 22, 2),
('C1a', 1, 9, 0),
('C1a', 1, 10, 1),
('C1a', 1, 11, 1),
('C1a', 1, 12, 3),
('C1a', 1, 13, 3),
('C1a', 1, 14, 3),
('C1a', 1, 15, 3),
('C1a', 1, 16, 3),
('C1a', 1, 17, 4),
('C1a', 1, 18, 5),
('C1a', 1, 19, 8),
('C1a', 1, 20, 9),
('C1a', 1, 21, 12),
('C1a', 1, 22, 2),
('C2', 0, 9, 0),
('C2', 0, 10, 1),
('C2', 0, 11, 1),
('C2', 0, 12, 2),
('C2', 0, 13, 2),
('C2', 0, 14, 3),
('C2', 0, 15, 4),
('C2', 0, 16, 4),
('C2', 0, 17, 5),
('C2', 0, 18, 6),
('C2', 0, 19, 7),
('C2', 0, 20, 10),
('C2', 0, 21, 11),
('C2', 0, 22, 2),
('C2', 1, 9, 0),
('C2', 1, 10, 1),
('C2', 1, 11, 1),
('C2', 1, 12, 2),
('C2', 1, 13, 2),
('C2', 1, 14, 3),
('C2', 1, 15, 3),
('C2', 1, 16, 4),
('C2', 1, 17, 4),
('C2', 1, 18, 5),
('C2', 1, 19, 6),
('C2', 1, 20, 7),
('C2', 1, 21, 9),
('C2', 1, 22, 1),
('C20', 0, 9, 0),
('C20', 0, 10, 0),
('C20', 0, 11, 1),
('C20', 0, 12, 1),
('C20', 0, 13, 3),
('C20', 0, 14, 3),
('C20', 0, 15, 3),
('C20', 0, 16, 3),
('C20', 0, 17, 4),
('C20', 0, 18, 5),
('C20', 0, 19, 5),
('C20', 0, 20, 6),
('C20', 0, 21, 8),
('C20', 0, 22, 2),
('C20', 1, 9, 0),
('C20', 1, 10, 0),
('C20', 1, 11, 1),
('C20', 1, 12, 1),
('C20', 1, 13, 3),
('C20', 1, 14, 3),
('C20', 1, 15, 3),
('C20', 1, 16, 3),
('C20', 1, 17, 3),
('C20', 1, 18, 4),
('C20', 1, 19, 4),
('C20', 1, 20, 5),
('C20', 1, 21, 6),
('C20', 1, 22, 1),
('C21', 0, 9, 0),
('C21', 0, 10, 0),
('C21', 0, 11, 0),
('C21', 0, 12, 1),
('C21', 0, 13, 1),
('C21', 0, 14, 2),
('C21', 0, 15, 2),
('C21', 0, 16, 2),
('C21', 0, 17, 3),
('C21', 0, 18, 3),
('C21', 0, 19, 4),
('C21', 0, 20, 5),
('C21', 0, 21, 6),
('C21', 0, 22, 1),
('C21', 1, 9, 0),
('C21', 1, 10, 0),
('C21', 1, 11, 0),
('C21', 1, 12, 1),
('C21', 1, 13, 1),
('C21', 1, 14, 2),
('C21', 1, 15, 2),
('C21', 1, 16, 2),
('C21', 1, 17, 3),
('C21', 1, 18, 3),
('C21', 1, 19, 3),
('C21', 1, 20, 4),
('C21', 1, 21, 5),
('C21', 1, 22, 1),
('C22', 0, 9, 0),
('C22', 0, 10, 1),
('C22', 0, 11, 1),
('C22', 0, 12, 2),
('C22', 0, 13, 2),
('C22', 0, 14, 3),
('C22', 0, 15, 3),
('C22', 0, 16, 4),
('C22', 0, 17, 4),
('C22', 0, 18, 6),
('C22', 0, 19, 8),
('C22', 0, 20, 10),
('C22', 0, 21, 12),
('C22', 0, 22, 2),
('C22', 1, 9, 0),
('C22', 1, 10, 1),
('C22', 1, 11, 1),
('C22', 1, 12, 2),
('C22', 1, 13, 2),
('C22', 1, 14, 3),
('C22', 1, 15, 3),
('C22', 1, 16, 3),
('C22', 1, 17, 3),
('C22', 1, 18, 5),
('C22', 1, 19, 6),
('C22', 1, 20, 8),
('C22', 1, 21, 9),
('C22', 1, 22, 2),
('C23', 0, 9, 0),
('C23', 0, 10, 0),
('C23', 0, 11, 0),
('C23', 0, 12, 1),
('C23', 0, 13, 1),
('C23', 0, 14, 2),
('C23', 0, 15, 2),
('C23', 0, 16, 2),
('C23', 0, 17, 2),
('C23', 0, 18, 3),
('C23', 0, 19, 4),
('C23', 0, 20, 5),
('C23', 0, 21, 6),
('C23', 0, 22, 1),
('C23', 1, 9, 0),
('C23', 1, 10, 0),
('C23', 1, 11, 0),
('C23', 1, 12, 1),
('C23', 1, 13, 1),
('C23', 1, 14, 2),
('C23', 1, 15, 2),
('C23', 1, 16, 2),
('C23', 1, 17, 2),
('C23', 1, 18, 3),
('C23', 1, 19, 3),
('C23', 1, 20, 4),
('C23', 1, 21, 5),
('C23', 1, 22, 1),
('C24', 0, 9, 0),
('C24', 0, 10, 1),
('C24', 0, 11, 1),
('C24', 0, 12, 2),
('C24', 0, 13, 2),
('C24', 0, 14, 4),
('C24', 0, 15, 4),
('C24', 0, 16, 4),
('C24', 0, 17, 4),
('C24', 0, 18, 6),
('C24', 0, 19, 8),
('C24', 0, 20, 10),
('C24', 0, 21, 12),
('C24', 0, 22, 2),
('C24', 1, 9, 0),
('C24', 1, 10, 1),
('C24', 1, 11, 1),
('C24', 1, 12, 2),
('C24', 1, 13, 2),
('C24', 1, 14, 3),
('C24', 1, 15, 3),
('C24', 1, 16, 4),
('C24', 1, 17, 4),
('C24', 1, 18, 5),
('C24', 1, 19, 7),
('C24', 1, 20, 8),
('C24', 1, 21, 10),
('C24', 1, 22, 2),
('C24a', 0, 9, 0),
('C24a', 0, 10, 0),
('C24a', 0, 11, 0),
('C24a', 0, 12, 1),
('C24a', 0, 13, 1),
('C24a', 0, 14, 2),
('C24a', 0, 15, 2),
('C24a', 0, 16, 2),
('C24a', 0, 17, 2),
('C24a', 0, 18, 3),
('C24a', 0, 19, 4),
('C24a', 0, 20, 5),
('C24a', 0, 21, 6),
('C24a', 0, 22, 1),
('C24a', 1, 9, 0),
('C24a', 1, 10, 0),
('C24a', 1, 11, 0),
('C24a', 1, 12, 1),
('C24a', 1, 13, 1),
('C24a', 1, 14, 2),
('C24a', 1, 15, 2),
('C24a', 1, 16, 2),
('C24a', 1, 17, 2),
('C24a', 1, 18, 3),
('C24a', 1, 19, 3),
('C24a', 1, 20, 4),
('C24a', 1, 21, 4),
('C24a', 1, 22, 1),
('C24b', 0, 9, 0),
('C24b', 0, 10, 1),
('C24b', 0, 11, 1),
('C24b', 0, 12, 3),
('C24b', 0, 13, 3),
('C24b', 0, 14, 4),
('C24b', 0, 15, 4),
('C24b', 0, 16, 4),
('C24b', 0, 17, 4),
('C24b', 0, 18, 6),
('C24b', 0, 19, 9),
('C24b', 0, 20, 12),
('C24b', 0, 21, 15),
('C24b', 0, 22, 2),
('C24b', 1, 9, 0),
('C24b', 1, 10, 1),
('C24b', 1, 11, 1),
('C24b', 1, 12, 3),
('C24b', 1, 13, 3),
('C24b', 1, 14, 3),
('C24b', 1, 15, 3),
('C24b', 1, 16, 3),
('C24b', 1, 17, 3),
('C24b', 1, 18, 4),
('C24b', 1, 19, 7),
('C24b', 1, 20, 9),
('C24b', 1, 21, 12),
('C24b', 1, 22, 2),
('C25', 0, 9, 0),
('C25', 0, 10, 0),
('C25', 0, 11, 0),
('C25', 0, 12, 1),
('C25', 0, 13, 1),
('C25', 0, 14, 2),
('C25', 0, 15, 2),
('C25', 0, 16, 2),
('C25', 0, 17, 2),
('C25', 0, 18, 3),
('C25', 0, 19, 4),
('C25', 0, 20, 5),
('C25', 0, 21, 6),
('C25', 0, 22, 1),
('C25', 1, 9, 0),
('C25', 1, 10, 0),
('C25', 1, 11, 0),
('C25', 1, 12, 1),
('C25', 1, 13, 1),
('C25', 1, 14, 2),
('C25', 1, 15, 2),
('C25', 1, 16, 2),
('C25', 1, 17, 2),
('C25', 1, 18, 3),
('C25', 1, 19, 3),
('C25', 1, 20, 4),
('C25', 1, 21, 5),
('C25', 1, 22, 1),
('C26', 0, 9, 0),
('C26', 0, 10, 0),
('C26', 0, 11, 0),
('C26', 0, 12, 0),
('C26', 0, 13, 0),
('C26', 0, 14, 0),
('C26', 0, 15, 0),
('C26', 0, 16, 0),
('C26', 0, 17, 1),
('C26', 0, 18, 2),
('C26', 0, 19, 3),
('C26', 0, 20, 4),
('C26', 0, 21, 5),
('C26', 0, 22, 1),
('C26', 1, 9, 0),
('C26', 1, 10, 0),
('C26', 1, 11, 0),
('C26', 1, 12, 0),
('C26', 1, 13, 0),
('C26', 1, 14, 0),
('C26', 1, 15, 0),
('C26', 1, 16, 0),
('C26', 1, 17, 1),
('C26', 1, 18, 2),
('C26', 1, 19, 3),
('C26', 1, 20, 3),
('C26', 1, 21, 4),
('C26', 1, 22, 1),
('C27', 0, 9, 0),
('C27', 0, 10, 0),
('C27', 0, 11, 0),
('C27', 0, 12, 0),
('C27', 0, 13, 0),
('C27', 0, 14, 1),
('C27', 0, 15, 1),
('C27', 0, 16, 2),
('C27', 0, 17, 3),
('C27', 0, 18, 4),
('C27', 0, 19, 5),
('C27', 0, 20, 6),
('C27', 0, 21, 6),
('C27', 0, 22, 1),
('C27', 1, 9, 0),
('C27', 1, 10, 0),
('C27', 1, 11, 0),
('C27', 1, 12, 0),
('C27', 1, 13, 0),
('C27', 1, 14, 1),
('C27', 1, 15, 1),
('C27', 1, 16, 2),
('C27', 1, 17, 3),
('C27', 1, 18, 3),
('C27', 1, 19, 4),
('C27', 1, 20, 5),
('C27', 1, 21, 5),
('C27', 1, 22, 1),
('C28', 0, 9, 0),
('C28', 0, 10, 0),
('C28', 0, 11, 0),
('C28', 0, 12, 0),
('C28', 0, 13, 0),
('C28', 0, 14, 1),
('C28', 0, 15, 1),
('C28', 0, 16, 2),
('C28', 0, 17, 3),
('C28', 0, 18, 4),
('C28', 0, 19, 5),
('C28', 0, 20, 6),
('C28', 0, 21, 6),
('C28', 0, 22, 1),
('C28', 1, 9, 0),
('C28', 1, 10, 0),
('C28', 1, 11, 0),
('C28', 1, 12, 0),
('C28', 1, 13, 0),
('C28', 1, 14, 1),
('C28', 1, 15, 1),
('C28', 1, 16, 2),
('C28', 1, 17, 3),
('C28', 1, 18, 4),
('C28', 1, 19, 5),
('C28', 1, 20, 5),
('C28', 1, 21, 5),
('C28', 1, 22, 1),
('C29', 0, 9, 0),
('C29', 0, 10, 0),
('C29', 0, 11, 0),
('C29', 0, 12, 0),
('C29', 0, 13, 0),
('C29', 0, 14, 0),
('C29', 0, 15, 0),
('C29', 0, 16, 0),
('C29', 0, 17, 1),
('C29', 0, 18, 2),
('C29', 0, 19, 3),
('C29', 0, 20, 4),
('C29', 0, 21, 5),
('C29', 0, 22, 1),
('C29', 1, 9, 0),
('C29', 1, 10, 0),
('C29', 1, 11, 0),
('C29', 1, 12, 0),
('C29', 1, 13, 0),
('C29', 1, 14, 0),
('C29', 1, 15, 0),
('C29', 1, 16, 0),
('C29', 1, 17, 1),
('C29', 1, 18, 2),
('C29', 1, 19, 3),
('C29', 1, 20, 3),
('C29', 1, 21, 4),
('C29', 1, 22, 1),
('C3', 0, 9, 0),
('C3', 0, 10, 1),
('C3', 0, 11, 1),
('C3', 0, 12, 2),
('C3', 0, 13, 2),
('C3', 0, 14, 3),
('C3', 0, 15, 3),
('C3', 0, 16, 4),
('C3', 0, 17, 5),
('C3', 0, 18, 6),
('C3', 0, 19, 7),
('C3', 0, 20, 10),
('C3', 0, 21, 10),
('C3', 0, 22, 2),
('C3', 1, 9, 0),
('C3', 1, 10, 1),
('C3', 1, 11, 1),
('C3', 1, 12, 2),
('C3', 1, 13, 2),
('C3', 1, 14, 3),
('C3', 1, 15, 3),
('C3', 1, 16, 4),
('C3', 1, 17, 4),
('C3', 1, 18, 5),
('C3', 1, 19, 6),
('C3', 1, 20, 8),
('C3', 1, 21, 8),
('C3', 1, 22, 2),
('C30', 0, 9, 0),
('C30', 0, 10, 1),
('C30', 0, 11, 1),
('C30', 0, 12, 1),
('C30', 0, 13, 2),
('C30', 0, 14, 4),
('C30', 0, 15, 4),
('C30', 0, 16, 4),
('C30', 0, 17, 5),
('C30', 0, 18, 7),
('C30', 0, 19, 8),
('C30', 0, 20, 9),
('C30', 0, 21, 10),
('C30', 0, 22, 2),
('C30', 1, 9, 0),
('C30', 1, 10, 1),
('C30', 1, 11, 1),
('C30', 1, 12, 1),
('C30', 1, 13, 2),
('C30', 1, 14, 3),
('C30', 1, 15, 3),
('C30', 1, 16, 4),
('C30', 1, 17, 4),
('C30', 1, 18, 6),
('C30', 1, 19, 7),
('C30', 1, 20, 8),
('C30', 1, 21, 9),
('C30', 1, 22, 1),
('C31', 0, 9, 0),
('C31', 0, 10, 0),
('C31', 0, 11, 0),
('C31', 0, 12, 1),
('C31', 0, 13, 1),
('C31', 0, 14, 2),
('C31', 0, 15, 2),
('C31', 0, 16, 2),
('C31', 0, 17, 3),
('C31', 0, 18, 3),
('C31', 0, 19, 4),
('C31', 0, 20, 5),
('C31', 0, 21, 6),
('C31', 0, 22, 1),
('C31', 1, 9, 0),
('C31', 1, 10, 0),
('C31', 1, 11, 0),
('C31', 1, 12, 1),
('C31', 1, 13, 1),
('C31', 1, 14, 2),
('C31', 1, 15, 2),
('C31', 1, 16, 2),
('C31', 1, 17, 3),
('C31', 1, 18, 3),
('C31', 1, 19, 3),
('C31', 1, 20, 4),
('C31', 1, 21, 5),
('C31', 1, 22, 1),
('C32', 0, 9, 0),
('C32', 0, 10, 0),
('C32', 0, 11, 0),
('C32', 0, 12, 1),
('C32', 0, 13, 1),
('C32', 0, 14, 2),
('C32', 0, 15, 2),
('C32', 0, 16, 2),
('C32', 0, 17, 3),
('C32', 0, 18, 3),
('C32', 0, 19, 4),
('C32', 0, 20, 5),
('C32', 0, 21, 6),
('C32', 0, 22, 1),
('C32', 1, 9, 0),
('C32', 1, 10, 0),
('C32', 1, 11, 0),
('C32', 1, 12, 1),
('C32', 1, 13, 1),
('C32', 1, 14, 2),
('C32', 1, 15, 2),
('C32', 1, 16, 2),
('C32', 1, 17, 3),
('C32', 1, 18, 3),
('C32', 1, 19, 3),
('C32', 1, 20, 4),
('C32', 1, 21, 5),
('C32', 1, 22, 1),
('C33', 0, 9, 0),
('C33', 0, 10, 0),
('C33', 0, 11, 0),
('C33', 0, 12, 0),
('C33', 0, 13, 0),
('C33', 0, 14, 1),
('C33', 0, 15, 1),
('C33', 0, 16, 1),
('C33', 0, 17, 1),
('C33', 0, 18, 2),
('C33', 0, 19, 3),
('C33', 0, 20, 4),
('C33', 0, 21, 5),
('C33', 0, 22, 1),
('C33', 1, 9, 0),
('C33', 1, 10, 0),
('C33', 1, 11, 0),
('C33', 1, 12, 0),
('C33', 1, 13, 0),
('C33', 1, 14, 1),
('C33', 1, 15, 1),
('C33', 1, 16, 1),
('C33', 1, 17, 1),
('C33', 1, 18, 2),
('C33', 1, 19, 3),
('C33', 1, 20, 3),
('C33', 1, 21, 4),
('C33', 1, 22, 1),
('C34', 0, 9, 0),
('C34', 0, 10, 1),
('C34', 0, 11, 1),
('C34', 0, 12, 2),
('C34', 0, 13, 2),
('C34', 0, 14, 4),
('C34', 0, 15, 4),
('C34', 0, 16, 4),
('C34', 0, 17, 4),
('C34', 0, 18, 6),
('C34', 0, 19, 8),
('C34', 0, 20, 10),
('C34', 0, 21, 12),
('C34', 0, 22, 2),
('C34', 1, 9, 0),
('C34', 1, 10, 1),
('C34', 1, 11, 1),
('C34', 1, 12, 2),
('C34', 1, 13, 2),
('C34', 1, 14, 3),
('C34', 1, 15, 3),
('C34', 1, 16, 3),
('C34', 1, 17, 4),
('C34', 1, 18, 5),
('C34', 1, 19, 7),
('C34', 1, 20, 8),
('C34', 1, 21, 9),
('C34', 1, 22, 2),
('C35', 0, 9, 0),
('C35', 0, 10, 0),
('C35', 0, 11, 0),
('C35', 0, 12, 1),
('C35', 0, 13, 1),
('C35', 0, 14, 2),
('C35', 0, 15, 2),
('C35', 0, 16, 2),
('C35', 0, 17, 2),
('C35', 0, 18, 3),
('C35', 0, 19, 4),
('C35', 0, 20, 5),
('C35', 0, 21, 6),
('C35', 0, 22, 1),
('C35', 1, 9, 0),
('C35', 1, 10, 0),
('C35', 1, 11, 0),
('C35', 1, 12, 1),
('C35', 1, 13, 1),
('C35', 1, 14, 2),
('C35', 1, 15, 2),
('C35', 1, 16, 2),
('C35', 1, 17, 2),
('C35', 1, 18, 3),
('C35', 1, 19, 3),
('C35', 1, 20, 4),
('C35', 1, 21, 5),
('C35', 1, 22, 1),
('C3a', 0, 9, 0),
('C3a', 0, 10, 0),
('C3a', 0, 11, 0),
('C3a', 0, 12, 1),
('C3a', 0, 13, 1),
('C3a', 0, 14, 2),
('C3a', 0, 15, 2),
('C3a', 0, 16, 2),
('C3a', 0, 17, 3),
('C3a', 0, 18, 3),
('C3a', 0, 19, 4),
('C3a', 0, 20, 5),
('C3a', 0, 21, 6),
('C3a', 0, 22, 1),
('C3a', 1, 9, 0),
('C3a', 1, 10, 0),
('C3a', 1, 11, 0),
('C3a', 1, 12, 1),
('C3a', 1, 13, 1),
('C3a', 1, 14, 2),
('C3a', 1, 15, 2),
('C3a', 1, 16, 2),
('C3a', 1, 17, 3),
('C3a', 1, 18, 3),
('C3a', 1, 19, 3),
('C3a', 1, 20, 4),
('C3a', 1, 21, 5),
('C3a', 1, 22, 1),
('C4', 0, 9, 0),
('C4', 0, 10, 0),
('C4', 0, 11, 1),
('C4', 0, 12, 1),
('C4', 0, 13, 1),
('C4', 0, 14, 1),
('C4', 0, 15, 1),
('C4', 0, 16, 2),
('C4', 0, 17, 2),
('C4', 0, 18, 2),
('C4', 0, 19, 3),
('C4', 0, 20, 5),
('C4', 0, 21, 6),
('C4', 0, 22, 1),
('C4', 1, 9, 0),
('C4', 1, 10, 0),
('C4', 1, 11, 1),
('C4', 1, 12, 1),
('C4', 1, 13, 1),
('C4', 1, 14, 1),
('C4', 1, 15, 1),
('C4', 1, 16, 2),
('C4', 1, 17, 2),
('C4', 1, 18, 2),
('C4', 1, 19, 3),
('C4', 1, 20, 4),
('C4', 1, 21, 4),
('C4', 1, 22, 1),
('C5', 0, 9, 0),
('C5', 0, 10, 1),
('C5', 0, 11, 1),
('C5', 0, 12, 2),
('C5', 0, 13, 3),
('C5', 0, 14, 3),
('C5', 0, 15, 4),
('C5', 0, 16, 4),
('C5', 0, 17, 4),
('C5', 0, 18, 6),
('C5', 0, 19, 9),
('C5', 0, 20, 9),
('C5', 0, 21, 11),
('C5', 0, 22, 2),
('C5', 1, 9, 0),
('C5', 1, 10, 1),
('C5', 1, 11, 1),
('C5', 1, 12, 2),
('C5', 1, 13, 3),
('C5', 1, 14, 3),
('C5', 1, 15, 3),
('C5', 1, 16, 4),
('C5', 1, 17, 4),
('C5', 1, 18, 5),
('C5', 1, 19, 7),
('C5', 1, 20, 7),
('C5', 1, 21, 9),
('C5', 1, 22, 2),
('C5a', 0, 9, 0),
('C5a', 0, 10, 0),
('C5a', 0, 11, 0),
('C5a', 0, 12, 1),
('C5a', 0, 13, 1),
('C5a', 0, 14, 2),
('C5a', 0, 15, 2),
('C5a', 0, 16, 2),
('C5a', 0, 17, 3),
('C5a', 0, 18, 3),
('C5a', 0, 19, 4),
('C5a', 0, 20, 6),
('C5a', 0, 21, 7),
('C5a', 0, 22, 1),
('C5a', 1, 9, 0),
('C5a', 1, 10, 0),
('C5a', 1, 11, 0),
('C5a', 1, 12, 1),
('C5a', 1, 13, 1),
('C5a', 1, 14, 2),
('C5a', 1, 15, 2),
('C5a', 1, 16, 2),
('C5a', 1, 17, 3),
('C5a', 1, 18, 3),
('C5a', 1, 19, 3),
('C5a', 1, 20, 4),
('C5a', 1, 21, 5),
('C5a', 1, 22, 1),
('C6', 0, 9, 0),
('C6', 0, 10, 1),
('C6', 0, 11, 1),
('C6', 0, 12, 2),
('C6', 0, 13, 3),
('C6', 0, 14, 3),
('C6', 0, 15, 4),
('C6', 0, 16, 5),
('C6', 0, 17, 5),
('C6', 0, 18, 6),
('C6', 0, 19, 8),
('C6', 0, 20, 10),
('C6', 0, 21, 12),
('C6', 0, 22, 2),
('C6', 1, 9, 0),
('C6', 1, 10, 1),
('C6', 1, 11, 1),
('C6', 1, 12, 2),
('C6', 1, 13, 3),
('C6', 1, 14, 3),
('C6', 1, 15, 3),
('C6', 1, 16, 4),
('C6', 1, 17, 4),
('C6', 1, 18, 4),
('C6', 1, 19, 6),
('C6', 1, 20, 8),
('C6', 1, 21, 10),
('C6', 1, 22, 2),
('C7', 0, 9, 0),
('C7', 0, 10, 0),
('C7', 0, 11, 0),
('C7', 0, 12, 1),
('C7', 0, 13, 1),
('C7', 0, 14, 2),
('C7', 0, 15, 2),
('C7', 0, 16, 2),
('C7', 0, 17, 2),
('C7', 0, 18, 3),
('C7', 0, 19, 4),
('C7', 0, 20, 5),
('C7', 0, 21, 6),
('C7', 0, 22, 1),
('C7', 1, 9, 0),
('C7', 1, 10, 0),
('C7', 1, 11, 0),
('C7', 1, 12, 1),
('C7', 1, 13, 1),
('C7', 1, 14, 2),
('C7', 1, 15, 2),
('C7', 1, 16, 2),
('C7', 1, 17, 2),
('C7', 1, 18, 3),
('C7', 1, 19, 3),
('C7', 1, 20, 4),
('C7', 1, 21, 4),
('C7', 1, 22, 1),
('C7a', 0, 9, 0),
('C7a', 0, 10, 1),
('C7a', 0, 11, 1),
('C7a', 0, 12, 2),
('C7a', 0, 13, 2),
('C7a', 0, 14, 3),
('C7a', 0, 15, 3),
('C7a', 0, 16, 4),
('C7a', 0, 17, 5),
('C7a', 0, 18, 6),
('C7a', 0, 19, 8),
('C7a', 0, 20, 9),
('C7a', 0, 21, 10),
('C7a', 0, 22, 2),
('C7a', 1, 9, 0),
('C7a', 1, 10, 1),
('C7a', 1, 11, 1),
('C7a', 1, 12, 2),
('C7a', 1, 13, 2),
('C7a', 1, 14, 3),
('C7a', 1, 15, 3),
('C7a', 1, 16, 3),
('C7a', 1, 17, 4),
('C7a', 1, 18, 5),
('C7a', 1, 19, 7),
('C7a', 1, 20, 8),
('C7a', 1, 21, 8),
('C7a', 1, 22, 2),
('C8', 0, 9, 0),
('C8', 0, 10, 1),
('C8', 0, 11, 1),
('C8', 0, 12, 2),
('C8', 0, 13, 2),
('C8', 0, 14, 3),
('C8', 0, 15, 3),
('C8', 0, 16, 4),
('C8', 0, 17, 5),
('C8', 0, 18, 6),
('C8', 0, 19, 7),
('C8', 0, 20, 8),
('C8', 0, 21, 10),
('C8', 0, 22, 1),
('C8', 1, 9, 0),
('C8', 1, 10, 1),
('C8', 1, 11, 1),
('C8', 1, 12, 2),
('C8', 1, 13, 2),
('C8', 1, 14, 3),
('C8', 1, 15, 3),
('C8', 1, 16, 3),
('C8', 1, 17, 4),
('C8', 1, 18, 4),
('C8', 1, 19, 5),
('C8', 1, 20, 6),
('C8', 1, 21, 8),
('C8', 1, 22, 1),
('C9', 0, 9, 0),
('C9', 0, 10, 0),
('C9', 0, 11, 0),
('C9', 0, 12, 1),
('C9', 0, 13, 1),
('C9', 0, 14, 1),
('C9', 0, 15, 2),
('C9', 0, 16, 2),
('C9', 0, 17, 2),
('C9', 0, 18, 3),
('C9', 0, 19, 5),
('C9', 0, 20, 6),
('C9', 0, 21, 7),
('C9', 0, 22, 1),
('C9', 1, 9, 0),
('C9', 1, 10, 0),
('C9', 1, 11, 0),
('C9', 1, 12, 1),
('C9', 1, 13, 1),
('C9', 1, 14, 1),
('C9', 1, 15, 2),
('C9', 1, 16, 2),
('C9', 1, 17, 2),
('C9', 1, 18, 3),
('C9', 1, 19, 4),
('C9', 1, 20, 4),
('C9', 1, 21, 5),
('C9', 1, 22, 1);

-- --------------------------------------------------------

--
-- Estrutura da tabela `grupo_cnae`
--

CREATE TABLE IF NOT EXISTS `grupo_cnae` (
  `cipa` char(4) NOT NULL,
  `num_cnae` char(5) NOT NULL,
  PRIMARY KEY (`num_cnae`,`cipa`),
  KEY `FrKgrupo_cnae_cipa` (`cipa`)
) ENGINE=InnoDB DEFAULT CHARSET=utf8;

--
-- Extraindo dados da tabela `grupo_cnae`
--

INSERT INTO `grupo_cnae` (`cipa`, `num_cnae`) VALUES
('C1', '05003'),
('C1', '06000'),
('C1', '07103'),
('C1', '07219'),
('C1', '07227'),
('C1', '07235'),
('C1', '07243'),
('C1', '07251'),
('C1', '07294'),
('C1', '08100'),
('C1', '08916'),
('C1', '08924'),
('C1', '08932'),
('C1', '08991'),
('C1', '09106'),
('C1', '09904'),
('C1', '19101'),
('C1', '23206'),
('C1', '23915'),
('C10', '19322'),
('C10', '20118'),
('C10', '20126'),
('C10', '20134'),
('C10', '20142'),
('C10', '20193'),
('C10', '20215'),
('C10', '20223'),
('C10', '20291'),
('C10', '20312'),
('C10', '20321'),
('C10', '20339'),
('C10', '20401'),
('C10', '20517'),
('C10', '20525'),
('C10', '20614'),
('C10', '20622'),
('C10', '20631'),
('C10', '20711'),
('C10', '20720'),
('C10', '20738'),
('C10', '20916'),
('C10', '20932'),
('C10', '20941'),
('C10', '20991'),
('C10', '21106'),
('C10', '21211'),
('C10', '21220'),
('C10', '21238'),
('C10', '22218'),
('C10', '22226'),
('C10', '22234'),
('C10', '22293'),
('C10', '26809'),
('C10', '27210'),
('C10', '27228'),
('C10', '31047'),
('C11', '22111'),
('C11', '22129'),
('C11', '22196'),
('C12', '23117'),
('C12', '23125'),
('C12', '23192'),
('C12', '23303'),
('C12', '23419'),
('C12', '23427'),
('C12', '23494'),
('C12', '23923'),
('C12', '23991'),
('C12', '32116'),
('C12', '38327'),
('C12', '38394'),
('C13', '24113'),
('C13', '24121'),
('C13', '24211'),
('C13', '24229'),
('C13', '24237'),
('C13', '24245'),
('C13', '24318'),
('C13', '24393'),
('C13', '24415'),
('C13', '24423'),
('C13', '24431'),
('C13', '24491'),
('C13', '24512'),
('C13', '24521'),
('C13', '25110'),
('C13', '25136'),
('C13', '25314'),
('C13', '25322'),
('C13', '25390'),
('C13', '25926'),
('C14', '25128'),
('C14', '25217'),
('C14', '25225'),
('C14', '25411'),
('C14', '25420'),
('C14', '25438'),
('C14', '25918'),
('C14', '25934'),
('C14', '25993'),
('C14', '26108'),
('C14', '26213'),
('C14', '26221'),
('C14', '26311'),
('C14', '26329'),
('C14', '26400'),
('C14', '26515'),
('C14', '26523'),
('C14', '26604'),
('C14', '26701'),
('C14', '27104'),
('C14', '27317'),
('C14', '27325'),
('C14', '27333'),
('C14', '27406'),
('C14', '27511'),
('C14', '27597'),
('C14', '27902'),
('C14', '28119'),
('C14', '28127'),
('C14', '28135'),
('C14', '28143'),
('C14', '28151'),
('C14', '28216'),
('C14', '28224'),
('C14', '28232'),
('C14', '28241'),
('C14', '28259'),
('C14', '28321'),
('C14', '28330'),
('C14', '28402'),
('C14', '28518'),
('C14', '28526'),
('C14', '28542'),
('C14', '28615'),
('C14', '28623'),
('C14', '28631'),
('C14', '28640'),
('C14', '28658'),
('C14', '28666'),
('C14', '28691'),
('C14', '29450'),
('C14', '31021'),
('C14', '31039'),
('C14', '32302'),
('C14', '32400'),
('C14', '32507'),
('C14', '33112'),
('C14', '33121'),
('C14', '33139'),
('C14', '33147'),
('C14', '33198'),
('C14', '33210'),
('C14', '38319'),
('C14', '95126'),
('C14', '95215'),
('C14a', '28291'),
('C14a', '32124'),
('C14a', '32205'),
('C14a', '32914'),
('C14a', '32990'),
('C14a', '33295'),
('C14a', '95118'),
('C15', '20924'),
('C15', '25501'),
('C16', '28313'),
('C16', '28534'),
('C16', '29107'),
('C16', '29204'),
('C16', '29301'),
('C16', '29417'),
('C16', '29425'),
('C16', '29433'),
('C16', '29441'),
('C16', '29492'),
('C16', '29506'),
('C16', '30113'),
('C16', '30121'),
('C16', '30318'),
('C16', '30326'),
('C16', '30415'),
('C16', '30423'),
('C16', '30504'),
('C16', '30911'),
('C16', '30920'),
('C16', '30997'),
('C16', '33155'),
('C16', '33163'),
('C16', '33171'),
('C16', '45200'),
('C16', '45439'),
('C17', '35115'),
('C17', '35123'),
('C17', '35131'),
('C17', '35140'),
('C17', '35204'),
('C17', '35301'),
('C17', '36006'),
('C17', '37011'),
('C17', '37029'),
('C17', '38114'),
('C17', '38122'),
('C17', '38211'),
('C17', '38220'),
('C17', '39005'),
('C18', '42227'),
('C18', '42235'),
('C18', '42910'),
('C18', '42995'),
('C18', '43215'),
('C18', '43223'),
('C18', '43291'),
('C18', '43304'),
('C18', '43991'),
('C18a', '41204'),
('C18a', '42111'),
('C18a', '42120'),
('C18a', '42138'),
('C18a', '42219'),
('C18a', '42928'),
('C18a', '43118'),
('C18a', '43126'),
('C18a', '43134'),
('C18a', '43193'),
('C18a', '43916'),
('C19', '46117'),
('C19', '46141'),
('C19', '46150'),
('C19', '46168'),
('C19', '46176'),
('C19', '46184'),
('C19', '46192'),
('C1a', '19217'),
('C1a', '19225'),
('C1a', '19314'),
('C2', '10112'),
('C2', '10121'),
('C2', '10139'),
('C2', '10201'),
('C2', '10317'),
('C2', '10325'),
('C2', '10333'),
('C2', '10414'),
('C2', '10422'),
('C2', '10431'),
('C2', '10511'),
('C2', '10520'),
('C2', '10538'),
('C2', '10619'),
('C2', '10627'),
('C2', '10635'),
('C2', '10643'),
('C2', '10651'),
('C2', '10660'),
('C2', '10694'),
('C2', '10716'),
('C2', '10724'),
('C2', '10813'),
('C2', '10821'),
('C2', '10911'),
('C2', '10929'),
('C2', '10937'),
('C2', '10945'),
('C2', '10953'),
('C2', '10961'),
('C2', '10996'),
('C2', '11119'),
('C2', '11127'),
('C2', '11135'),
('C2', '11216'),
('C2', '11224'),
('C2', '12107'),
('C2', '12204'),
('C20', '46133'),
('C20', '46214'),
('C20', '46222'),
('C20', '46231'),
('C20', '46311'),
('C20', '46320'),
('C20', '46338'),
('C20', '46346'),
('C20', '46354'),
('C20', '46362'),
('C20', '46371'),
('C20', '46397'),
('C20', '46419'),
('C20', '46427'),
('C20', '46435'),
('C20', '46443'),
('C20', '46451'),
('C20', '46478'),
('C20', '46494'),
('C20', '46516'),
('C20', '46524'),
('C20', '46613'),
('C20', '46621'),
('C20', '46630'),
('C20', '46648'),
('C20', '46656'),
('C20', '46699'),
('C20', '46711'),
('C20', '46729'),
('C20', '46737'),
('C20', '46745'),
('C20', '46796'),
('C20', '46851'),
('C20', '46869'),
('C20', '46893'),
('C20', '46915'),
('C20', '46923'),
('C20', '46931'),
('C21', '45111'),
('C21', '45129'),
('C21', '45307'),
('C21', '45412'),
('C21', '45421'),
('C21', '47113'),
('C21', '47121'),
('C21', '47130'),
('C21', '47211'),
('C21', '47229'),
('C21', '47237'),
('C21', '47245'),
('C21', '47296'),
('C21', '47415'),
('C21', '47423'),
('C21', '47431'),
('C21', '47440'),
('C21', '47512'),
('C21', '47521'),
('C21', '47539'),
('C21', '47547'),
('C21', '47555'),
('C21', '47563'),
('C21', '47571'),
('C21', '47598'),
('C21', '47610'),
('C21', '47628'),
('C21', '47636'),
('C21', '47717'),
('C21', '47725'),
('C21', '47733'),
('C21', '47741'),
('C21', '47814'),
('C21', '47822'),
('C21', '47831'),
('C21', '47857'),
('C21', '47890'),
('C21', '47903'),
('C22', '46125'),
('C22', '46460'),
('C22', '46818'),
('C22', '46826'),
('C22', '46834'),
('C22', '46842'),
('C22', '46877'),
('C22', '47318'),
('C22', '47326'),
('C22', '47849'),
('C23', '55108'),
('C23', '55906'),
('C23', '56112'),
('C23', '56121'),
('C23', '56201'),
('C23', '88006'),
('C24', '49400'),
('C24', '49507'),
('C24', '50220'),
('C24', '50912'),
('C24', '50998'),
('C24', '51111'),
('C24', '51129'),
('C24', '51200'),
('C24', '52117'),
('C24', '52125'),
('C24', '52401'),
('C24a', '50301'),
('C24a', '52214'),
('C24a', '52222'),
('C24a', '52231'),
('C24a', '52290'),
('C24a', '52311'),
('C24a', '52320'),
('C24a', '52397'),
('C24a', '52508'),
('C24b', '50114'),
('C24b', '50122'),
('C24b', '50211'),
('C24b', '51307'),
('C24c', '49213'),
('C24c', '49221'),
('C24c', '49230'),
('C24c', '49248'),
('C24c', '49299'),
('C24c', '49302'),
('C24d', '49116'),
('C24d', '49124'),
('C25', '53105'),
('C25', '53202'),
('C25', '61108'),
('C25', '61205'),
('C25', '61302'),
('C25', '61418'),
('C25', '61426'),
('C25', '61434'),
('C25', '61906'),
('C26', '65111'),
('C26', '65120'),
('C26', '65201'),
('C26', '65308'),
('C26', '65413'),
('C26', '65421'),
('C26', '65502'),
('C27', '66118'),
('C27', '66126'),
('C27', '66193'),
('C27', '66215'),
('C27', '66223'),
('C27', '66291'),
('C27', '66304'),
('C28', '64107'),
('C28', '64212'),
('C28', '64221'),
('C28', '64239'),
('C28', '64247'),
('C28', '64310'),
('C28', '64328'),
('C28', '64336'),
('C28', '64344'),
('C28', '64352'),
('C28', '64361'),
('C28', '64379'),
('C28', '64409'),
('C28', '64506'),
('C28', '64611'),
('C28', '64638'),
('C28', '64701'),
('C28', '64913'),
('C28', '64921'),
('C28', '64930'),
('C28', '64999'),
('C28', '66134'),
('C28', '77403'),
('C29', '41107'),
('C29', '64620'),
('C29', '68102'),
('C29', '68218'),
('C29', '68226'),
('C29', '69117'),
('C29', '69125'),
('C29', '69206'),
('C29', '70107'),
('C29', '70204'),
('C29', '73203'),
('C29', '77217'),
('C29', '77225'),
('C29', '77233'),
('C29', '77292'),
('C29', '79112'),
('C29', '79121'),
('C29', '79902'),
('C29', '81117'),
('C29', '85503'),
('C29', '94111'),
('C29', '94120'),
('C29', '94201'),
('C29', '94308'),
('C29', '94910'),
('C29', '94928'),
('C29', '94936'),
('C29', '94995'),
('C3', '13111'),
('C3', '13120'),
('C3', '13138'),
('C3', '13146'),
('C3', '13219'),
('C3', '13227'),
('C3', '13235'),
('C3', '13405'),
('C30', '80111'),
('C30', '80129'),
('C30', '80200'),
('C30', '80307'),
('C30', '81214'),
('C30', '81222'),
('C30', '81290'),
('C30', '81303'),
('C30', '96017'),
('C31', '85112'),
('C31', '85121'),
('C31', '85139'),
('C31', '85201'),
('C31', '85317'),
('C31', '85325'),
('C31', '85333'),
('C31', '85414'),
('C31', '85422'),
('C31', '85911'),
('C31', '85929'),
('C31', '85937'),
('C31', '85996'),
('C31', '91015'),
('C31', '91023'),
('C31', '91031'),
('C31', '93115'),
('C31', '93123'),
('C31', '93131'),
('C31', '93191'),
('C32', '71201'),
('C32', '72100'),
('C32', '72207'),
('C33', '84116'),
('C33', '84124'),
('C33', '84132'),
('C33', '84213'),
('C33', '84221'),
('C33', '84230'),
('C33', '84248'),
('C33', '84256'),
('C33', '84302'),
('C33', '99008'),
('C34', '75001'),
('C34', '86101'),
('C34', '86216'),
('C34', '86224'),
('C34', '86305'),
('C34', '86402'),
('C34', '86500'),
('C34', '86607'),
('C34', '86909'),
('C34', '87115'),
('C34', '87123'),
('C34', '87204'),
('C34', '87301'),
('C34', '96033'),
('C35', '62015'),
('C35', '62023'),
('C35', '62031'),
('C35', '62040'),
('C35', '62091'),
('C35', '63119'),
('C35', '63194'),
('C35', '63992'),
('C35', '71111'),
('C35', '71120'),
('C35', '71197'),
('C35', '73114'),
('C35', '73122'),
('C35', '73190'),
('C35', '74102'),
('C35', '74901'),
('C35', '77110'),
('C35', '77195'),
('C35', '77314'),
('C35', '77322'),
('C35', '77331'),
('C35', '77390'),
('C35', '78108'),
('C35', '78205'),
('C35', '78302'),
('C35', '81125'),
('C35', '82113'),
('C35', '82199'),
('C35', '82202'),
('C35', '82300'),
('C35', '82911'),
('C35', '82920'),
('C35', '82997'),
('C35', '92003'),
('C35', '93212'),
('C35', '93298'),
('C35', '95291'),
('C35', '96025'),
('C35', '96092'),
('C35', '97005'),
('C3a', '13308'),
('C3a', '13511'),
('C3a', '13529'),
('C3a', '13537'),
('C3a', '13545'),
('C3a', '13596'),
('C3a', '14215'),
('C3a', '14223'),
('C4', '14118'),
('C4', '14126'),
('C4', '14134'),
('C4', '14142'),
('C4', '32922'),
('C5', '15106'),
('C5', '15319'),
('C5', '15327'),
('C5', '15335'),
('C5', '15394'),
('C5', '15408'),
('C5a', '15211'),
('C5a', '15297'),
('C6', '16102'),
('C6', '16218'),
('C6', '16226'),
('C6', '16234'),
('C6', '16293'),
('C6', '31012'),
('C7', '17311'),
('C7', '17320'),
('C7', '17338'),
('C7', '17419'),
('C7', '17427'),
('C7', '17494'),
('C7a', '17109'),
('C7a', '17214'),
('C7a', '17222'),
('C8', '18113'),
('C8', '18121'),
('C8', '18130'),
('C8', '18211'),
('C8', '18229'),
('C8', '58115'),
('C8', '58123'),
('C8', '58131'),
('C8', '58191'),
('C8', '58212'),
('C8', '58221'),
('C8', '58239'),
('C8', '58298'),
('C8', '63917'),
('C9', '18300'),
('C9', '59111'),
('C9', '59120'),
('C9', '59138'),
('C9', '59146'),
('C9', '59201'),
('C9', '60101'),
('C9', '60217'),
('C9', '60225'),
('C9', '74200'),
('C9', '90019'),
('C9', '90027'),
('C9', '90035');

-- --------------------------------------------------------

--
-- Estrutura da tabela `intervalo`
--

CREATE TABLE IF NOT EXISTS `intervalo` (
  `id_intervalo` int(4) NOT NULL AUTO_INCREMENT,
  `minimo` int(5) NOT NULL,
  `maximo` int(5) NOT NULL,
  PRIMARY KEY (`id_intervalo`)
) ENGINE=InnoDB  DEFAULT CHARSET=utf8 AUTO_INCREMENT=23 ;

--
-- Extraindo dados da tabela `intervalo`
--

INSERT INTO `intervalo` (`id_intervalo`, `minimo`, `maximo`) VALUES
(1, 50, 100),
(2, 101, 250),
(3, 251, 500),
(4, 501, 1000),
(5, 1001, 2000),
(6, 2001, 3500),
(7, 3501, 5000),
(8, 5001, 99999),
(9, 0, 19),
(10, 20, 29),
(11, 30, 50),
(12, 51, 80),
(13, 81, 100),
(14, 101, 120),
(15, 121, 140),
(16, 141, 300),
(17, 301, 500),
(18, 501, 1000),
(19, 1001, 2500),
(20, 2501, 5000),
(21, 5001, 10000),
(22, 10001, 99999);

-- --------------------------------------------------------

--
-- Estrutura da tabela `observacao`
--

CREATE TABLE IF NOT EXISTS `observacao` (
  `id_observacao` int(4) NOT NULL AUTO_INCREMENT,
  `observacao` text NOT NULL,
  PRIMARY KEY (`id_observacao`)
) ENGINE=InnoDB  DEFAULT CHARSET=utf8 AUTO_INCREMENT=4 ;

--
-- Extraindo dados da tabela `observacao`
--

INSERT INTO `observacao` (`id_observacao`, `observacao`) VALUES
(1, 'Tempo parcial (mínimo de três horas)'),
(2, 'O dimensionamento total deverá ser feito levando-se em consideração o dimensionamento da faixa de 3.501 a 5.000 mais o dimensionamento do(s) grupo(s) de 4.000 ou fração de 2.000.'),
(3, 'Hospitais, Ambulatórios, Maternidades, Casas de Saúde e Repouso, Clínicas e estabelecimentos similares com mais de 500 (quinhentos) empregados deverão contratar um Enfermeiro do Trabalho em tempo integral.');

-- --------------------------------------------------------

--
-- Estrutura da tabela `risco`
--

CREATE TABLE IF NOT EXISTS `risco` (
  `id_risco` int(4) NOT NULL AUTO_INCREMENT,
  `risco` int(1) NOT NULL,
  `descricao` text NOT NULL,
  PRIMARY KEY (`id_risco`)
) ENGINE=InnoDB  DEFAULT CHARSET=utf8 AUTO_INCREMENT=5 ;

--
-- Extraindo dados da tabela `risco`
--

INSERT INTO `risco` (`id_risco`, `risco`, `descricao`) VALUES
(1, 1, 'Baixo Risco'),
(2, 2, 'Médio-Baixo Risco'),
(3, 3, 'Médio-Alto Risco'),
(4, 4, 'Alto Risco');

--
-- Constraints for dumped tables
--

--
-- Limitadores para a tabela `cnae`
--
ALTER TABLE `cnae`
  ADD CONSTRAINT `FrKrisco_cnae` FOREIGN KEY (`id_risco`) REFERENCES `risco` (`id_risco`);

--
-- Limitadores para a tabela `empregado_obrigatorio`
--
ALTER TABLE `empregado_obrigatorio`
  ADD CONSTRAINT `FrKempregado_obrigatorio_risco` FOREIGN KEY (`id_risco`) REFERENCES `risco` (`id_risco`),
  ADD CONSTRAINT `FrKempregado_obrigatorio_intervalo` FOREIGN KEY (`id_intervalo`) REFERENCES `intervalo` (`id_intervalo`),
  ADD CONSTRAINT `FrKempregado_obrigatorio_empregado` FOREIGN KEY (`id_empregado`) REFERENCES `empregado` (`id_empregado`),
  ADD CONSTRAINT `FrKempregado_obrigatorio_observacao` FOREIGN KEY (`id_observacao`) REFERENCES `observacao` (`id_observacao`);

--
-- Limitadores para a tabela `grupo_cipa`
--
ALTER TABLE `grupo_cipa`
  ADD CONSTRAINT `FrKgrupo_cipa_grupo` FOREIGN KEY (`cipa`) REFERENCES `grupo` (`cipa`),
  ADD CONSTRAINT `FrKgrupo_cipa_intervalo` FOREIGN KEY (`id_intervalo`) REFERENCES `intervalo` (`id_intervalo`);

--
-- Limitadores para a tabela `grupo_cnae`
--
ALTER TABLE `grupo_cnae`
  ADD CONSTRAINT `FrKgrupo_cnae_cnae` FOREIGN KEY (`num_cnae`) REFERENCES `cnae` (`num_cnae`),
  ADD CONSTRAINT `FrKgrupo_cnae_cipa` FOREIGN KEY (`cipa`) REFERENCES `grupo` (`cipa`);

/*!40101 SET CHARACTER_SET_CLIENT=@OLD_CHARACTER_SET_CLIENT */;
/*!40101 SET CHARACTER_SET_RESULTS=@OLD_CHARACTER_SET_RESULTS */;
/*!40101 SET COLLATION_CONNECTION=@OLD_COLLATION_CONNECTION */;
